data;horario;n_da_ocorrencia;tipo_de_ocorrencia;km;trecho;sentido;tipo_de_acidente;automovel;bicicleta;caminhao;moto;onibus;outros;tracao_animal;transporte_de_cargas_especiais;trator_maquinas;utilitarios;ilesos;levemente_feridos;moderadamente_feridos;gravemente_feridos;mortos
"05/05/2010";"23:36:00";"116";"com vítima";"510,5";"BR-116/RS";"Norte";"Colisão com Objeto Fixo";0;1;0;1;0;0;0;0;0;0;0;1;2;0;0
"06/05/2010";"21:16:00";"110";"sem vítima";"525,3";"BR-116/RS";"Sul";"Saída de Pista";2;0;0;0;0;0;0;0;0;0;3;0;0;0;0
"07/05/2010";"06:50:00";"15";"com vítima";"454,6";"BR-116/RS";"Sul";"Abalr.Transversal";2;0;1;0;0;0;0;0;0;0;2;0;0;1;2
"07/05/2010";"08:28:00";"20";"com vítima";"71,3";"BR-392/RS";"Sul";"Colisão Traseira";0;1;0;1;0;0;0;0;0;0;0;1;1;0;0
"07/05/2010";"13:22:00";"65";"com vítima";"450,9";"BR-116/RS";"Norte";"Saída de Pista";0;0;1;0;1;0;0;0;0;0;3;0;0;1;0
"08/05/2010";"10:11:00";"36";"com vítima";"1,1";"BR-392/RS";"Norte";"Abalr.Transversal";0;0;0;1;0;0;0;0;0;0;0;1;0;0;0
"08/05/2010";"20:12:00";"88";"com vítima";"18,5";"BR-392/RS";"Norte";"Colisão Traseira";1;0;1;0;0;0;0;0;0;0;1;0;2;1;0
"09/05/2010";"00:30:00";"2";"com vítima";"440,3";"BR-116/RS";"Norte";"Saída de Pista";0;0;0;2;0;0;0;0;0;0;2;1;0;0;0
"09/05/2010";"01:46:00";"4";"com vítima";"75";"BR-293/RS";"Norte";"Saída de Pista";2;0;0;0;0;0;0;0;0;0;4;1;0;0;0
"09/05/2010";"05:34:00";"16";"sem vítima";"506,1";"BR-116/RS";"Norte";"Saída de Pista";1;0;0;0;0;0;0;0;0;0;3;0;0;0;0
"09/05/2010";"06:39:00";"18";"com vítima";"145,6";"BR-392/RS";"Sul";"Colisão Frontal";2;0;0;0;0;0;0;0;0;0;1;1;0;0;0
"09/05/2010";"07:03:00";"19";"sem vítima";"513,1";"BR-116/RS";"Norte";"Saída de Pista";1;0;0;0;0;0;0;0;0;0;3;0;0;0;0
"09/05/2010";"16:27:00";"59";"sem vítima";"92,4";"BR-392/RS";"Sul";"Colisão Traseira";2;0;0;0;0;0;0;0;0;0;8;0;0;0;0
"09/05/2010";"18:08:00";"72";"sem vítima";"26";"BR-392/RS";"Norte";"Colisão com Objeto Fixo";1;0;0;0;0;0;0;0;0;0;1;0;0;0;0
"09/05/2010";"18:37:00";"73";"sem vítima";"18";"BR-392/RS";"Sul";"Abalr.Transversal";1;0;0;0;1;1;0;0;0;0;2;0;0;0;0
"09/05/2010";"21:49:00";"88";"com vítima";"22,6";"BR-392/RS";"Norte";"Atropelamento de Animal";0;0;1;1;0;0;0;0;0;0;2;0;0;0;1
"10/05/2010";"10:12:00";"30";"com vítima";"66";"BR-392/RS";"Sul";"Abalr.Transversal";1;0;0;0;0;0;0;0;0;0;2;1;0;0;0
"10/05/2010";"10:15:00";"31";"sem vítima";"520";"BR-116/RS";"Sul";"Saída de Pista";0;0;1;0;0;0;0;0;0;0;1;0;0;0;0
"10/05/2010";"13:23:00";"56";"com vítima";"112,4";"BR-392/RS";"Sul";"Saída de Pista";0;0;1;1;0;0;0;0;0;0;1;1;0;0;0
"10/05/2010";"18:26:00";"78";"sem vítima";"42,6";"BR-392/RS";"Sul";"Atropelamento";1;0;0;0;0;0;0;0;0;0;5;0;0;0;0
"10/05/2010";"20:01:00";"87";"sem vítima";"59,2";"BR-392/RS";"Sul";"Colisão com Objeto Fixo";1;0;0;0;0;0;0;0;0;0;2;0;0;0;0
"11/05/2010";"09:28:00";"30";"com vítima";"55,4";"BR-392/RS";"Norte";"Colisão Traseira";0;0;1;0;0;1;0;0;0;0;1;0;0;1;0
"11/05/2010";"10:02:00";"34";"com vítima";"530,1";"BR-116/RS";"Sul";"Abalr.Transversal";0;0;1;0;0;0;0;0;0;0;0;1;0;0;0
"11/05/2010";"13:04:00";"57";"sem vítima";"517,3";"BR-116/RS";"Norte";"Abalr.Transversal";1;0;1;0;0;0;0;0;0;0;3;0;0;0;0
"11/05/2010";"13:38:00";"59";"sem vítima";"476,9";"BR-116/RS";"Sul";"Saída de Pista";0;0;1;0;0;0;0;0;0;0;1;0;0;0;0
"11/05/2010";"23:25:00";"98";"sem vítima";"117,6";"BR-392/RS";"Sul";"Tombamento";1;0;0;0;0;0;0;0;0;0;2;0;0;0;0
"12/05/2010";"06:17:00";"9";"com vítima";"90,3";"BR-392/RS";"Sul";"Saída de Pista";0;0;0;1;0;0;0;0;0;0;0;0;1;0;0
"12/05/2010";"12:41:00";"64";"sem vítima";"19,4";"BR-392/RS";"Norte";"Saída de Pista";1;0;0;0;0;0;0;0;0;0;1;0;0;0;0
"13/05/2010";"07:47:00";"15";"sem vítima";"76,3";"BR-392/RS";"Sul";"Abalr.Transversal";1;0;0;0;0;0;0;0;0;0;1;0;0;0;0
"13/05/2010";"09:36:00";"23";"com vítima";"15,7";"BR-293/RS";"Norte";"Abalr.Transversal";2;0;0;0;0;0;0;0;0;0;2;2;0;0;0
"13/05/2010";"18:26:00";"85";"sem vítima";"530,9";"BR-116/RS";"Sul";"Abalr.Sentido Oposto";1;0;0;0;0;0;0;0;0;0;1;0;0;0;0
"14/05/2010";"08:55:00";"25";"com vítima";"3";"BR-392/RS";"Sul";"Saída de Pista";1;0;0;0;0;0;0;0;0;0;0;0;1;0;0
"16/05/2010";"18:58:00";"90";"sem vítima";"19,8";"BR-392/RS";"Norte";"Abalr.Transversal";0;0;2;0;0;0;0;0;0;0;2;0;0;0;0
"17/05/2010";"08:29:00";"20";"com vítima";"117,9";"BR-392/RS";"Sul";"Colisão Traseira";2;0;0;0;0;0;0;0;0;0;1;1;0;0;0
"17/05/2010";"14:33:00";"72";"com vítima";"523,5";"BR-116/RS";"Sul";"Colisão Traseira";1;0;0;0;0;0;0;0;0;0;0;0;1;0;0
"18/05/2010";"11:26:00";"36";"com vítima";"194,7";"BR-392/RS";"Sul";"Saída de Pista";0;0;0;1;0;0;0;0;0;0;0;0;1;0;0
"18/05/2010";"11:31:00";"38";"com vítima";"121,5";"BR-392/RS";"Sul";"Saída de Pista";3;0;0;0;0;0;0;0;0;0;4;1;0;0;0
"18/05/2010";"13:35:00";"52";"com vítima";"512,5";"BR-116/RS";"Norte";"Saída de Pista";0;0;0;1;0;0;0;0;0;0;0;1;0;0;0
"18/05/2010";"18:19:00";"81";"com vítima";"524,7";"BR-116/RS";"Sul";"Abalr.Transversal";0;0;1;0;0;0;0;0;0;0;0;1;0;0;0
"19/05/2010";"07:32:00";"16";"sem vítima";"4,2";"BR-392/RS";"Norte";"Abalr.Transversal";1;0;0;0;0;0;0;0;0;0;1;0;0;0;0
"19/05/2010";"14:04:00";"51";"sem vítima";"16,1";"BR-392/RS";"Norte";"Colisão com Objeto Fixo";2;0;0;0;0;0;0;0;0;0;4;0;0;0;0
"20/05/2010";"17:52:00";"70";"com vítima";"150,6";"BR-392/RS";"Norte";"Abalr.Transversal";0;0;1;1;0;0;0;0;0;0;1;1;0;0;0
"21/05/2010";"00:49:00";"2";"com vítima";"72,2";"BR-392/RS";"Sul";"Tombamento";2;0;0;0;1;0;0;0;0;0;2;1;0;0;0
"21/05/2010";"16:13:00";"67";"com vítima";"525,9";"BR-116/RS";"Norte";"Abalr.Transversal";0;0;0;1;0;0;0;0;0;0;0;0;1;0;0
"21/05/2010";"19:23:00";"92";"sem vítima";"427";"BR-116/RS";"Sul";"Colisão Traseira";2;0;0;0;0;0;0;0;0;0;9;0;0;0;0
"22/05/2010";"02:56:00";"15";"com vítima";"26,8";"BR-392/RS";"Sul";"Colisão com Objeto Fixo";1;0;0;0;0;0;0;0;0;0;0;0;1;0;0
"22/05/2010";"20:23:00";"95";"sem vítima";"598,3";"BR-116/RS";"Sul";"Atropelamento de Animal";0;0;1;0;0;0;0;0;0;0;1;0;0;0;0
"22/05/2010";"23:18:00";"101";"sem vítima";"581,8";"BR-116/RS";"Norte";"Capotamento";1;0;0;0;0;0;0;0;0;0;1;0;0;0;0
"23/05/2010";"02:02:00";"3";"com vítima";"21,7";"BR-392/RS";"Sul";"Outros tipos de acidente";0;0;1;0;0;0;0;0;0;0;0;1;0;0;0
"23/05/2010";"16:11:00";"56";"com vítima";"182,3";"BR-392/RS";"Sul";"Colisão com Objeto Fixo";2;0;0;0;0;0;0;0;0;0;3;1;0;0;0
"23/05/2010";"17:51:00";"63";"com vítima";"526,7";"BR-116/RS";"Norte";"Colisão Traseira";0;0;3;0;0;0;0;0;0;0;2;1;0;0;0
"23/05/2010";"19:40:00";"78";"com vítima";"513,4";"BR-116/RS";"Sul";"Abalr.Transversal";0;0;1;0;0;0;0;0;0;0;0;0;1;0;0
"24/05/2010";"01:33:00";"4";"com vítima";"150";"BR-392/RS";"Sul";"Saída de Pista";0;0;2;0;0;0;0;0;0;0;0;0;1;0;1
"24/05/2010";"18:52:00";"81";"com vítima";"519,8";"BR-116/RS";"Sul";"Capotamento";1;0;2;0;0;0;0;0;0;0;3;0;1;0;0
"25/05/2010";"09:55:00";"39";"sem vítima";"99,4";"BR-392/RS";"Sul";"Tombamento";0;0;1;0;0;1;0;0;0;0;2;0;0;0;0
"26/05/2010";"10:06:00";"28";"com vítima";"450,1";"BR-116/RS";"Sul";"Abalr.Mesmo Sentido";1;0;1;0;0;0;0;0;0;0;1;1;0;0;0
"26/05/2010";"22:17:00";"97";"sem vítima";"400,6";"BR-116/RS";"Norte";"Tombamento";1;0;1;0;0;0;0;0;0;0;2;0;0;0;0
"26/05/2010";"23:27:00";"101";"com vítima";"427,6";"BR-116/RS";"Sul";"Saída de Pista";2;0;0;0;0;0;0;0;0;0;0;0;2;1;0
"27/05/2010";"07:34:00";"18";"sem vítima";"564,2";"BR-116/RS";"Norte";"Saída de Pista";1;0;0;0;0;0;0;0;0;0;1;0;0;0;0
"27/05/2010";"08:29:00";"22";"com vítima";"419,1";"BR-116/RS";"Norte";"Saída de Pista";1;0;1;1;0;0;0;0;0;0;3;0;1;0;0
"27/05/2010";"08:47:00";"27";"sem vítima";"517";"BR-116/RS";"Norte";"Abalr.Mesmo Sentido";1;0;0;0;0;0;0;0;0;0;1;0;0;0;0
"27/05/2010";"09:04:00";"30";"sem vítima";"96,1";"BR-392/RS";"Norte";"Colisão Frontal";1;0;0;0;0;0;0;0;0;0;3;0;0;0;0
"27/05/2010";"15:09:00";"58";"sem vítima";"121";"BR-293/RS";"Norte";"Saída de Pista";1;0;0;0;0;0;0;0;0;0;2;0;0;0;0
"27/05/2010";"18:52:00";"79";"sem vítima";"565,8";"BR-116/RS";"Sul";"Saída de Pista";0;0;1;0;0;0;0;0;0;0;1;0;0;0;0
"28/05/2010";"13:06:00";"52";"sem vítima";"41,4";"BR-392/RS";"Sul";"Outros tipos de acidente";1;0;1;0;1;0;0;0;0;0;3;0;0;0;0
"28/05/2010";"17:28:00";"70";"com vítima";"61,1";"BR-392/RS";"Sul";"Colisão Traseira";1;0;0;0;0;0;0;0;0;0;1;0;0;0;1
"28/05/2010";"17:54:00";"73";"sem vítima";"613,6";"BR-116/RS";"Sul";"Colisão Traseira";0;0;1;0;0;0;0;0;0;0;1;0;0;0;0
"28/05/2010";"19:04:00";"88";"com vítima";"3";"BR-392/RS";"Sul";"Colisão Traseira";1;0;1;0;0;0;0;0;0;0;2;1;0;0;0
"29/05/2010";"05:39:00";"24";"com vítima";"41,4";"BR-392/RS";"Sul";"Saída de Pista";0;0;0;1;0;0;0;0;0;0;0;0;1;0;0
"29/05/2010";"10:03:00";"45";"com vítima";"474,1";"BR-116/RS";"Sul";"Saída de Pista";0;0;0;1;0;0;0;0;0;0;0;1;0;0;0
"31/05/2010";"11:11:00";"33";"com vítima";"131";"BR-392/RS";"Norte";"Colisão Traseira";1;0;0;0;1;0;0;0;0;0;1;1;0;0;0
"01/06/2010";"06:30:00";"14";"com vítima";"9";"BR-392/RS";"Sul";"Colisão Traseira";0;0;0;0;1;0;0;0;0;0;27;1;0;0;0
"02/06/2010";"06:33:00";"14";"com vítima";"0,2";"BR-392/RS";"Sul";"Atropelamento de Animal";0;0;1;0;0;0;0;0;0;0;0;1;0;0;0
"02/06/2010";"07:06:00";"15";"sem vítima";"15,8";"BR-392/RS";"Sul";"Abalr.Transversal";1;0;1;0;0;0;0;0;0;0;2;0;0;0;0
"02/06/2010";"17:18:00";"83";"com vítima";"157,2";"BR-392/RS";"Norte";"Abalr.Mesmo Sentido";2;0;1;0;0;0;0;0;0;0;2;1;0;0;0
"02/06/2010";"18:44:00";"91";"com vítima";"0,5";"BR-604/RS";"Sul";"Abalr.Transversal";0;0;1;0;0;0;0;0;0;0;0;1;0;0;0
"02/06/2010";"19:01:00";"93";"sem vítima";"490,5";"BR-116/RS";"Norte";"Saída de Pista";1;0;0;0;0;0;0;0;0;0;1;0;0;0;0
"03/06/2010";"05:30:00";"15";"sem vítima";"56,7";"BR-392/RS";"Norte";"Atropelamento de Animal";1;0;0;0;0;0;0;0;0;0;2;0;0;0;0
"03/06/2010";"06:41:00";"17";"com vítima";"612,4";"BR-116/RS";"Norte";"Atropelamento de Animal";1;0;1;0;0;0;0;0;0;0;1;0;1;0;1
"03/06/2010";"06:42:00";"18";"com vítima";"612,4";"BR-116/RS";"Sul";"Atropelamento de Animal";0;0;1;0;0;0;0;0;0;0;0;1;0;0;0
"03/06/2010";"08:47:00";"28";"com vítima";"483,2";"BR-116/RS";"Sul";"Tombamento";1;0;0;1;0;0;0;0;0;0;1;1;0;0;0
"04/06/2010";"09:18:00";"26";"com vítima";"433,3";"BR-116/RS";"Sul";"Saída de Pista";0;1;1;1;0;0;0;0;0;0;1;0;1;0;1
"04/06/2010";"19:24:00";"96";"com vítima";"526,8";"BR-116/RS";"Norte";"Abalr.Transversal";1;0;0;0;0;0;0;0;0;0;3;0;2;0;0
"05/06/2010";"01:14:00";"8";"com vítima";"425";"BR-116/RS";"Sul";"Colisão Frontal";1;0;0;0;0;0;0;0;0;0;3;0;1;0;0
"05/06/2010";"22:44:00";"102";"sem vítima";"485,8";"BR-116/RS";"Norte";"Abalr.Transversal";1;0;0;0;0;0;0;0;0;0;3;0;0;0;0
"06/06/2010";"16:23:00";"61";"sem vítima";"71,8";"BR-392/RS";"Sul";"Colisão Traseira";1;0;0;1;0;0;0;0;0;0;2;0;0;0;0
"06/06/2010";"18:30:00";"80";"sem vítima";"25";"BR-392/RS";"Sul";"Abalr.Transversal";0;0;2;0;0;0;0;0;0;0;2;0;0;0;0
"06/06/2010";"19:15:00";"87";"sem vítima";"32,3";"BR-293/RS";"Norte";"Colisão Traseira";1;0;0;0;0;0;0;0;0;0;4;0;0;0;0
"06/06/2010";"20:40:00";"91";"com vítima";"524,3";"BR-116/RS";"Norte";"Abalr.Transversal";0;0;0;2;0;0;0;0;0;0;2;0;1;0;0
"06/06/2010";"21:12:00";"96";"sem vítima";"66,1";"BR-392/RS";"Sul";"Abalr.Transversal";0;0;1;0;0;0;0;0;0;0;1;0;0;0;0
"07/06/2010";"09:15:00";"27";"com vítima";"55,7";"BR-392/RS";"Sul";"Abalr.Transversal";0;0;0;1;0;0;0;0;0;0;0;1;1;0;0
"07/06/2010";"18:23:00";"76";"com vítima";"10,2";"BR-392/RS";"Sul";"Tombamento";0;0;1;0;1;0;0;0;0;0;8;1;0;0;0
"08/06/2010";"16:35:00";"72";"sem vítima";"51,2";"BR-392/RS";"Norte";"Saída de Pista";1;0;1;0;0;0;0;0;0;0;3;0;0;0;0
"08/06/2010";"18:59:00";"91";"sem vítima";"26,5";"BR-392/RS";"Sul";"Colisão Traseira";0;0;1;0;0;0;0;0;0;0;1;0;0;0;0
"09/06/2010";"16:11:00";"70";"sem vítima";"529,5";"BR-116/RS";"Sul";"Abalr.Mesmo Sentido";0;0;1;0;0;0;0;0;0;0;1;0;0;0;0
"09/06/2010";"19:53:00";"94";"sem vítima";"522,8";"BR-116/RS";"Sul";"Abalr.Mesmo Sentido";1;0;0;0;0;0;0;0;0;0;3;0;0;0;0
"10/06/2010";"04:09:00";"16";"sem vítima";"3,9";"BR-392/RS";"Norte";"Saída de Pista";1;0;1;0;0;0;0;0;0;0;2;0;0;0;0
"10/06/2010";"06:27:00";"20";"com vítima";"18,2";"BR-392/RS";"Sul";"Colisão Traseira";2;0;0;0;0;0;0;0;0;0;5;1;0;0;0
"10/06/2010";"08:01:00";"24";"sem vítima";"54,2";"BR-392/RS";"Norte";"Saída de Pista";1;0;2;0;0;0;0;0;0;0;3;0;0;0;0
"10/06/2010";"13:36:00";"64";"com vítima";"57,5";"BR-392/RS";"Norte";"Saída de Pista";0;1;0;1;0;0;0;0;0;0;1;0;1;0;0
"10/06/2010";"13:58:00";"69";"com vítima";"194";"BR-392/RS";"Sul";"Saída de Pista";0;0;1;0;0;0;0;0;0;0;0;1;0;0;0
"11/06/2010";"19:33:00";"112";"sem vítima";"14,9";"BR-293/RS";"Norte";"Colisão Traseira";0;0;2;0;0;0;0;0;0;0;2;0;0;0;0
"12/06/2010";"13:41:00";"60";"com vítima";"516,9";"BR-116/RS";"Norte";"Abalr.Transversal";1;0;0;1;0;0;0;0;0;0;4;0;1;0;0
"12/06/2010";"18:06:00";"81";"sem vítima";"19,4";"BR-392/RS";"Norte";"Abalr.Transversal";1;0;0;0;0;0;0;0;0;0;1;0;0;0;0
"12/06/2010";"18:39:00";"85";"com vítima";"513";"BR-116/RS";"Norte";"Atropelamento";2;0;1;0;0;0;0;0;0;0;3;1;0;0;0
"13/06/2010";"11:40:00";"39";"sem vítima";"54,9";"BR-392/RS";"Sul";"Saída de Pista";2;0;0;0;0;0;0;0;0;0;2;0;0;0;0
"13/06/2010";"14:12:00";"52";"sem vítima";"589,6";"BR-116/RS";"Norte";"Colisão Traseira";1;0;0;0;0;0;0;0;0;0;2;0;0;0;0
"13/06/2010";"15:07:00";"55";"com vítima";"55,9";"BR-392/RS";"Sul";"Saída de Pista";1;0;0;1;0;0;0;0;0;0;1;2;0;0;0
"14/06/2010";"15:39:00";"83";"sem vítima";"565,8";"BR-116/RS";"Norte";"Saída de Pista";0;0;2;0;0;0;0;0;0;0;2;0;0;0;0
"14/06/2010";"17:37:00";"92";"sem vítima";"4";"BR-392/RS";"Norte";"Abalr.Sentido Oposto";1;0;0;0;0;0;0;0;0;0;1;0;0;0;0
"14/06/2010";"19:55:00";"102";"sem vítima";"114,4";"BR-392/RS";"Norte";"Atropelamento";1;0;0;1;0;0;0;0;0;0;2;0;0;0;0
"15/06/2010";"01:22:00";"7";"com vítima";"35";"BR-392/RS";"Sul";"Atropelamento de Animal";1;0;1;0;0;0;0;0;0;0;2;0;1;0;0
"15/06/2010";"18:26:00";"83";"sem vítima";"430,4";"BR-116/RS";"Norte";"Abalr.Transversal";1;0;1;0;0;0;0;0;0;0;4;0;0;0;0
"15/06/2010";"18:39:00";"84";"com vítima";"10";"BR-392/RS";"Sul";"Atropelamento de Animal";0;0;1;0;0;0;0;0;0;0;0;0;0;1;0
"15/06/2010";"22:29:00";"102";"com vítima";"526,4";"BR-116/RS";"Norte";"Tombamento";0;0;1;0;0;0;0;0;0;0;0;1;0;0;0
"16/06/2010";"10:24:00";"31";"sem vítima";"16";"BR-392/RS";"Sul";"Abalr.Transversal";2;0;1;0;0;0;0;0;0;0;2;0;0;0;0
"16/06/2010";"10:27:00";"32";"com vítima";"500,3";"BR-116/RS";"Norte";"Saída de Pista";1;0;0;0;0;0;0;0;0;0;0;0;1;0;0
"16/06/2010";"10:45:00";"34";"com vítima";"121,6";"BR-293/RS";"Norte";"Saída de Pista";1;0;0;0;0;0;0;0;0;0;0;1;0;0;0
"16/06/2010";"17:15:00";"79";"com vítima";"62";"BR-392/RS";"Sul";"Tombamento";1;0;1;0;0;0;0;0;0;0;1;0;1;0;0
"16/06/2010";"22:30:00";"104";"com vítima";"405,1";"BR-116/RS";"Norte";"Saída de Pista";1;0;0;1;0;0;0;0;0;0;1;0;1;0;0
"17/06/2010";"00:18:00";"1";"sem vítima";"99,5";"BR-392/RS";"Sul";"Saída de Pista";2;0;0;0;0;0;0;0;0;0;3;0;0;0;0
"17/06/2010";"06:17:00";"13";"com vítima";"74,5";"BR-392/RS";"Sul";"Colisão Traseira";0;0;0;1;0;0;0;0;0;0;0;1;0;0;0
"17/06/2010";"18:56:00";"91";"sem vítima";"1,1";"BR-392/RS";"Sul";"Abalr.Transversal";0;0;2;0;0;0;0;0;0;0;3;0;0;0;0
"19/06/2010";"17:06:00";"64";"sem vítima";"87,5";"BR-392/RS";"Norte";"Abalr.Transversal";2;0;0;0;0;0;0;0;0;0;7;0;0;0;0
"19/06/2010";"22:26:00";"96";"com vítima";"25";"BR-392/RS";"Norte";"Colisão Traseira";0;0;1;1;0;0;0;0;0;0;2;0;0;0;1
"20/06/2010";"00:45:00";"4";"sem vítima";"527,5";"BR-116/RS";"Norte";"Atropelamento de Animal";1;0;0;0;0;0;0;0;0;0;2;0;0;0;0
"21/06/2010";"05:22:00";"13";"sem vítima";"125,5";"BR-392/RS";"Sul";"Atropelamento de Animal";1;0;1;0;0;0;0;0;0;0;4;0;0;0;0
"21/06/2010";"15:18:00";"84";"sem vítima";"30";"BR-392/RS";"Sul";"Saída de Pista";0;0;1;0;0;0;0;0;0;0;1;0;0;0;0
"21/06/2010";"19:45:00";"112";"com vítima";"165,5";"BR-392/RS";"Norte";"Atropelamento de Animal";1;0;1;0;0;0;0;0;0;0;2;0;3;0;0
"22/06/2010";"07:00:00";"18";"sem vítima";"500,1";"BR-116/RS";"Norte";"Atropelamento de Animal";0;0;1;0;0;0;0;0;0;0;1;0;0;0;0
"22/06/2010";"20:07:00";"99";"sem vítima";"530,8";"BR-116/RS";"Sul";"Abalr.Transversal";0;0;1;0;0;0;0;0;0;0;1;0;0;0;0
"24/06/2010";"11:24:00";"40";"sem vítima";"89,4";"BR-392/RS";"Norte";"Saída de Pista";1;0;1;0;0;0;0;0;0;0;3;0;0;0;0
"24/06/2010";"13:38:00";"66";"sem vítima";"445";"BR-116/RS";"Norte";"Abalr.Mesmo Sentido";1;0;0;0;1;0;0;0;0;0;2;0;0;0;0
"24/06/2010";"16:34:00";"87";"sem vítima";"117,6";"BR-392/RS";"Norte";"Saída de Pista";1;0;0;0;0;0;0;0;0;0;1;0;0;0;0
"24/06/2010";"18:02:00";"95";"com vítima";"23,1";"BR-392/RS";"Sul";"Colisão Traseira";1;0;0;0;0;0;0;0;0;0;0;1;0;0;0
"24/06/2010";"21:36:00";"117";"sem vítima";"450";"BR-116/RS";"Norte";"Saída de Pista";2;0;0;0;0;0;0;0;0;0;2;0;0;0;0
"25/06/2010";"06:23:00";"19";"sem vítima";"437";"BR-116/RS";"Sul";"Colisão Frontal";2;0;0;0;0;0;0;0;0;0;5;0;0;0;0
"25/06/2010";"23:53:00";"106";"com vítima";"38,6";"BR-392/RS";"Sul";"Saída de Pista";0;0;0;1;0;0;0;0;0;0;0;1;0;0;0
"26/06/2010";"07:30:00";"22";"com vítima";"131";"BR-392/RS";"Norte";"Saída de Pista";0;0;0;1;0;0;0;0;0;0;0;0;1;0;0
"27/06/2010";"19:16:00";"73";"com vítima";"496,8";"BR-116/RS";"Sul";"Saída de Pista";1;0;0;0;0;0;0;0;0;0;0;0;0;1;0
"28/06/2010";"17:44:00";"77";"com vítima";"66,8";"BR-392/RS";"Norte";"Abalr.Transversal";0;0;1;1;0;0;0;0;0;0;2;0;1;0;0
"28/06/2010";"22:11:00";"101";"com vítima";"14,7";"BR-293/RS";"Norte";"Atropelamento de Animal";1;0;0;0;0;0;0;0;0;0;0;0;1;0;0
"28/06/2010";"22:45:00";"102";"sem vítima";"514,3";"BR-116/RS";"Norte";"Atropelamento de Animal";0;0;1;0;0;0;0;0;0;0;1;0;0;0;0
"29/06/2010";"07:23:00";"15";"com vítima";"157,2";"BR-293/RS";"Norte";"Saída de Pista";0;0;0;2;0;0;0;0;0;0;0;3;0;0;0
"29/06/2010";"09:21:00";"26";"com vítima";"18";"BR-392/RS";"Norte";"Colisão com Objeto Fixo";0;0;1;0;0;0;0;0;0;0;0;1;0;0;0
"02/07/2010";"19:44:00";"89";"sem vítima";"490,6";"BR-116/RS";"Sul";"Abalr.Transversal";1;0;0;0;0;0;0;0;0;0;1;0;0;0;0
"02/07/2010";"22:38:00";"97";"com vítima";"16,5";"BR-392/RS";"Sul";"Colisão Traseira";1;0;0;0;1;0;0;0;0;0;37;2;0;0;0
"02/07/2010";"23:34:00";"98";"sem vítima";"480,4";"BR-116/RS";"Sul";"Saída de Pista";1;0;0;0;0;0;0;0;0;0;1;0;0;0;0
"03/07/2010";"06:11:00";"18";"sem vítima";"57,3";"BR-392/RS";"Norte";"Colisão Traseira";3;0;0;0;0;0;0;0;0;0;3;0;0;0;0
"03/07/2010";"18:06:00";"81";"com vítima";"529,2";"BR-116/RS";"Sul";"Atropelamento sem morte";1;0;0;0;0;0;0;0;0;0;0;0;1;0;0
"04/07/2010";"08:39:00";"18";"sem vítima";"26,5";"BR-392/RS";"Sul";"Tombamento";2;0;0;0;0;0;0;0;0;0;6;0;0;0;0
"04/07/2010";"09:15:00";"22";"sem vítima";"61";"BR-392/RS";"Sul";"Tombamento";2;0;0;0;0;0;0;0;0;0;2;0;0;0;0
"05/07/2010";"03:54:00";"16";"com vítima";"38,1";"BR-392/RS";"Sul";"Saída de Pista";1;0;0;0;0;0;0;0;0;0;0;1;2;1;0
"05/07/2010";"13:09:00";"69";"sem vítima";"157,3";"BR-392/RS";"Norte";"Colisão Frontal";0;0;1;0;0;0;0;0;0;0;1;0;0;0;0
"05/07/2010";"16:26:00";"83";"com vítima";"470,1";"BR-116/RS";"Sul";"Abalr.Transversal";0;1;0;0;1;0;0;0;0;0;2;1;0;0;0
"05/07/2010";"19:20:00";"100";"sem vítima";"90";"BR-392/RS";"Sul";"Colisão Traseira";1;0;1;0;0;0;0;0;0;0;2;0;0;0;0
"06/07/2010";"14:43:00";"65";"sem vítima";"20,9";"BR-392/RS";"Sul";"Atropelamento de Animal";1;0;1;0;0;0;0;0;0;0;2;0;0;0;0
"07/07/2010";"17:56:00";"88";"com vítima";"15,5";"BR-293/RS";"Norte";"Abalr.Transversal";0;0;1;1;0;0;0;0;0;0;1;0;0;1;0
"07/07/2010";"22:09:00";"110";"com vítima";"26";"BR-392/RS";"Sul";"Abalr.Transversal";0;0;1;1;0;0;0;0;0;0;1;0;0;0;1
"08/07/2010";"19:46:00";"96";"sem vítima";"145,8";"BR-392/RS";"Sul";;1;0;0;0;0;0;0;0;0;0;1;0;0;0;0
"09/07/2010";"07:04:00";"20";"sem vítima";"20,3";"BR-392/RS";"Sul";"Colisão Traseira";0;0;1;0;0;0;0;0;0;0;1;0;0;0;0
"09/07/2010";"08:01:00";"23";"com vítima";"523,5";"BR-116/RS";"Sul";"Abalr.Mesmo Sentido";0;0;0;1;0;0;0;0;0;0;0;0;1;0;0
"09/07/2010";"09:18:00";"29";"sem vítima";"586,3";"BR-116/RS";"Norte";;0;0;1;0;0;0;0;0;0;0;1;0;0;0;0
"09/07/2010";"10:01:00";"37";"com vítima";"60,3";"BR-392/RS";"Sul";"Colisão Traseira";0;0;1;1;0;0;0;0;0;0;1;2;0;0;0
"09/07/2010";"10:49:00";"41";"sem vítima";"506,6";"BR-116/RS";"Norte";"Abalr.Mesmo Sentido";1;0;0;0;0;0;0;0;0;0;1;0;0;0;0
"09/07/2010";"10:57:00";"42";"sem vítima";"519,4";"BR-116/RS";"Norte";"Abalr.Transversal";0;0;1;1;0;0;0;0;0;0;3;0;0;0;0