data;horario;n_da_ocorrencia;tipo_de_ocorrencia;km;trecho;sentido;tipo_de_acidente;automovel;bicicleta;caminhao;moto;onibus;outros;tracao_animal;transporte_de_cargas_especiais;trator_maquinas;utilitarios;ilesos;levemente_feridos;moderadamente_feridos;gravemente_feridos;mortos
"15/11/2010";"14:58:00";"49";"com vítima";"155,1";"BR-293/RS";"Norte";"Saída de Pista";0;0;0;1;0;0;0;0;0;0;0;1;0;0;0
"15/11/2010";"16:14:00";"55";"com vítima";"529,9";"BR-116/RS";"Sul";"Saída de Pista";1;0;0;0;0;0;0;0;0;0;4;0;0;0;1
"15/11/2010";"18:24:00";"72";"com vítima";"404,7";"BR-116/RS";"Norte";"Saída de Pista";1;0;1;1;0;0;0;0;0;0;2;0;2;0;0
"17/11/2010";"07:24:00";"22";"sem vítima";"525,1";"BR-116/RS";"Norte";"Tombamento";1;0;2;0;0;0;0;0;0;0;2;0;0;0;0
"17/11/2010";"10:39:00";"45";"com vítima";"563,1";"BR-116/RS";"Norte";"Colisão Traseira";1;0;2;0;0;0;0;0;0;0;1;2;0;0;0
"17/11/2010";"11:39:00";"53";"sem vítima";"498,8";"BR-116/RS";"Norte";"Colisão Frontal";0;0;2;0;0;0;0;0;0;0;1;0;0;0;0
"18/11/2010";"13:34:00";"59";"com vítima";"157,2";"BR-392/RS";"Sul";"Outros";0;0;0;1;0;0;0;0;0;0;0;1;1;0;0
"19/11/2010";"08:27:00";"22";"sem vítima";"46,2";"BR-392/RS";"Sul";"Abalroamento Mesmo Sentido";1;0;0;0;0;0;0;0;0;0;5;0;0;0;0
"20/11/2010";"00:39:00";"4";"sem vítima";"644";"BR-116/RS";"Sul";"Atropelamento de Animal";2;0;0;0;1;0;0;0;0;0;3;0;0;0;0
"20/11/2010";"06:37:00";"19";"com vítima";"506,9";"BR-116/RS";"Sul";"Abalr. Sentido Oposto.";0;0;1;1;0;0;0;0;0;0;2;1;0;0;0
"20/11/2010";"19:47:00";"88";"sem vítima";"400,6";"BR-116/RS";"Sul";"Capotamento";1;0;0;0;0;0;0;0;0;0;2;0;0;0;0
"20/11/2010";"20:36:00";"91";"com vítima";"117";"BR-392/RS";"Sul";"Abalr.Transversal";1;0;1;0;0;0;0;0;0;0;2;0;1;0;1
"20/11/2010";"23:29:00";"99";"sem vítima";"18";"BR-293/RS";"Norte";"Atropelamento de Animal";0;0;3;0;0;0;0;0;0;0;2;0;0;0;0
"21/11/2010";"06:30:00";"12";"sem vítima";"579,1";"BR-116/RS";"Norte";"Saída de Pista";1;0;1;0;0;0;0;0;0;0;6;0;0;0;0
"22/11/2010";"16:53:00";"74";"com vítima";"530,8";"BR-116/RS";"Norte";"Abalr.Transversal";1;0;3;0;0;0;0;0;0;0;2;3;0;1;0
"23/11/2010";"04:36:00";"11";"sem vítima";"3,9";"BR-392/RS";"Sul";"Abalr.Transversal";1;0;0;0;0;0;0;0;0;0;4;0;0;0;0
"23/11/2010";"16:11:00";"67";"com vítima";"2,9";"BR-392/RS";"Sul";"Colisão Traseira";0;0;1;0;0;0;0;0;0;0;0;0;1;0;0
"23/11/2010";"18:50:00";"82";"com vítima";"29,1";"BR-392/RS";"Norte";"Outros Tipos";1;0;2;0;0;0;0;0;0;0;4;1;0;0;0
"24/11/2010";"02:31:00";"8";"sem vítima";"6,3";"BR-392/RS";"Norte";"Colisão com objeto fixo";2;0;0;0;0;0;0;0;0;0;4;0;0;0;0
"24/11/2010";"09:32:00";"21";"sem vítima";"121,6";"BR-293/RS";"Norte";"Saída de Pista";3;0;0;0;0;0;0;0;0;0;9;0;0;0;0
"24/11/2010";"10:39:00";"29";"com vítima";"433,5";"BR-116/RS";"Sul";"Saída de Pista";2;0;0;0;0;0;0;0;0;0;0;1;2;0;0
"24/11/2010";"11:06:00";"32";"com vítima";"66,8";"BR-392/RS";"Sul";"Saída de Pista";1;0;0;0;0;0;0;0;0;0;1;1;0;0;0
"24/11/2010";"17:46:00";"59";"com vítima";"92,5";"BR-392/RS";"Norte";"Abalr.Transversal";0;0;0;1;0;0;0;0;0;0;0;0;1;0;0
"25/11/2010";"02:20:00";"8";"sem vítima";"514,5";"BR-116/RS";"Norte";"Atropelamento de Animal";3;0;0;0;0;1;0;0;0;0;9;0;0;0;0
"25/11/2010";"08:08:00";"12";"com vítima";"524,3";"BR-116/RS";"Sul";"Abalr.Transversal";0;0;0;1;0;0;0;0;0;0;0;1;0;0;0
"25/11/2010";"12:04:00";"33";"com vítima";"83";"BR-392/RS";"Norte";"Abalr.Transversal";1;0;0;1;0;0;0;0;0;0;4;0;0;1;0
"25/11/2010";"18:09:00";"70";"sem vítima";"47,9";"BR-392/RS";"Norte";"Colisão Traseira";1;0;0;0;0;0;0;0;0;0;2;0;0;0;0
"26/11/2010";"06:20:00";"12";"sem vítima";"433,2";"BR-116/RS";"Sul";"Abalr. Sentido Oposto.";2;0;0;0;0;0;0;0;0;0;4;0;0;0;0
"26/11/2010";"08:40:00";"21";"sem vítima";"426,2";"BR-116/RS";"Sul";"Abalr.Transversal";1;0;0;0;0;0;0;0;0;0;1;0;0;0;0
"27/11/2010";"01:27:00";"4";"com vítima";"37,2";"BR-392/RS";"Sul";"Tombamento";0;0;0;1;0;1;0;0;0;0;3;0;0;1;0
"28/11/2010";"11:45:00";"38";"sem vítima";"655,4";"BR-116/RS";"Sul";"Saída de Pista";1;0;0;0;0;0;0;0;0;0;4;0;0;0;0
"29/11/2010";"08:36:00";"18";"sem vítima";"42,5";"BR-293/RS";"Norte";"Abalr. Mesmo Sentido";1;0;0;0;0;0;0;0;0;0;1;0;0;0;0
"30/11/2010";"17:57:00";"74";"sem vítima";"141,5";"BR-293/RS";"Norte";"Outros";1;0;1;0;0;0;0;0;0;0;5;0;0;0;0
"30/11/2010";"19:33:00";"89";"sem vítima";"126";"BR-293/RS";"Norte";"Saída de Pista";1;0;0;0;0;0;0;0;0;0;1;0;0;0;0
"30/11/2010";"20:56:00";"95";"sem vítima";"127,6";"BR-392/RS";"Sul";"Colisão Traseira";2;0;0;0;0;0;0;0;0;0;3;0;0;0;0
"01/12/2010";"00:52:00";"2";"com vítima";"637,2";"BR-116/RS";"Sul";"Atropelamento de animal";1;0;0;1;0;0;0;0;0;0;2;0;0;0;1
"02/12/2010";"11:41:00";"43";"com vítima";"22,3";"BR-392/RS";"Sul";"Colisão Traseira";0;0;0;1;0;0;0;0;0;0;0;0;1;0;0
"02/12/2010";"13:49:00";"52";"sem vítima";"503,3";"BR-116/RS";"Norte";"Saída de  Pista";0;0;1;0;0;0;0;0;0;0;2;0;0;0;0
"02/12/2010";"17:38:00";"67";"sem vítima";"545";"BR-116/RS";"Norte";"Saída de  Pista";2;0;0;0;0;0;0;0;0;0;3;0;0;0;0
"04/12/2010";"00:51:00";"3";"com vítima";"25";"BR-392/RS";"Norte";"Saída de  Pista";0;0;0;1;0;0;0;0;0;0;1;1;0;0;0
"04/12/2010";"11:17:00";"38";"com vítima";"75,7";"BR-392/RS";"Sul";"Abalroamento transversal.";1;0;0;0;0;0;0;0;0;0;0;1;3;0;0
"05/12/2010";"06:48:00";"11";"com vítima";"537,9";"BR-116/RS";"Sul";"Saída de  Pista";0;0;0;1;0;0;0;0;0;0;0;2;0;0;0
"05/12/2010";"16:51:00";"58";"com vítima";"4,8";"BR-604/RS";"Sul";"Saída de  Pista";0;0;0;1;0;0;0;0;0;0;0;0;2;0;0
"06/12/2010";"07:32:00";"18";"com vítima";"125,7";"BR-293/RS";"Norte";"Outros Tipos de acidente";1;0;0;0;0;0;0;0;0;0;0;4;0;0;0
"06/12/2010";"13:46:00";"63";"com vítima";"481,4";"BR-116/RS";"Norte";"Colisão Traseira";1;0;0;1;0;0;0;0;0;0;2;0;1;1;0
"06/12/2010";"21:30:00";"112";"sem vítima";"581,9";"BR-116/RS";"Norte";"Atropelamento de animal";1;0;0;0;0;0;0;0;0;0;2;0;0;0;0
"07/12/2010";"09:19:00";"31";"com vítima";"52";"BR-392/RS";"Norte";"Colisão Traseira";0;0;0;1;0;0;0;0;0;0;0;0;1;0;0
"07/12/2010";"09:32:00";"32";"sem vítima";"543";"BR-116/RS";"Norte";"Saída de  Pista";1;0;0;0;0;0;0;0;0;0;1;0;0;0;0
"07/12/2010";"14:36:00";"63";"sem vítima";"66,8";"BR-392/RS";"Norte";"Colisão Traseira";1;0;0;0;0;0;0;0;0;0;3;0;0;0;0
"07/12/2010";"22:50:00";"118";"com vítima";"26";"BR-392/RS";"Sul";"Tombamento";0;0;0;1;0;0;0;0;0;0;0;0;1;0;0
"08/12/2010";"00:13:00";"2";"sem vítima";"147";"BR-293/RS";"Norte";"Colisão Traseira";2;0;2;0;0;0;0;0;0;0;6;0;0;0;0
"08/12/2010";"04:50:00";"10";"sem vítima";"119,6";"BR-392/RS";"Sul";"Saída de  Pista";0;0;3;0;0;0;0;0;0;0;3;0;0;0;0
"08/12/2010";"11:57:00";"44";"sem vítima";"41,1";"BR-293/RS";"Norte";"Saída de  Pista";0;0;2;0;0;0;0;0;0;0;1;0;0;0;0
"08/12/2010";"15:19:00";"67";"com vítima";"27";"BR-392/RS";"Norte";"Abalroamento transversal.";0;0;0;1;0;0;0;0;0;0;0;0;1;0;0
"09/12/2010";"14:54:00";"70";"sem vítima";"20,3";"BR-392/RS";"Norte";"Abalroamento Sentido Oposto";1;0;0;0;0;0;0;0;0;0;3;0;0;0;0
"10/12/2010";"16:16:00";"77";"sem vítima";"119,8";"BR-392/RS";"Sul";"Colisão Frontal";1;0;0;0;0;0;0;0;0;0;1;0;0;0;0
"10/12/2010";"16:18:00";"78";"com vítima";"436,6";"BR-116/RS";"Sul";"Tombamento";1;0;0;1;0;0;0;0;0;0;0;3;1;0;0
"11/12/2010";"11:33:00";"32";"sem vítima";"118,5";"BR-392/RS";"Sul";"Colisão com Objeto Fixo";1;0;0;0;0;0;0;0;0;0;4;0;0;0;0
"11/12/2010";"15:01:00";"46";"sem vítima";"517,1";"BR-116/RS";"Norte";"Abalroamento transversal.";2;0;0;0;0;0;0;0;0;0;10;0;0;0;0
"11/12/2010";"18:23:00";"64";"com vítima";"569,1";"BR-116/RS";"Sul";"Saída de  Pista";1;0;0;0;0;0;0;0;0;0;0;1;0;0;0
"12/12/2010";"05:28:00";"14";"com vítima";"546,8";"BR-116/RS";"Norte";"Saída de  Pista";1;0;0;0;0;0;0;0;0;0;0;1;0;0;0
"12/12/2010";"14:10:00";"49";"sem vítima";"196,6";"BR-392/RS";"Sul";"Saída de  Pista";1;0;0;0;0;0;0;0;0;0;1;0;0;0;0
"12/12/2010";"15:00:00";"51";"sem vítima";"13,6";"BR-392/RS";"Norte";"Saída de  Pista";1;0;0;0;0;0;0;0;0;0;2;0;0;0;0
"12/12/2010";"17:44:00";"69";"com vítima";"469,6";"BR-116/RS";"Norte";"Colisão Traseira";2;0;0;0;0;0;0;0;0;0;0;4;1;0;0
"12/12/2010";"18:25:00";"72";"com vítima";"71,4";"BR-392/RS";"Sul";"Colisão Traseira";1;0;0;0;0;0;0;0;0;0;1;2;0;0;0
"12/12/2010";"19:19:00";"76";"sem vítima";"117";"BR-392/RS";"Sul";"Atropelamento";2;0;0;1;0;0;0;0;0;0;4;0;0;0;0
"12/12/2010";"22:04:00";"91";"sem vítima";"112";"BR-293/RS";"Norte";"Saída de  Pista";1;0;0;0;0;0;0;0;0;0;1;0;0;0;0
"14/12/2010";"00:02:00";"1";"sem vítima";"402,2";"BR-116/RS";"Norte";"Tombamento";0;0;1;0;0;0;0;0;0;0;2;0;0;0;0
"14/12/2010";"17:26:00";"78";"sem vítima";"85,2";"BR-392/RS";"Sul";"Saída de  Pista";0;0;3;0;0;0;0;0;0;0;2;0;0;0;0
"15/12/2010";"14:19:00";"58";"com vítima";"45,6";"BR-392/RS";"Sul";"Outros Tipos de acidente";1;1;0;0;0;0;0;0;0;0;1;0;0;1;0
"15/12/2010";"22:22:00";"107";"sem vítima";"63,4";"BR-293/RS";"Norte";"Saída de  Pista";1;0;0;0;0;0;0;0;0;0;1;0;0;0;0
"16/12/2010";"03:33:00";"11";"com vítima";"533,7";"BR-116/RS";"Norte";"Saída de Pista";1;0;0;0;0;0;0;0;0;0;0;0;0;0;1
"17/12/2010";"19:15:00";"83";"com vítima";"524,3";"BR-116/RS";"Norte";"Abalrroamento Transversal.";1;0;2;1;0;0;0;0;0;0;1;0;2;0;0
"17/12/2010";"21:07:00";"94";"com vítima";"0,5";"BR-604/RS";"Sul";"Atropelamento de animal";0;0;2;0;0;0;0;0;0;0;0;1;0;0;0
"17/12/2010";"21:26:00";"96";"sem vítima";"631,2";"BR-116/RS";"Sul";"Colisão Traseira";1;0;2;0;0;0;0;0;0;0;2;0;0;0;0
"18/12/2010";"01:35:00";"4";"com vítima";"4,8";"BR-392/RS";"Norte";"Colisão Traseira";1;0;0;1;0;0;0;0;0;0;1;1;1;0;0
"18/12/2010";"12:52:00";"50";"com vítima";"477,6";"BR-116/RS";"Sul";"Tombamento";2;0;0;0;0;0;0;0;0;0;1;2;0;0;0
"18/12/2010";"14:20:00";"58";"com vítima";"581,4";"BR-116/RS";"Norte";"Abalroamento transversal.";1;0;0;0;0;0;0;0;0;0;2;0;0;0;1
"18/12/2010";"16:44:00";"68";"com vítima";"18,1";"BR-392/RS";"Sul";"Abalroamento transversal.";2;0;0;0;0;0;0;0;0;0;2;1;0;0;0
"18/12/2010";"17:14:00";"71";"com vítima";"116";"BR-392/RS";"Norte";"Saída de  Pista";1;0;0;1;0;0;0;0;0;0;1;1;0;0;0
"18/12/2010";"17:28:00";"86";"com vítima";"15,1";"BR-392/RS";"Norte";"Tombamento";1;0;0;1;0;0;0;0;0;0;1;0;1;0;0
"18/12/2010";"17:28:00";"74";"sem vítima";"15,1";"BR-392/RS";"Norte";"Tombamento";1;0;0;0;0;0;0;0;0;0;1;0;0;0;0
"19/12/2010";"14:03:00";"41";"sem vítima";"490,6";"BR-116/RS";"Norte";"Colisão Traseira";1;0;0;0;0;0;0;0;0;0;1;0;0;0;0
"19/12/2010";"17:59:00";"62";"sem vítima";"118,4";"BR-392/RS";"Sul";"Colisão objeto fixo";1;0;0;0;0;0;0;0;0;0;2;0;0;0;0
"19/12/2010";"18:56:00";"68";"sem vítima";"118,4";"BR-392/RS";"Norte";"Tombamento";2;0;0;0;0;0;0;0;0;0;3;0;0;0;0
"19/12/2010";"22:18:00";"88";"sem vítima";"14,5";"BR-293/RS";"Norte";"Atropelamento ";2;0;0;0;0;0;0;0;0;0;2;0;0;0;0
"20/12/2010";"21:23:00";"90";"com vítima";"529,1";"BR-116/RS";"Norte";"Abalroamento transversal.";1;0;0;1;0;0;0;0;0;0;5;0;1;0;0
"20/12/2010";"22:19:00";"94";"com vítima";"10,6";"BR-392/RS";"Sul";"Colisão Frontal";0;1;0;0;1;0;0;0;0;0;1;0;0;1;0
"21/12/2010";"10:19:00";"41";"com vítima";"529,1";"BR-116/RS";"Sul";"Colisão Traseira";0;0;0;1;0;0;0;0;0;0;0;1;1;0;0
"21/12/2010";"21:51:00";"104";"com vítima";"578,3";"BR-116/RS";"Norte";"Colisão Traseira";1;0;0;0;0;0;0;0;0;0;1;1;1;0;0
"23/12/2010";"02:38:00";"11";"com vítima";"411,4";"BR-116/RS";"Sul";"Saída de  Pista";0;1;0;1;0;0;0;0;0;0;0;0;2;0;0
"24/12/2010";"14:04:00";"62";"com vítima";"500,8";"BR-116/RS";"Sul";"Colisão Traseira";0;0;0;1;0;0;0;0;0;0;0;0;1;0;0
"24/12/2010";"23:40:00";"110";"com vítima";"427,1";"BR-116/RS";"Norte";"Atropelamento";1;0;0;1;0;0;0;0;0;0;1;0;1;0;0
"25/12/2010";"00:10:00";"1";"sem vítima";"613,2";"BR-116/RS";"Norte";"Saída de Pista";2;0;0;0;0;0;0;0;0;0;6;0;0;0;0
"25/12/2010";"10:02:00";"15";"com vítima";"42,2";"BR-392/RS";"Sul";"Outros Tipos de acidente";0;0;2;1;0;0;0;0;0;0;1;0;1;0;0
"25/12/2010";"10:25:00";"19";"com vítima";"530,8";"BR-116/RS";"Norte";"Abalroamento transversal.";0;0;3;0;0;0;0;0;0;0;16;1;0;0;0
"25/12/2010";"13:44:00";"34";"sem vítima";"18,2";"BR-392/RS";"Norte";"Abalroamento transversal.";2;0;0;0;0;0;0;0;0;0;2;0;0;0;0
"25/12/2010";"16:36:00";"44";"sem vítima";"427,4";"BR-116/RS";"Sul";"Abalroamento transversal.";1;0;0;0;0;0;0;0;0;0;1;0;0;0;0
"26/12/2010";"09:23:00";"17";"sem vítima";"400,8";"BR-116/RS";"Norte";"Tombamento";2;0;0;0;0;0;0;0;0;0;3;0;0;0;0
"27/12/2010";"10:24:00";"38";"sem vítima";"66,9";"BR-392/RS";"Sul";"Outros Tipos de acidente";1;0;0;0;0;0;0;0;0;0;1;0;0;0;0
"27/12/2010";"16:13:00";"75";"sem vítima";"524,3";"BR-116/RS";"Norte";"Atropelamento de animal";1;0;0;0;0;0;0;0;0;0;2;0;0;0;0
"27/12/2010";"16:26:00";"76";"com vítima";"85,7";"BR-392/RS";"Norte";"Saída de Pista";0;0;0;1;0;0;0;0;0;0;0;0;2;0;0
"30/12/2010";"07:52:00";"13";"sem vítima";"521,9";"BR-116/RS";"Norte";"Tombamento";1;0;1;0;0;0;0;0;0;0;3;0;0;0;0
"30/12/2010";"08:13:00";"14";"sem vítima";"66,9";"BR-392/RS";"Sul";"Abalroamento transversal.";1;0;0;0;0;0;0;0;0;0;1;0;0;0;0
"30/12/2010";"16:51:00";"65";"sem vítima";"591,3";"BR-116/RS";"Sul";"Saida de pista";1;0;1;0;0;0;0;0;0;0;2;0;0;0;0
"30/12/2010";"19:55:00";"89";"sem vítima";"573,3";"BR-116/RS";"Norte";"Saida de pista";0;0;2;0;0;0;0;0;0;0;2;0;0;0;0
"31/12/2010";"05:12:00";"13";"com vítima";"515,5";"BR-116/RS";"Norte";"Saida de pista";1;0;0;0;0;0;0;0;0;0;0;1;0;0;0
"31/12/2010";"05:59:00";"14";"sem vítima";"87,1";"BR-392/RS";"Sul";"Abalroamento transversal.";1;0;0;1;0;0;0;0;0;0;2;0;0;0;0
"31/12/2010";"08:55:00";"24";"sem vítima";"478,2";"BR-116/RS";"Sul";"Saida de pista";0;0;0;0;1;0;0;0;0;0;1;0;0;0;0
"31/12/2010";"12:05:00";"42";"sem vítima";"588,1";"BR-116/RS";"Sul";"Tombamento";0;0;3;0;0;0;0;0;0;0;3;0;0;0;0
"01/01/2011";"00:37:00";"2";"com vítima";"19";"BR-392/RS";"Sul";"Colisão Traseira";0;0;0;1;0;1;0;0;0;0;0;2;0;1;0
"01/01/2011";"21:22:00";"85";"sem vítima";"3,9";"BR-392/RS";"Sul";"Atropelamento de animal";2;0;0;0;0;0;0;0;0;0;7;0;0;0;0
"01/01/2011";"23:31:00";"91";"com vítima";"18,3";"BR-293/RS";"Norte";"Saída de pista";1;0;1;0;0;0;0;0;0;0;1;0;0;1;0
"02/01/2011";"08:46:00";"20";"sem vítima";"39,8";"BR-392/RS";"Norte";"Saída de Pista";1;0;0;0;0;0;0;0;0;0;1;0;0;0;0
"02/01/2011";"15:15:00";"52";"com vítima";"452,8";"BR-116/RS";"Norte";"Colisão Frontal";1;0;0;0;0;0;0;0;0;0;0;3;0;0;0
"02/01/2011";"17:07:00";"68";"sem vítima";"51,8";"BR-392/RS";"Norte";"Colisão Traseira";0;0;2;0;0;0;0;0;0;0;1;0;0;0;0
"02/01/2011";"17:11:00";"69";"com vítima";"51,6";"BR-392/RS";"Norte";"Colisão Traseira";3;0;0;0;0;0;0;0;0;0;3;0;0;1;0
"02/01/2011";"17:31:00";"74";"com vítima";"51,3";"BR-392/RS";"Norte";"Colisão Traseira";1;0;1;0;0;0;0;0;0;0;1;0;3;0;0
"02/01/2011";"18:47:00";"87";"com vítima";"27";"BR-392/RS";"Norte";"Colisão Traseira";2;0;1;0;0;0;0;0;0;0;1;1;0;0;1
"02/01/2011";"19:04:00";"88";"sem vítima";"142,1";"BR-392/RS";"Norte";"Saída de pista";1;0;0;0;0;0;0;0;0;0;1;0;0;0;0
"03/01/2011";"07:13:00";"13";"com vítima";"193,3";"BR-392/RS";"Norte";"Saída de Pista";0;0;0;2;0;0;0;0;0;0;0;0;2;0;0
"03/01/2011";"12:19:00";"53";"com vítima";"121,8";"BR-392/RS";"Sul";"Saída de pista";0;0;1;0;0;0;0;0;0;0;0;0;1;0;0
"03/01/2011";"14:30:00";"63";"com vítima";"529,6";"BR-116/RS";"Norte";"Tombamento";1;0;0;0;0;0;0;0;0;0;0;1;0;0;0
"04/01/2011";"01:48:00";"1";"com vítima";"2";"BR-392/RS";"Sul";"Outros Tipos de Acidente";0;0;0;1;0;0;0;0;0;0;0;0;1;0;0
"05/01/2011";"15:12:00";"71";"com vítima";"59,3";"BR-392/RS";"Norte";"Tombamento";0;0;0;1;0;0;0;0;0;0;0;2;0;0;0
"06/01/2011";"00:07:00";"2";"com vítima";"6,3";"BR-392/RS";"Norte";"Capotamento";0;0;0;1;0;0;0;0;0;0;0;2;0;0;0
"06/01/2011";"20:26:00";"104";"com vítima";"656,3";"BR-116/RS";"Norte";"Colisão Traseira";1;0;0;1;0;0;0;0;0;0;1;1;0;0;0
"06/01/2011";"22:23:00";"113";"sem vítima";"77,4";"BR-392/RS";"Sul";"Colisão Frontal";1;0;0;0;0;0;0;0;0;0;2;0;0;0;0
"06/01/2011";"22:42:00";"115";"com vítima";"77,4";"BR-392/RS";"Sul";"Colisão Traseira";0;0;1;1;0;0;0;0;0;0;1;1;1;0;0
"06/01/2011";"23:40:00";"117";"sem vítima";"62,5";"BR-293/RS";"Norte";"Saída de Pista";1;0;0;0;0;0;0;0;0;0;1;0;0;0;0
"07/01/2011";"05:48:00";"15";"com vítima";"41,3";"BR-392/RS";"Norte";"Tombamento";1;0;0;0;0;0;0;0;0;0;2;0;1;0;0
"07/01/2011";"21:52:00";"96";"sem vítima";"646,1";"BR-116/RS";"Norte";"Atropelamento de animal";3;0;0;0;0;0;0;0;0;0;5;0;0;0;0
"07/01/2011";"21:56:00";"97";"sem vítima";"512,6";"BR-116/RS";"Sul";"Abalroamento Transversal";0;0;2;0;0;0;0;0;0;0;1;0;0;0;0
"08/01/2011";"09:47:00";"30";"sem vítima";"130,3";"BR-293/RS";"Norte";"Saída de pista";1;0;2;0;0;0;0;0;0;0;2;0;0;0;0
"08/01/2011";"12:49:00";"52";"com vítima";"84,7";"BR-392/RS";"Norte";"Abalr.mesmo sentido";0;0;0;1;0;0;0;0;0;0;0;1;0;0;0
"09/01/2011";"17:55:00";"88";"com vítima";"71,4";"BR-392/RS";"Sul";"Abalr.mesmo sentido";1;0;0;0;0;0;0;0;0;0;0;1;1;0;0
"09/01/2011";"21:47:00";"121";"com vítima";"95,8";"BR-392/RS";"Norte";"Colisão com objeto fixo";1;0;0;0;0;0;0;0;0;0;3;2;0;0;0
"10/01/2011";"15:18:00";"72";"sem vítima";"515,5";"BR-116/RS";"Sul";"Saída de pista";2;0;0;0;0;0;0;0;0;0;3;0;0;0;0
"10/01/2011";"15:34:00";"74";"sem vítima";"42,2";"BR-392/RS";"Sul";"Atropelamento";4;0;0;0;0;0;0;0;0;0;4;0;0;0;0
"11/01/2011";"08:16:00";"14";"sem vítima";"2,3";"BR-604/RS";"Sul";"Abalroamento Transversal";1;0;0;0;0;0;0;0;0;0;2;0;0;0;0
"11/01/2011";"11:29:00";"38";"sem vítima";"80";"BR-392/RS";"Norte";"Colisão com Objeto Fixo";1;0;2;0;0;0;0;0;0;0;2;0;0;0;0
"11/01/2011";"14:35:00";"58";"sem vítima";"522,9";"BR-116/RS";"Sul";"Tombamento";1;0;0;0;0;0;0;0;0;0;1;0;0;0;0
"11/01/2011";"14:40:00";"59";"com vítima";"522,7";"BR-116/RS";"Norte";"Abalroamento Transversal";1;0;0;0;0;0;0;0;0;0;0;0;0;1;0
"12/01/2011";"00:45:00";"2";"com vítima";"567,1";"BR-116/RS";"Norte";"Atropelamento de animal";0;0;0;1;0;0;0;0;0;0;0;1;0;0;0
"12/01/2011";"22:51:00";"111";"sem vítima";"56,2";"BR-392/RS";"Norte";"Atropelamento de Animal";1;0;2;0;0;0;0;0;0;0;4;0;0;0;0
"13/01/2011";"14:44:00";"66";"sem vítima";"67";"BR-392/RS";"Sul";"Abalroamento Transversal";0;0;3;0;0;0;0;0;0;0;6;0;0;0;0
"15/01/2011";"06:33:00";"20";"com vítima";"408,3";"BR-116/RS";"Norte";"Saída de Pista";0;0;2;0;0;0;0;0;0;0;1;0;1;0;0
"15/01/2011";"12:25:00";"46";"com vítima";"0";"BR-392/RS";"Norte";"Saída de Pista";0;0;1;1;0;0;0;0;0;0;0;1;0;1;0
"16/01/2011";"07:04:00";"15";"com vítima";"6,6";"BR-392/RS";"Sul";"Saída de Pista";1;0;0;0;0;0;0;0;0;0;0;1;0;1;0
"16/01/2011";"08:52:00";"20";"com vítima";"402,3";"BR-116/RS";"Sul";"Saída de Pista";0;0;1;1;1;0;0;0;0;0;24;0;1;0;0
"16/01/2011";"10:23:00";"23";"sem vítima";"551,4";"BR-116/RS";"Norte";"Tombamento";1;0;0;0;0;0;0;0;0;0;1;0;0;0;0
"16/01/2011";"18:21:00";"74";"sem vítima";"11";"BR-392/RS";"Norte";"Abalroamento Transversal";1;0;1;0;0;0;0;0;0;0;3;0;0;0;0
"17/01/2011";"21:24:00";"101";"sem vítima";"1";"BR-392/RS";"Norte";"Atropelamento de animal";1;0;0;0;0;0;0;0;0;0;1;0;0;0;0
"17/01/2011";"23:04:00";"103";"sem vítima";"5,5";"BR-392/RS";"Norte";"Saída de Pista";0;0;4;0;0;0;0;0;0;0;2;0;0;0;0
"18/01/2011";"10:49:00";"40";"com vítima";"15,9";"BR-392/RS";"Sul";"Colisão Traseira";0;0;0;1;0;0;0;0;0;0;0;0;2;0;0
"18/01/2011";"13:09:00";"63";"com vítima";"18";"BR-392/RS";"Norte";"Abalr.Transversal";0;0;0;1;0;0;0;0;0;0;0;1;0;0;0
"18/01/2011";"23:22:00";"123";"sem vítima";"453,4";"BR-116/RS";"Norte";"Colisão Traseira";1;0;0;0;0;1;0;0;0;0;5;0;0;0;0
"19/01/2011";"17:11:00";"77";"com vítima";"194,8";"BR-392/RS";"Norte";"Colisão Traseira";1;0;0;0;0;0;0;0;0;0;2;0;1;0;0
"20/01/2011";"02:42:00";"11";"sem vítima";"85,7";"BR-293/RS";"Norte";"Colisão Traseira";1;0;0;0;0;0;0;0;0;0;1;0;0;0;0
"20/01/2011";"22:14:00";"105";"com vítima";"172,1";"BR-293/RS";"Norte";"Saída de Pista";0;0;0;1;0;0;0;0;0;0;0;1;1;0;0
"21/01/2011";"13:49:00";"70";"com vítima";"77,8";"BR-392/RS";"Sul";"Abalroamento Mesmo Sentido";1;0;0;0;0;0;0;0;0;0;0;0;1;0;0
"21/01/2011";"17:09:00";"86";"com vítima";"115,6";"BR-392/RS";"Sul";"Colisão Frontal";0;0;0;2;0;0;0;0;0;0;1;0;1;0;0
"21/01/2011";"20:07:00";"112";"sem vítima";"118,4";"BR-392/RS";"Sul";"Colisão com objeto fixo";2;0;0;0;0;0;0;0;0;0;6;0;0;0;0
"22/01/2011";"14:33:00";"53";"sem vítima";"32,2";"BR-293/RS";"Norte";"Saída de pista";2;0;0;0;0;0;0;0;0;0;3;0;0;0;0
"22/01/2011";"15:34:00";"55";"sem vítima";"110,8";"BR-293/RS";"Norte";"Saída de pista";1;0;1;0;0;0;0;0;0;0;7;0;0;0;0