data;horario;n_da_ocorrencia;tipo_de_ocorrencia;km;trecho;sentido;tipo_de_acidente;automovel;bicicleta;caminhao;moto;onibus;outros;tracao_animal;transporte_de_cargas_especiais;trator_maquinas;utilitarios;ilesos;levemente_feridos;moderadamente_feridos;gravemente_feridos;mortos
"22/01/2011";"16:24:00";"62";"sem vítima";"31,8";"BR-293/RS";"Norte";"Tombamento";2;0;0;0;0;0;0;0;0;0;6;0;0;0;0
"23/01/2011";"00:00:00";"23";"com vítima";"41,5";"BR-392/RS";"Sul";"Colisão Traseira";1;1;0;0;0;0;0;0;0;0;5;0;0;0;1
"23/01/2011";"14:39:00";"51";"sem vítima";"68,1";"BR-392/RS";"Sul";"Tombamento";2;0;0;0;0;0;0;0;0;0;3;0;0;0;0
"24/01/2011";"10:15:00";"37";"com vítima";"15,6";"BR-293/RS";"Norte";"Abalroamento Transversal";0;0;1;0;0;0;0;0;0;0;1;1;0;0;1
"24/01/2011";"12:46:00";"58";"com vítima";"170,3";"BR-293/RS";"Norte";"Colisão Traseira";1;0;0;0;0;0;0;0;0;0;0;0;0;0;1
"25/01/2011";"19:14:00";"92";"sem vítima";"14,9";"BR-392/RS";"Sul";"Saída de pista";0;0;1;0;0;0;0;0;0;0;1;0;0;0;0
"26/01/2011";"17:09:00";"73";"com vítima";"560,6";"BR-116/RS";"Norte";"Abalroamento Mesmo Sentido";0;0;4;0;0;0;0;0;0;0;2;1;0;1;0
"28/01/2011";"08:04:00";"17";"com vítima";"78,3";"BR-392/RS";"Sul";"Colisão Traseira";0;0;4;0;0;0;0;0;0;0;1;0;1;0;0
"28/01/2011";"09:29:00";"25";"sem vítima";"66,8";"BR-392/RS";"Norte";"Outros Tipos de Acidente";0;0;0;1;0;0;0;0;0;0;1;0;0;0;0
"28/01/2011";"11:33:00";"39";"sem vítima";"5,8";"BR-392/RS";"Sul";"Colisão Traseira";1;0;1;0;0;0;0;0;0;0;4;0;0;0;0
"29/01/2011";"10:32:00";"38";"sem vítima";"18";"BR-392/RS";"Sul";"Abalroamento Transversal";1;0;0;0;0;0;0;0;0;0;1;0;0;0;0
"29/01/2011";"15:05:00";"61";"com vítima";"26,8";"BR-392/RS";"Sul";"Outros Tipos de Acidente";1;0;2;0;0;0;0;0;0;0;1;0;0;1;0
"30/01/2011";"08:07:00";"20";"com vítima";"66,9";"BR-392/RS";"Norte";"Abalroamento Transversal";0;0;1;1;0;0;0;0;0;0;3;0;0;1;1
"30/01/2011";"13:09:00";"49";"com vítima";"21";"BR-293/RS";"Norte";"Colisão Traseira";0;0;2;1;0;0;0;0;0;0;1;1;0;0;0
"30/01/2011";"22:54:00";"101";"com vítima";"61,7";"BR-293/RS";"Norte";"Abalroamento Transversal";1;0;0;0;0;0;0;0;0;0;0;1;0;0;0
"31/01/2011";"04:38:00";"11";"com vítima";"587,5";"BR-116/RS";"Sul";"Saída de pista";0;0;0;1;0;0;0;0;0;0;0;1;1;0;0
"31/01/2011";"04:39:00";"15";"sem vítima";"587,5";"BR-116/RS";"Norte";"Colisão com objeto fixo";0;0;2;0;0;0;0;0;0;0;2;0;0;0;0
"31/01/2011";"12:33:00";"40";"com vítima";"63,6";"BR-392/RS";"Sul";"Colisão Traseira";1;0;0;1;0;0;0;0;0;0;4;0;1;0;0
"31/01/2011";"22:56:00";"111";"com vítima";"136,5";"BR-293/RS";"Norte";"Atropelamento de animal";0;0;2;0;0;1;0;0;0;0;2;1;0;0;0
"01/02/2011";"06:40:00";"14";"sem vítima";"80,6";"BR-293/RS";"Norte";"Atropelamento de Animal";1;0;0;0;0;0;0;0;0;0;2;0;0;0;0
"01/02/2011";"17:20:00";"67";"com vítima";"100,5";"BR-392/RS";"Sul";"Atropelamento";0;0;0;1;0;0;0;0;0;0;0;0;1;0;0
"02/02/2011";"10:43:00";"39";"sem vítima";"62,1";"BR-392/RS";"Norte";"Colisão Traseira";0;0;4;0;0;0;0;0;0;0;2;0;0;0;0
"03/02/2011";"00:17:00";"1";"com vítima";"117,5";"BR-392/RS";"Sul";"Abalr.Transversal";0;0;1;0;0;0;0;0;0;0;0;0;1;0;0
"03/02/2011";"19:11:00";"82";"sem vítima";"56";"BR-293/RS";"Norte";"Colisão Traseira";1;0;2;0;0;0;0;0;0;0;2;0;0;0;0
"04/02/2011";"05:35:00";"14";"sem vítima";"124";"BR-293/RS";"Norte";"Colisão Traseira";2;0;0;0;0;0;0;0;0;0;3;0;0;0;0
"04/02/2011";"12:06:00";"45";"sem vítima";"76,3";"BR-392/RS";"Sul";"Abalr.Transversal";1;0;2;0;0;0;0;0;0;0;3;0;0;0;0
"04/02/2011";"17:22:00";"76";"sem vítima";"52";"BR-392/RS";"Norte";"Colisão Traseira";2;0;0;0;0;0;0;0;0;0;2;0;0;0;0
"05/02/2011";"07:50:00";"17";"sem vítima";"477,3";"BR-116/RS";"Sul";"Tombamento";0;0;3;0;0;0;0;0;0;0;2;0;0;0;0
"05/02/2011";"19:50:00";"84";"sem vítima";"31,2";"BR-392/RS";"Sul";"Atropelamento de Animal";0;0;1;0;0;0;0;0;0;0;1;0;0;0;0
"05/02/2011";"23:42:00";"98";"com vítima";"105,5";"BR-293/RS";"Norte";"Atropelamento de Animal";0;0;0;1;0;0;0;0;0;0;0;0;1;0;0
"05/02/2011";"23:43:00";"99";"sem vítima";"529,8";"BR-116/RS";"Sul";"Tombamento";0;0;2;0;0;0;0;0;0;0;2;0;0;0;0
"06/02/2011";"01:54:00";"8";"sem vítima";"91,9";"BR-293/RS";"Norte";"Atropelamento de Animal";1;0;0;0;0;0;0;0;0;0;2;0;0;0;0
"06/02/2011";"04:47:00";"15";"sem vítima";"126,2";"BR-392/RS";"Sul";"Tombamento";1;0;2;0;0;0;0;0;0;0;2;0;0;0;0
"06/02/2011";"17:42:00";"70";"sem vítima";"23,4";"BR-392/RS";"Norte";"Colisão Traseira";1;0;0;1;0;0;0;0;0;0;2;0;0;0;0
"06/02/2011";"21:05:00";"92";"com vítima";"18,9";"BR-293/RS";"Norte";"Colisão Traseira";1;0;0;0;0;0;0;0;0;0;0;2;0;0;0
"07/02/2011";"05:48:00";"14";"sem vítima";"526,4";"BR-116/RS";"Sul";"Abalr.Transversal";0;0;2;0;0;0;0;0;0;0;2;0;0;0;0
"07/02/2011";"14:41:00";"63";"com vítima";"430,4";"BR-116/RS";"Norte";"Colisão Traseira";1;0;0;0;0;0;0;0;0;0;0;1;0;0;0
"07/02/2011";"16:33:00";"79";"com vítima";"161,7";"BR-392/RS";"Norte";"Colisão Traseira";0;0;0;1;1;0;0;0;0;0;10;1;1;0;0
"08/02/2011";"06:09:00";"10";"sem vítima";"194";"BR-392/RS";"Sul";"Saída de Pista";1;0;0;0;0;0;0;0;0;0;1;0;0;0;0
"08/02/2011";"08:09:00";"12";"sem vítima";"11,9";"BR-392/RS";"Norte";"Colisão Frontal";1;0;0;0;0;0;0;0;0;0;0;0;0;0;0
"08/02/2011";"09:47:00";"17";"sem vítima";"472,1";"BR-116/RS";"Sul";"Saída de Pista";1;0;1;0;0;0;0;0;0;0;4;0;0;0;0
"08/02/2011";"16:55:00";"59";"com vítima";"47,8";"BR-392/RS";"Sul";"Tombamento";2;0;0;0;0;0;0;0;0;0;0;3;0;1;0
"08/02/2011";"23:41:00";"85";"sem vítima";"139,8";"BR-293/RS";"Norte";"Saída de Pista";0;0;1;0;0;0;0;0;0;0;1;0;0;0;0
"09/02/2011";"07:24:00";"19";"sem vítima";"476,5";"BR-116/RS";"Sul";"Saída de Pista";0;0;1;0;0;0;0;0;0;0;1;0;0;0;0
"09/02/2011";"07:37:00";"20";"sem vítima";"461,8";"BR-116/RS";"Norte";"Saída de Pista";1;0;0;0;0;0;0;0;0;0;1;0;0;0;0
"09/02/2011";"08:22:00";"22";"com vítima";"121,7";"BR-392/RS";"Norte";"Saída de Pista";1;0;0;1;0;0;0;0;0;0;1;1;0;0;0
"09/02/2011";"09:04:00";"28";"com vítima";"57";"BR-392/RS";"Norte";"Outros tipos de acidente";1;0;1;1;0;0;0;0;0;0;3;0;1;0;0
"09/02/2011";"15:25:00";"49";"com vítima";"492,2";"BR-116/RS";"Norte";"Colisão Frontal";0;0;0;1;0;0;0;0;0;0;0;1;0;0;0
"10/02/2011";"12:26:00";"40";"com vítima";"25,9";"BR-293/RS";"Norte";"Saída de Pista";2;0;0;0;0;0;0;0;0;0;1;1;0;1;0
"10/02/2011";"14:17:00";"49";"sem vítima";"162,4";"BR-293/RS";"Norte";"Saída de Pista";1;0;1;0;0;0;0;0;0;0;2;0;0;0;0
"10/02/2011";"18:32:00";"64";"com vítima";"83";"BR-392/RS";"Sul";"Abalr.Transversal";0;0;2;2;0;0;0;0;0;0;4;0;0;1;0
"10/02/2011";"19:32:00";"70";"sem vítima";"18,4";"BR-392/RS";"Sul";"Tombamento";1;0;1;0;0;0;0;0;0;0;2;0;0;0;0
"11/02/2011";"07:29:00";"12";"com vítima";"2,6";"BR-392/RS";"Norte";"Outros tipos de acidente";1;0;0;0;0;0;0;0;0;0;0;1;0;0;0
"13/02/2011";"04:27:00";"15";"com vítima";"33,6";"BR-392/RS";"Sul";"Colisão Traseira";0;0;2;1;0;0;0;0;0;0;2;0;0;0;1
"13/02/2011";"16:30:00";"57";"com vítima";"448,9";"BR-116/RS";"Sul";"Outros tipos de acidente";0;0;0;1;0;0;0;0;0;0;0;1;1;0;0
"13/02/2011";"17:25:00";"62";"com vítima";"533,7";"BR-116/RS";"Norte";"Colisão Traseira";0;0;1;0;0;0;0;0;0;0;0;0;1;0;0
"13/02/2011";"19:41:00";"75";"sem vítima";"66,9";"BR-392/RS";"Sul";"Abalr.Transversal";0;0;1;0;0;1;0;0;0;0;2;0;0;0;0
"13/02/2011";"22:28:00";"95";"sem vítima";"134,2";"BR-293/RS";"Norte";"Atropelamento de Animal";1;0;0;0;0;0;0;0;0;0;2;0;0;0;0
"13/02/2011";"23:05:00";"96";"sem vítima";"149,6";"BR-293/RS";"Norte";"Saída de Pista";1;0;0;0;0;0;0;0;0;0;2;0;0;0;0
"14/02/2011";"00:01:00";"1";"sem vítima";"568,7";"BR-116/RS";"Norte";"Atropelamento de Animal";1;0;0;0;0;0;0;0;0;0;1;0;0;0;0
"14/02/2011";"21:01:00";"93";"com vítima";"529,2";"BR-116/RS";"Norte";"Abalr.Transversal";1;0;0;1;0;0;0;0;0;0;3;0;1;0;0
"14/02/2011";"21:57:00";"96";"com vítima";"529,2";"BR-116/RS";"Sul";"Colisão Traseira";1;1;0;0;0;0;0;0;0;0;1;0;1;0;0
"15/02/2011";"08:35:00";"23";"com vítima";"515,7";"BR-116/RS";"Sul";"Colisão Traseira";0;0;0;1;0;0;0;0;0;0;0;0;1;0;0
"16/02/2011";"21:31:00";"112";"com vítima";"37";"BR-293/RS";"Norte";"Tombamento";0;0;1;0;0;0;0;0;0;0;0;2;0;0;0
"17/02/2011";"11:24:00";"37";"sem vítima";"403,7";"BR-116/RS";"Sul";"Saída de Pista";0;0;2;0;0;0;0;0;0;0;1;0;0;0;0
"19/02/2011";"07:17:00";"13";"com vítima";"519,7";"BR-116/RS";"Norte";"Atropelamento";1;0;4;0;0;0;0;0;0;0;3;2;0;0;0
"20/02/2011";"06:12:00";"11";"sem vítima";"103,5";"BR-392/RS";"Norte";"Saída de Pista";2;0;0;0;0;0;0;0;0;0;2;0;0;0;0
"20/02/2011";"12:21:00";"32";"sem vítima";"474,6";"BR-116/RS";"Norte";"Colisão Traseira";1;0;0;0;0;0;0;0;0;0;1;0;0;0;0
"20/02/2011";"14:59:00";"41";"sem vítima";"514,8";"BR-116/RS";"Sul";"Colisão Traseira";1;0;0;0;0;0;0;0;0;0;1;0;0;0;0
"20/02/2011";"19:26:00";"73";"com vítima";"71,5";"BR-392/RS";"Sul";"Colisão Traseira";0;0;1;1;0;0;0;0;0;0;1;0;0;0;1
"20/02/2011";"21:00:00";"81";"sem vítima";"115";"BR-293/RS";"Norte";"Atropelamento de Animal";0;0;2;0;0;0;0;0;0;0;1;0;0;0;0
"20/02/2011";"21:04:00";"82";"com vítima";"502,3";"BR-116/RS";"Sul";"Outros tipos de acidente";1;0;0;0;0;0;0;0;0;0;0;0;0;0;1
"21/02/2011";"15:50:00";"77";"sem vítima";"50,7";"BR-392/RS";"Norte";"Abalr.Transversal";1;0;1;0;0;0;0;0;0;0;2;0;0;0;0
"21/02/2011";"22:03:00";"112";"sem vítima";"526,5";"BR-116/RS";"Norte";"Abalr.Transversal";1;0;1;0;0;0;0;0;0;0;3;0;0;0;0
"21/02/2011";"22:38:00";"113";"sem vítima";"37,6";"BR-293/RS";"Norte";"Colisão Traseira";0;0;2;0;0;0;0;0;0;0;1;0;0;0;0
"22/02/2011";"02:02:00";"7";"com vítima";"104,3";"BR-392/RS";"Norte";"Saída de Pista";1;0;0;0;0;0;0;0;0;0;0;1;0;0;0
"22/02/2011";"10:18:00";"26";"sem vítima";"529,3";"BR-116/RS";"Sul";"Outros tipos de acidente";1;0;0;0;0;0;0;0;0;0;5;0;0;0;0
"22/02/2011";"11:16:00";"29";"com vítima";"516,9";"BR-116/RS";"Norte";"Abalr.Transversal";1;0;0;0;0;0;0;0;0;0;0;1;0;0;0
"23/02/2011";"06:10:00";"9";"sem vítima";"114,4";"BR-293/RS";"Norte";"Saída de Pista";1;0;0;0;0;0;0;0;0;0;1;0;0;0;0
"23/02/2011";"10:44:00";"29";"sem vítima";"526,4";"BR-116/RS";"Sul";"Colisão Traseira";3;0;0;0;0;0;0;0;0;0;9;0;0;0;0
"23/02/2011";"18:21:00";"74";"com vítima";"475,4";"BR-116/RS";"Sul";"Saída de Pista";2;0;0;0;0;0;0;0;0;0;0;3;0;0;4
"24/02/2011";"00:08:00";"2";"com vítima";"157,2";"BR-392/RS";"Sul";"Colisão Traseira";0;0;0;1;0;0;0;0;0;0;0;0;1;1;0
"24/02/2011";"07:28:00";"18";"com vítima";"62,4";"BR-392/RS";"Sul";"Tombamento";0;0;2;0;0;0;0;0;0;0;0;1;0;0;0
"24/02/2011";"08:46:00";"26";"com vítima";"475,1";"BR-116/RS";"Norte";"Saída de Pista";0;0;0;2;0;0;0;0;0;0;1;0;1;0;0
"24/02/2011";"20:20:00";"107";"com vítima";"2,3";"BR-604/RS";"Sul";"Saída de Pista";1;0;0;1;0;0;0;0;0;0;0;1;1;0;0
"24/02/2011";"20:48:00";"108";"sem vítima";"61";"BR-392/RS";"Sul";"Saída de Pista";0;0;2;0;0;0;0;0;0;0;1;0;0;0;0
"24/02/2011";"22:35:00";"118";"sem vítima";"453,4";"BR-116/RS";"Sul";"Abalr.Transversal";1;0;0;0;0;0;0;0;0;0;2;0;0;0;0
"24/02/2011";"23:13:00";"120";"com vítima";"523,9";"BR-116/RS";"Norte";"Tombamento";1;0;0;0;0;0;0;0;0;0;0;1;1;0;0
"25/02/2011";"07:09:00";"11";"com vítima";"419,3";"BR-116/RS";"Sul";"Saída de Pista";1;0;0;0;0;0;0;0;0;0;0;0;1;0;0
"25/02/2011";"10:55:00";"31";"com vítima";"529,2";"BR-116/RS";"Norte";"Abalr.Transversal";1;0;0;1;0;0;0;0;0;0;1;0;1;0;0
"25/02/2011";"15:57:00";"71";"com vítima";"65";"BR-392/RS";"Norte";"Saída de Pista";2;0;2;0;0;0;0;0;0;0;4;1;0;0;0
"26/02/2011";"15:12:00";"53";"sem vítima";"87,9";"BR-392/RS";"Norte";"Tombamento";0;0;2;0;0;0;0;0;0;0;1;0;0;0;0
"26/02/2011";"19:22:00";"77";"sem vítima";"112,3";"BR-392/RS";"Norte";"Saída de Pista";0;0;2;0;0;0;0;0;0;0;1;0;0;0;0
"26/02/2011";"19:52:00";"81";"com vítima";"15,6";"BR-293/RS";"Norte";"Abalr.Transversal";1;0;1;0;0;0;0;0;0;0;1;3;1;0;0
"26/02/2011";"20:17:00";"83";"sem vítima";"29,5";"BR-392/RS";"Norte";"Abalr.Transversal";1;0;0;0;0;0;0;0;0;0;1;0;0;0;0
"27/02/2011";"17:44:00";"68";"sem vítima";"0,4";"BR-604/RS";"Sul";"Colisão Traseira";1;0;0;0;0;0;0;0;0;0;1;0;0;0;0
"27/02/2011";"18:38:00";"75";"com vítima";"8,8";"BR-392/RS";"Norte";"Colisão Traseira";1;0;0;1;0;0;0;0;0;0;1;0;0;1;1
"27/02/2011";"20:05:00";"89";"com vítima";"526,4";"BR-116/RS";"Norte";"Abalr.Transversal";2;0;1;0;0;0;0;0;0;0;4;0;1;0;0
"27/02/2011";"22:33:00";"102";"sem vítima";"482";"BR-116/RS";"Norte";"Colisão Frontal";2;0;0;0;0;0;0;0;0;0;3;0;0;0;0
"28/02/2011";"11:54:00";"51";"com vítima";"526,4";"BR-116/RS";"Norte";"Abalr.Transversal";0;0;1;1;0;0;0;0;0;0;2;0;1;0;0
"28/02/2011";"17:27:00";"72";"sem vítima";"65,1";"BR-392/RS";"Norte";"Colisão Traseira";0;0;0;0;1;0;0;0;0;0;1;0;0;0;0
"01/03/2011";"11:04:00";"51";"sem vítima";"42,5";"BR-392/RS";"Norte";"Colisão Traseira";2;0;0;0;0;0;0;0;0;0;3;0;0;0;0
"01/03/2011";"14:07:00";"75";"com vítima";"137,2";"BR-293/RS";"Norte";"Abalroamento Transversal";1;0;0;0;0;0;0;0;0;0;1;0;1;0;0
"01/03/2011";"17:40:00";"93";"sem vítima";"43,2";"BR-392/RS";"Norte";"Abalroamento mesmo sentido";1;0;0;0;0;0;0;0;0;0;1;0;0;0;0
"01/03/2011";"22:43:00";"115";"com vítima";"28";"BR-392/RS";"Norte";"Colisão com Objeto Fixo";1;0;0;1;0;0;0;0;0;0;2;0;1;0;0
"02/03/2011";"13:22:00";"64";"sem vítima";"464";"BR-116/RS";"Sul";"Colisão Traseira";1;0;0;0;0;0;0;0;0;0;1;0;0;0;0
"02/03/2011";"20:39:00";"103";"com vítima";"32";"BR-392/RS";"Sul";"Colisão Traseira";1;0;0;1;0;0;0;0;0;0;1;1;1;0;0
"03/03/2011";"17:27:00";"71";"sem vítima";"411,9";"BR-116/RS";"Sul";"Outros tipos de acidente";2;0;0;0;0;0;0;0;0;0;2;0;0;0;0
"03/03/2011";"22:12:00";"100";"sem vítima";"76,4";"BR-392/RS";"Sul";"Colisão Traseira";0;0;1;0;0;0;0;0;0;0;1;0;0;0;0
"04/03/2011";"06:01:00";"12";"sem vítima";"29,1";"BR-293/RS";"Norte";"Saida de Pista";2;0;0;0;0;0;0;0;0;0;6;0;0;0;0
"04/03/2011";"07:05:00";"15";"sem vítima";"19,4";"BR-392/RS";"Norte";"Abalroamento Transversal";1;0;2;0;0;0;0;0;0;0;2;0;0;0;0
"04/03/2011";"15:07:00";"76";"com vítima";"3";"BR-392/RS";"Norte";"Tombamento";1;0;1;0;0;0;0;0;0;0;1;0;1;0;0
"04/03/2011";"21:03:00";"117";"com vítima";"419";"BR-116/RS";"Sul";"Atropelamento de animal";0;0;0;1;0;0;0;0;0;0;0;0;1;0;0
"04/03/2011";"23:07:00";"126";"sem vítima";"76,3";"BR-392/RS";"Sul";"Colisão Traseira";1;0;0;0;0;0;0;0;0;0;2;0;0;0;0
"06/03/2011";"10:11:00";"33";"sem vítima";"470,5";"BR-116/RS";"Norte";"Outros tipos de acidente";0;0;1;0;0;0;0;0;0;0;1;0;0;0;0
"06/03/2011";"14:45:00";"58";"com vítima";"631,1";"BR-116/RS";"Sul";"Saida de Pista";1;0;0;1;0;0;0;0;0;0;2;1;0;0;0
"06/03/2011";"20:09:00";"87";"sem vítima";"482,1";"BR-116/RS";"Norte";"Saida de Pista";1;0;0;0;0;0;0;0;0;0;3;0;0;0;0
"06/03/2011";"20:39:00";"89";"com vítima";"529,6";"BR-116/RS";"Sul";"Abalroamento Transversal";2;0;0;0;0;0;0;0;0;0;6;1;0;0;0
"06/03/2011";"21:52:00";"96";"sem vítima";"557,6";"BR-116/RS";"Sul";"Saida de Pista";0;0;2;0;0;0;0;0;0;0;1;0;0;0;0
"08/03/2011";"17:48:00";"79";"com vítima";"52,3";"BR-392/RS";"Norte";"Colisão Traseira";1;0;0;0;0;0;0;0;0;0;3;1;0;0;0
"08/03/2011";"19:24:00";"96";"com vítima";"526,5";"BR-116/RS";"Sul";"Tombamento";0;0;1;0;0;0;0;0;0;0;0;2;0;0;0
"08/03/2011";"23:32:00";"115";"sem vítima";"26,5";"BR-392/RS";"Sul";"Outros tipos de acidente";2;0;0;0;0;0;0;0;0;0;6;0;0;0;0
"09/03/2011";"04:28:00";"12";"sem vítima";"595,4";"BR-116/RS";"Norte";"Outros tipos de acidente";1;0;0;0;1;0;0;0;0;0;14;0;0;0;0
"09/03/2011";"16:23:00";"79";"sem vítima";"475,1";"BR-116/RS";"Norte";"Saida de Pista";0;0;1;0;0;0;0;0;0;0;1;0;0;0;0
"10/03/2011";"00:01:00";"1";"sem vítima";"471";"BR-116/RS";"Norte";"Abalroamento em Sent.Oposto";0;0;2;0;0;0;0;0;0;0;1;0;0;0;0
"11/03/2011";"08:13:00";"22";"sem vítima";"517,3";"BR-116/RS";"Sul";"Saida de Pista";1;0;0;0;0;0;0;0;0;0;1;0;0;0;0
"11/03/2011";"08:21:00";"23";"sem vítima";"121,8";"BR-392/RS";"Norte";"Saida de Pista";0;0;1;0;0;0;0;0;0;0;2;0;0;0;0
"11/03/2011";"12:45:00";"44";"sem vítima";"194";"BR-392/RS";"Norte";"Saida de Pista";2;0;1;0;0;0;0;0;0;0;4;0;0;0;0
"11/03/2011";"14:59:00";"55";"sem vítima";"99,5";"BR-392/RS";"Sul";"Tombamento";1;0;0;0;0;0;0;0;0;0;1;0;0;0;0
"13/03/2011";"16:49:00";"53";"com vítima";"66,9";"BR-392/RS";"Sul";"Abalroamento Transversal";2;0;0;0;0;0;0;0;0;0;2;0;2;3;0
"14/03/2011";"16:58:00";"67";"sem vítima";"81,9";"BR-392/RS";"Norte";"Colisão Traseira";0;0;1;0;0;0;0;0;0;0;1;0;0;0;0
"15/03/2011";"05:42:00";"11";"sem vítima";"123,5";"BR-392/RS";"Sul";"Colisão Traseira";1;0;0;0;0;0;0;0;0;0;1;0;0;0;0
"16/03/2011";"09:39:00";"38";"sem vítima";"516,9";"BR-116/RS";"Norte";"Abalroamento Transversal";2;0;0;0;0;1;0;0;0;0;8;0;0;0;0
"16/03/2011";"11:09:00";"46";"sem vítima";"60,3";"BR-392/RS";"Norte";"Colisão Traseira";2;0;0;0;0;0;0;0;0;0;4;0;0;0;0
"16/03/2011";"17:53:00";"87";"com vítima";"34";"BR-392/RS";"Norte";"Abalroamento em Sent.Oposto";0;0;2;1;0;0;0;0;0;0;1;0;1;0;0
"17/03/2011";"20:19:00";"98";"com vítima";"18,3";"BR-392/RS";"Sul";"Abalroamento Transversal";1;0;0;1;0;1;0;0;0;0;2;0;0;1;0
"17/03/2011";"22:47:00";"101";"com vítima";"190,2";"BR-392/RS";"Sul";"Tombamento";1;0;0;0;0;0;0;0;0;0;0;3;1;0;0
"18/03/2011";"01:32:00";"5";"com vítima";"190,2";"BR-392/RS";"Sul";"Saida de Pista";1;0;1;0;0;0;0;0;0;0;3;0;1;0;0
"18/03/2011";"06:44:00";"13";"sem vítima";"76,8";"BR-293/RS";"Norte";"Saida de Pista";1;0;0;0;0;0;0;0;0;0;2;0;0;0;0
"18/03/2011";"22:49:00";"99";"sem vítima";"63,3";"BR-392/RS";"Sul";"Tombamento";3;0;0;0;0;0;0;0;0;0;6;0;0;0;0
"19/03/2011";"02:12:00";"7";"sem vítima";"118,6";"BR-392/RS";"Norte";"Colisão com Objeto Fixo";1;0;0;0;0;0;0;0;0;0;4;0;0;0;0
"19/03/2011";"04:15:00";"15";"com vítima";"1,3";"BR-604/RS";"Sul";"Saida de Pista";1;0;0;0;1;0;0;0;0;0;28;0;0;2;0
"19/03/2011";"19:25:00";"96";"sem vítima";"529,6";"BR-116/RS";"Norte";"Abalroamento Transversal";1;0;0;0;0;1;0;0;0;0;2;0;0;0;0
"19/03/2011";"19:43:00";"97";"sem vítima";"66,8";"BR-392/RS";"Norte";"Abalroamento mesmo sentido";0;0;3;0;0;0;0;0;0;0;2;0;0;0;0
"19/03/2011";"22:27:00";"111";"sem vítima";"451,5";"BR-116/RS";"Norte";"Colisão Frontal";0;0;0;0;1;0;0;0;0;0;2;0;0;0;0
"20/03/2011";"02:04:00";"12";"sem vítima";"95,4";"BR-293/RS";"Norte";"Saida de Pista";0;0;1;0;0;0;0;0;0;0;1;0;0;0;0
"20/03/2011";"14:24:00";"54";"sem vítima";"76,2";"BR-392/RS";"Sul";"Abalroamento Transversal";1;0;0;0;0;0;0;0;0;0;2;0;0;0;0
"20/03/2011";"18:09:00";"73";"sem vítima";"83,7";"BR-392/RS";"Sul";"Abalroamento Transversal";1;0;0;0;0;0;0;0;0;0;1;0;0;0;0
"21/03/2011";"00:14:00";"3";"sem vítima";"28,8";"BR-392/RS";"Sul";"Outros tipos de acidente";1;0;0;0;0;0;0;0;0;0;2;0;0;0;0
"21/03/2011";"08:32:00";"29";"sem vítima";"25,1";"BR-392/RS";"Sul";"Colisão Traseira";0;0;0;1;0;0;0;0;0;0;2;0;0;0;0
"21/03/2011";"08:52:00";"31";"com vítima";"78,5";"BR-392/RS";"Sul";"Saida de Pista";1;0;1;0;0;0;0;0;0;0;5;0;1;0;0
"21/03/2011";"10:29:00";"38";"com vítima";"117";"BR-392/RS";"Sul";"Abalroamento Transversal";1;0;2;0;0;0;0;0;0;0;1;1;0;0;0
"22/03/2011";"18:25:00";"93";"sem vítima";"536,6";"BR-116/RS";"Sul";"Abalroamento mesmo sentido";1;0;0;1;0;0;0;0;0;0;2;0;0;0;0
"22/03/2011";"22:18:00";"119";"com vítima";"52,2";"BR-392/RS";"Sul";"Colisão com Objeto Fixo";1;0;0;1;0;0;0;0;0;0;1;0;0;1;0
"23/03/2011";"08:25:00";"24";"com vítima";"49,3";"BR-392/RS";"Sul";"Colisão Traseira";1;0;1;0;0;0;0;0;0;0;1;2;0;0;0
"23/03/2011";"12:06:00";"56";"com vítima";"0,8";"BR-604/RS";"Sul";"Abalroamento mesmo sentido";1;0;0;1;0;0;0;0;0;0;3;1;0;1;0
"23/03/2011";"18:02:00";"91";"com vítima";"520,9";"BR-116/RS";"Sul";"Abalroamento Transversal";1;1;0;0;0;0;0;0;0;0;2;0;1;0;0
"24/03/2011";"06:09:00";"12";"sem vítima";"110,4";"BR-392/RS";"Sul";"Saida de Pista";0;0;1;0;0;0;0;0;0;0;2;0;0;0;0
"24/03/2011";"13:52:00";"51";"com vítima";"526,3";"BR-116/RS";"Norte";"Tombamento";0;0;0;1;0;0;0;0;0;0;0;1;0;0;0
"24/03/2011";"17:24:00";"68";"com vítima";"519,3";"BR-116/RS";"Sul";"Abalroamento Transversal";2;0;0;0;0;0;0;0;0;0;0;1;2;0;0
"24/03/2011";"21:33:00";"91";"sem vítima";"411,9";"BR-116/RS";"Norte";"Outros tipos de acidente";1;0;2;0;0;0;0;0;0;0;3;0;0;0;0
"25/03/2011";"07:57:00";"20";"com vítima";"6,7";"BR-392/RS";"Sul";"Abalroamento Sentido Oposto";0;1;1;0;0;0;0;0;0;0;1;0;0;1;0
"25/03/2011";"11:06:00";"37";"sem vítima";"0,8";"BR-392/RS";"Norte";"Tombamento";0;0;2;0;1;0;0;0;0;0;2;0;0;0;0
"25/03/2011";"13:50:00";"50";"sem vítima";"66,9";"BR-392/RS";"Sul";"Abalroamento Transversal";0;0;0;0;1;0;0;0;0;0;9;0;0;0;0