data;horario;n_da_ocorrencia;tipo_de_ocorrencia;km;trecho;sentido;tipo_de_acidente;automovel;bicicleta;caminhao;moto;onibus;outros;tracao_animal;transporte_de_cargas_especiais;trator_maquinas;utilitarios;ilesos;levemente_feridos;moderadamente_feridos;gravemente_feridos;mortos
"07/09/2011";"23:09:00";"103";"com vítima";"481,8";"BR-116/RS";"Sul";"Tombamento";0;0;0;1;0;1;0;0;0;0;1;0;1;0;0
"08/09/2011";"08:18:00";"22";"com vítima";"14";"BR-293/RS";"Norte";"Atropelamento";1;0;0;1;0;0;0;0;0;0;1;1;0;0;0
"08/09/2011";"15:05:00";"65";"com vítima";"0,8";"BR-604/RS";"Sul";"Colisão Traseira";0;0;0;1;0;0;0;0;0;0;1;0;1;0;0
"08/09/2011";"16:06:00";"75";"sem vítima";"482,6";"BR-116/RS";"Norte";"Colisão Traseira";1;0;0;0;0;0;0;0;0;0;1;0;0;0;0
"08/09/2011";"21:37:00";"103";"com vítima";"94";"BR-392/RS";"Norte";"Tombamento";1;1;0;0;0;0;0;0;0;0;3;0;0;1;0
"09/09/2011";"04:39:00";"13";"com vítima";"527,5";"BR-116/RS";"Sul";"Colisão com objeto fixo";1;0;0;1;0;0;0;0;0;0;1;0;1;2;0
"09/09/2011";"09:35:00";"29";"com vítima";"527,7";"BR-116/RS";"Norte";"Colisão Traseira";1;0;0;0;1;0;0;0;0;0;5;2;0;2;0
"09/09/2011";"23:19:00";"117";"sem vítima";"127,3";"BR-293/RS";"Norte";"Colisão com objeto fixo";1;0;0;1;0;0;0;0;0;0;2;0;0;0;0
"10/09/2011";"01:27:00";"6";"com vítima";"14,4";"BR-293/RS";"Norte";"Atropelamento de animal";0;0;0;1;0;0;0;0;0;0;0;1;0;0;0
"10/09/2011";"02:02:00";"7";"sem vítima";"90,3";"BR-392/RS";"Sul";"Tombamento";0;0;1;0;0;1;0;0;0;0;2;0;0;0;0
"10/09/2011";"07:16:00";"19";"com vítima";"413,4";"BR-116/RS";"Sul";"Colisão Frontal";0;0;0;1;0;0;0;0;0;0;0;1;0;0;0
"10/09/2011";"10:02:00";"25";"sem vítima";"529,3";"BR-116/RS";"Sul";"Abalr.Transversal";1;0;0;0;0;0;0;0;0;0;4;0;0;0;0
"12/09/2011";"00:24:00";"4";"com vítima";"91,1";"BR-392/RS";"Norte";"Saída de Pista";1;0;0;0;0;0;0;0;0;0;0;2;2;1;0
"12/09/2011";"07:09:00";"12";"com vítima";"530,3";"BR-116/RS";"Norte";"Atropelamento de animal";1;0;0;0;0;0;0;0;0;0;1;1;0;0;0
"12/09/2011";"10:38:00";"39";"sem vítima";"42,3";"BR-392/RS";"Sul";"Colisão Traseira";2;0;0;0;0;0;0;0;0;0;2;0;0;0;0
"12/09/2011";"16:27:00";"81";"sem vítima";"415,2";"BR-116/RS";"Sul";"Abalr.Transversal";0;0;0;1;0;0;0;0;0;0;1;0;0;0;0
"13/09/2011";"07:43:00";"28";"sem vítima";"426,4";"BR-116/RS";"Norte";"Saída de Pista";1;0;0;0;0;0;0;0;0;0;4;0;0;0;0
"14/09/2011";"01:43:00";"10";"com vítima";"117";"BR-392/RS";"Norte";"Saída de Pista";0;0;0;1;0;0;0;0;0;0;0;2;0;0;0
"14/09/2011";"15:52:00";"60";"com vítima";"516,1";"BR-116/RS";"Norte";"Abalr.Transversal";1;0;2;1;1;0;0;0;0;0;1;1;4;0;1
"14/09/2011";"16:04:00";"61";"com vítima";"73,1";"BR-392/RS";"Sul";"Colisão Traseira";1;0;0;0;0;0;0;0;0;0;0;1;2;0;0
"15/09/2011";"05:27:00";"16";"com vítima";"446,3";"BR-116/RS";"Sul";"Saída de Pista";0;0;0;2;0;0;0;0;0;0;0;2;0;0;0
"15/09/2011";"09:56:00";"28";"sem vítima";"485,8";"BR-116/RS";"Norte";"Abalr.Transversal";1;0;0;0;0;0;0;0;0;0;1;0;0;0;0
"15/09/2011";"10:13:00";"29";"sem vítima";"117,2";"BR-392/RS";"Sul";"Saída de Pista";1;0;0;0;0;0;0;0;0;0;3;0;0;0;0
"15/09/2011";"13:56:00";"53";"sem vítima";"454,2";"BR-116/RS";"Norte";"Abalroamento Mesmo Sentido";1;0;0;0;0;0;0;0;0;0;2;0;0;0;0
"16/09/2011";"04:09:00";"15";"com vítima";"429,8";"BR-116/RS";"Sul";"Colisão com objeto fixo";3;0;0;0;0;0;0;0;0;0;4;0;4;1;1
"16/09/2011";"17:53:00";"89";"sem vítima";"12,2";"BR-392/RS";"Norte";"Colisão Traseira";3;0;0;0;0;0;0;0;0;0;9;0;0;0;0
"16/09/2011";"18:21:00";"91";"com vítima";"514,4";"BR-116/RS";"Sul";"Abalr.Transversal";3;0;0;0;0;0;0;0;0;0;9;0;1;0;0
"17/09/2011";"01:50:00";"9";"sem vítima";"4,5";"BR-392/RS";"Sul";"Saída de Pista";2;0;0;0;0;5;0;0;0;0;0;0;0;0;0
"17/09/2011";"16:53:00";"75";"sem vítima";"467,9";"BR-116/RS";"Norte";"Tombamento";2;0;0;0;0;0;0;0;0;0;0;0;0;0;0
"18/09/2011";"00:34:00";"4";"sem vítima";"73,1";"BR-293/RS";"Norte";"Saída de Pista";1;0;0;0;0;0;0;0;0;0;4;0;0;0;0
"18/09/2011";"07:04:00";"14";"sem vítima";"59,6";"BR-392/RS";"Norte";"Colisão com objeto fixo";1;0;0;0;0;0;0;0;0;0;3;0;0;0;0
"18/09/2011";"18:49:00";"61";"com vítima";"93,4";"BR-392/RS";"Sul";"Abalr.Transversal";0;0;1;0;0;0;0;0;0;0;0;1;0;0;0
"18/09/2011";"23:45:00";"81";"com vítima";"437,5";"BR-116/RS";"Norte";"Abalroamento Mesmo Sentido";1;0;0;0;0;0;0;0;0;0;0;6;0;0;0
"19/09/2011";"18:24:00";"81";"com vítima";"12";"BR-392/RS";"Sul";"Abalroamento Transversal";1;0;0;0;0;0;0;0;0;0;0;1;0;0;0
"19/09/2011";"18:53:00";"87";"com vítima";"4";"BR-392/RS";"Sul";"Atropelamento de animal";1;1;0;0;0;0;0;0;0;0;3;1;0;0;0
"19/09/2011";"19:44:00";"94";"com vítima";"42,6";"BR-392/RS";"Norte";"Abalroamento Transversal";2;0;0;0;0;0;0;0;0;0;1;5;0;0;0
"19/09/2011";"20:01:00";"98";"com vítima";"4";"BR-392/RS";"Norte";"Colisão Traseira";0;0;0;1;0;0;0;0;0;0;0;1;1;0;0
"19/09/2011";"20:07:00";"99";"com vítima";"158";"BR-293/RS";"Norte";"Abalroamento Sentido Oposto";1;0;2;0;0;0;0;0;0;0;1;0;0;0;1
"20/09/2011";"15:20:00";"45";"com vítima";"442,4";"BR-116/RS";"Sul";"Saída de Pista";1;0;2;0;0;0;0;0;0;0;1;0;0;1;0
"21/09/2011";"01:08:00";"8";"com vítima";"11,7";"BR-293/RS";"Norte";"Saída de Pista";1;0;0;0;0;0;0;0;0;0;0;1;0;0;0
"21/09/2011";"01:43:00";"10";"sem vítima";"425";"BR-116/RS";"Norte";"Tombamento";0;0;3;0;0;0;0;0;0;0;3;0;0;0;0
"21/09/2011";"07:11:00";"21";"com vítima";"526,4";"BR-116/RS";"Norte";"Abalroamento Transversal";0;0;0;1;0;0;0;0;0;0;0;1;1;0;0
"21/09/2011";"21:12:00";"102";"com vítima";"468,3";"BR-116/RS";"Norte";"Colisão Traseira";2;0;0;1;0;0;0;0;0;0;5;1;0;0;0
"22/09/2011";"06:18:00";"15";"sem vítima";"5,3";"BR-392/RS";"Norte";"Abalroamento Transversal";2;0;0;0;0;0;0;0;0;0;4;0;0;0;0
"22/09/2011";"07:38:00";"22";"com vítima";"520,9";"BR-116/RS";"Sul";"Abalroamento Transversal";0;0;0;1;0;0;0;0;0;0;0;2;0;0;0
"22/09/2011";"16:31:00";"79";"com vítima";"38,8";"BR-392/RS";"Norte";"Saída de Pista";0;0;0;2;0;0;0;0;0;0;1;0;0;2;0
"22/09/2011";"18:56:00";"88";"sem vítima";"43";"BR-392/RS";"Norte";"Outros tipos de acidente";1;0;0;0;0;0;0;0;0;0;0;0;0;0;0
"22/09/2011";"19:46:00";"97";"com vítima";"3,9";"BR-392/RS";"Sul";"Colisão Traseira";0;0;2;0;0;0;0;0;0;0;0;1;0;0;0
"22/09/2011";"21:28:00";"109";"com vítima";"585,6";"BR-116/RS";"Sul";"Colisão Traseira";0;1;0;1;0;0;0;0;0;0;0;2;0;0;0
"23/09/2011";"14:42:00";"61";"com vítima";"117,7";"BR-392/RS";"Sul";"Saída de Pista";0;0;0;1;0;0;0;0;0;0;0;0;1;0;0
"23/09/2011";"15:05:00";"62";"sem vítima";"199,9";"BR-392/RS";"Norte";"Abalroamento Transversal";0;0;2;0;0;0;0;0;0;0;4;0;0;0;0
"23/09/2011";"15:26:00";"64";"com vítima";"120,7";"BR-392/RS";"Norte";"Abalroamento Transversal";0;0;0;1;0;0;0;0;0;0;0;1;0;0;0
"23/09/2011";"19:14:00";"93";"sem vítima";"117";"BR-392/RS";"Norte";"Saída de Pista";0;0;1;0;0;0;0;0;0;0;1;0;0;0;0
"23/09/2011";"20:19:00";"101";"com vítima";"117";"BR-392/RS";"Norte";"Saída de Pista";0;0;3;0;0;0;0;0;0;0;6;2;0;0;0
"23/09/2011";"20:19:00";"102";"sem vítima";"117";"BR-392/RS";"Norte";"Saída de Pista";0;0;2;0;0;0;0;0;0;0;2;0;0;0;0
"23/09/2011";"21:47:00";"108";"sem vítima";"17,4";"BR-293/RS";"Norte";"Abalr.Sentido Oposto";2;0;0;0;0;0;0;0;0;0;2;0;0;0;0
"24/09/2011";"21:27:00";"79";"sem vítima";"123,5";"BR-293/RS";"Norte";"Atropelamento de animal";1;0;0;0;0;0;0;0;0;0;1;0;0;0;0
"24/09/2011";"21:56:00";"80";"com vítima";"37";"BR-392/RS";"Norte";"Abalroamento no Mesmo Sentido";1;0;0;0;0;0;0;0;0;0;0;1;0;0;0
"25/09/2011";"00:28:00";"2";"com vítima";"570,6";"BR-116/RS";"Sul";"Saída de Pista";1;0;0;0;0;0;0;0;0;0;0;3;0;0;0
"25/09/2011";"21:30:00";"81";"com vítima";"485,4";"BR-116/RS";"Sul";"Saída de Pista";1;0;0;0;0;0;0;0;0;0;0;0;1;0;0
"26/09/2011";"04:48:00";"13";"com vítima";"526,4";"BR-116/RS";"Sul";"Saída de Pista";0;0;0;1;0;0;0;0;0;0;0;2;0;0;0
"26/09/2011";"06:48:00";"17";"com vítima";"102,6";"BR-293/RS";"Norte";"Saída de Pista";1;0;0;1;0;0;0;0;0;0;2;1;1;0;0
"26/09/2011";"10:27:00";"41";"com vítima";"18";"BR-392/RS";"Sul";"Abalroamento Transversal";0;0;0;1;0;0;0;0;0;0;0;1;0;0;0
"27/09/2011";"17:01:00";"84";"com vítima";"16,3";"BR-392/RS";"Sul";"Abalroamento Transversal";1;0;0;0;0;0;0;0;0;0;0;1;0;0;0
"27/09/2011";"17:04:00";"85";"sem vítima";"645";"BR-116/RS";"Sul";"Tombamento";0;0;2;0;0;0;0;0;0;0;4;0;0;0;0
"27/09/2011";"22:34:00";"119";"sem vítima";"122,1";"BR-392/RS";"Norte";"Outros tipos de acidente";0;0;4;0;0;0;0;0;0;0;1;0;0;0;0
"28/09/2011";"00:27:00";"2";"com vítima";"449";"BR-116/RS";"Norte";"Atropelamento de animal";1;0;2;0;0;0;0;0;0;0;2;0;0;2;2
"28/09/2011";"07:08:00";"17";"sem vítima";"526,6";"BR-116/RS";"Norte";"Colisão Traseira";1;0;0;0;0;0;0;0;0;0;3;0;0;0;0
"28/09/2011";"18:56:00";"98";"sem vítima";"5";"BR-392/RS";"Sul";"Tombamento";0;0;3;0;0;0;0;0;0;0;3;0;0;0;0
"28/09/2011";"21:06:00";"110";"com vítima";"519,3";"BR-116/RS";"Norte";"Abalroamento Transversal";1;0;1;0;0;0;0;0;0;0;2;0;2;2;0
"29/09/2011";"02:15:00";"10";"com vítima";"139";"BR-392/RS";"Norte";"Saída de Pista";1;0;0;0;0;0;0;0;0;0;0;1;0;0;0
"29/09/2011";"05:30:00";"11";"com vítima";"474,6";"BR-116/RS";"Sul";"Outros tipos de acidente";1;0;0;0;0;0;0;0;0;0;0;1;0;0;0
"29/09/2011";"07:09:00";"14";"com vítima";"9,8";"BR-392/RS";"Sul";"Abalroamento Transversal";1;0;2;0;0;0;0;0;0;0;4;2;0;0;0
"29/09/2011";"09:30:00";"23";"com vítima";"510";"BR-116/RS";"Norte";"Abalroamento Transversal";1;0;0;0;0;0;0;0;0;0;0;1;0;0;0
"29/09/2011";"21:36:00";"100";"com vítima";"5,5";"BR-392/RS";"Norte";"Saída de Pista";1;0;0;1;0;0;0;0;0;0;2;0;1;0;0
"30/09/2011";"03:50:00";"12";"com vítima";"65,5";"BR-392/RS";"Norte";"Abalroamento Transversal";0;0;0;1;0;0;0;0;0;0;0;0;1;0;0
"30/09/2011";"09:47:00";"26";"com vítima";"6,4";"BR-392/RS";"Sul";"Abalroamento Transversal";0;0;1;0;0;0;0;0;0;0;1;1;0;0;0
"30/09/2011";"18:58:00";"86";"sem vítima";"63,7";"BR-293/RS";"Norte";"Saída de Pista";1;0;0;0;1;0;0;0;0;0;29;0;0;0;0
"01/10/2011";"00:46:00";"2";"sem vítima";"460,5";"BR-116/RS";"Norte";"Saída de Pista";2;0;0;0;0;0;0;0;0;0;3;0;0;0;0
"01/10/2011";"06:48:00";"20";"sem vítima";"119,8";"BR-392/RS";"Sul";"Colisão com Objeto Fixo";1;0;1;0;0;0;0;0;0;0;2;0;0;0;0
"02/10/2011";"22:21:00";"80";"sem vítima";"400,8";"BR-116/RS";"Norte";"Colisão Traseira";1;0;0;0;0;0;0;0;0;0;2;0;0;0;0
"03/10/2011";"17:07:00";"52";"com vítima";"42,6";"BR-392/RS";"Sul";"Abalroamento Mesmo Sentido";1;0;1;0;0;0;0;0;0;0;1;0;1;0;0
"04/10/2011";"13:27:00";"52";"com vítima";"16,8";"BR-392/RS";"Sul";"Abalroamento Transversal";0;0;0;2;0;0;0;0;0;0;0;2;0;0;0
"04/10/2011";"23:06:00";"91";"sem vítima";"87,4";"BR-293/RS";"Norte";"Saída de Pista";0;0;2;0;0;0;0;0;0;0;1;0;0;0;0
"05/10/2011";"11:06:00";"36";"com vítima";"66,9";"BR-392/RS";"Norte";"Abalroamento Transversal";2;0;0;0;0;0;0;0;0;0;3;1;0;0;0
"05/10/2011";"11:38:00";"38";"sem vítima";"510,8";"BR-116/RS";"Norte";"Abalroamento Transversal";0;0;4;0;0;0;0;0;0;0;2;0;0;0;0
"06/10/2011";"14:41:00";"69";"com vítima";"32,2";"BR-392/RS";"Sul";"Abalroamento Transversal";0;0;2;1;0;0;0;0;0;0;1;1;1;0;0
"06/10/2011";"15:28:00";"77";"com vítima";"67";"BR-392/RS";"Norte";"Abalroamento Transversal";0;0;1;1;0;0;0;0;0;0;1;0;0;1;0
"06/10/2011";"16:29:00";"84";"com vítima";"534,1";"BR-116/RS";"Norte";"Colisão Traseira";1;0;0;1;0;0;0;0;0;0;3;0;2;0;0
"08/10/2011";"00:17:00";"1";"com vítima";"32";"BR-392/RS";"Norte";"Colisão Traseira";0;0;1;0;0;0;0;0;0;0;0;0;2;0;0
"08/10/2011";"06:44:00";"15";"sem vítima";"78";"BR-392/RS";"Norte";"Saída de Pista";1;0;0;0;0;0;0;0;0;0;2;0;0;0;0
"08/10/2011";"07:01:00";"16";"sem vítima";"17,5";"BR-392/RS";"Sul";"Abalroamento Sentido Oposto";2;0;0;0;0;0;0;0;0;0;3;0;0;0;0
"08/10/2011";"17:18:00";"61";"sem vítima";"531,8";"BR-116/RS";"Sul";"Tombamento";0;0;2;0;0;0;0;0;0;0;2;0;0;0;0
"09/10/2011";"03:47:00";"14";"sem vítima";"117,6";"BR-392/RS";"Sul";"Saída de Pista";1;0;0;0;0;0;0;0;0;0;1;0;0;0;0
"09/10/2011";"23:22:00";"99";"sem vítima";"77";"BR-392/RS";"Norte";"Saída de Pista";0;0;1;0;0;0;0;0;0;0;1;0;0;0;0
"10/10/2011";"04:21:00";"10";"sem vítima";"73,1";"BR-293/RS";"Norte";"Saída de Pista";1;0;5;0;0;0;0;0;0;0;6;0;0;0;0
"10/10/2011";"07:33:00";"14";"com vítima";"12";"BR-293/RS";"Norte";"Colisão Traseira";1;0;0;0;0;0;0;0;0;0;1;1;0;0;0
"10/10/2011";"12:03:00";"46";"com vítima";"15,5";"BR-293/RS";"Norte";"Abalroamento Transversal";1;0;2;0;0;0;0;0;0;0;1;1;0;0;0
"10/10/2011";"18:25:00";"78";"sem vítima";"430,4";"BR-116/RS";"Sul";"Colisão Traseira";2;0;0;0;0;0;0;0;0;0;5;0;0;0;0
"10/10/2011";"19:28:00";"86";"com vítima";"18,2";"BR-392/RS";"Sul";"Atropelamento de animal";0;0;3;0;0;0;0;0;0;0;1;0;0;1;0
"10/10/2011";"20:13:00";"92";"com vítima";"19,4";"BR-392/RS";"Norte";"Abalroamento Transversal";1;0;0;1;0;0;0;0;0;0;1;0;1;0;0
"10/10/2011";"20:32:00";"93";"com vítima";"9,5";"BR-392/RS";"Norte";"Atropelamento";1;0;2;0;0;0;0;0;0;0;2;1;1;0;0
"11/10/2011";"04:23:00";"13";"com vítima";"94,1";"BR-392/RS";"Norte";"Capotamento";0;0;0;1;0;0;0;0;0;0;0;1;1;0;0
"11/10/2011";"17:52:00";"74";"com vítima";"12,1";"BR-392/RS";"Norte";"Abalroamento Transversal";0;0;0;1;0;0;0;0;0;0;0;1;0;0;0
"12/10/2011";"18:36:00";"68";"sem vítima";"35,4";"BR-293/RS";"Norte";"Abalroamento Transversal";0;0;2;0;0;0;0;0;0;0;1;0;0;0;0
"12/10/2011";"18:38:00";"69";"com vítima";"119,5";"BR-392/RS";"Sul";"Saída de Pista";0;0;0;1;0;0;0;0;0;0;0;2;0;0;0
"13/10/2011";"08:02:00";"14";"sem vítima";"13,7";"BR-293/RS";"Norte";"Abalroamento em mesmo sentido";0;0;0;1;0;0;0;0;0;0;1;0;0;0;0
"13/10/2011";"16:38:00";"55";"com vítima";"10,4";"BR-392/RS";"Norte";"Abalroamento Transversal";2;0;0;0;0;0;0;0;0;0;3;1;0;0;0
"13/10/2011";"18:04:00";"60";"com vítima";"2,9";"BR-392/RS";"Sul";"Abalroamento Transversal";1;0;0;0;0;0;0;0;0;0;0;0;1;0;0
"13/10/2011";"18:31:00";"64";"sem vítima";"600,3";"BR-116/RS";"Sul";"Saída de Pista";0;0;4;0;0;0;0;0;0;0;2;0;0;0;0
"13/10/2011";"19:17:00";"73";"com vítima";"450,7";"BR-116/RS";"Sul";"Colisão traseira";1;0;0;1;0;0;0;0;0;0;4;1;1;0;0
"13/10/2011";"21:48:00";"81";"sem vítima";"25,6";"BR-392/RS";"Norte";"Atropelamento de animal";1;0;1;0;0;0;0;0;0;0;6;0;0;0;0
"14/10/2011";"19:37:00";"94";"sem vítima";"33,2";"BR-293/RS";"Norte";"Atropelamento de animal";2;0;2;0;0;0;0;0;0;0;5;0;0;0;0
"14/10/2011";"22:23:00";"102";"com vítima";"87,8";"BR-293/RS";"Norte";"Atropelamento de animal";0;0;2;1;0;0;0;0;0;0;1;0;1;0;0
"14/10/2011";"22:39:00";"103";"com vítima";"481";"BR-116/RS";"Norte";"Saída de Pista";1;0;0;0;0;0;0;0;0;0;0;0;1;0;0
"15/10/2011";"08:40:00";"21";"com vítima";"1,6";"BR-392/RS";"Norte";"Abalroamento Sentido Oposto";1;0;0;0;0;0;0;0;0;0;0;1;1;0;0
"15/10/2011";"12:01:00";"45";"com vítima";"13,4";"BR-392/RS";"Norte";"Colisão Traseira";0;0;0;1;0;0;0;0;0;0;0;1;0;0;0
"16/10/2011";"11:28:00";"22";"sem vítima";"521,4";"BR-116/RS";"Norte";"Abalr. Transversal";0;0;1;0;0;0;0;0;0;0;1;0;0;0;0
"16/10/2011";"18:50:00";"70";"com vítima";"76,6";"BR-392/RS";"Sul";"Colisão Traseira";1;0;0;0;0;0;0;0;0;0;0;1;0;0;0
"16/10/2011";"21:03:00";"83";"sem vítima";"481,5";"BR-116/RS";"Norte";"Abalr. Transversal";1;0;0;0;0;0;0;0;0;0;1;0;0;0;0
"16/10/2011";"23:13:00";"91";"com vítima";"562,2";"BR-116/RS";"Norte";"Saída de pista";1;0;0;0;0;0;0;0;0;0;0;3;0;0;0
"17/10/2011";"00:52:00";"1";"com vítima";"525,2";"BR-116/RS";"Sul";"Tombamento";1;0;0;0;0;0;0;0;0;0;0;1;0;0;0
"17/10/2011";"07:13:00";"16";"com vítima";"66,9";"BR-392/RS";"Sul";"Abalr. Transversal";1;0;0;0;0;0;0;0;0;0;0;1;0;0;0
"17/10/2011";"16:02:00";"71";"com vítima";"14,7";"BR-392/RS";"Norte";"Colisão Traseira";1;0;2;0;0;0;0;0;0;0;2;3;1;1;1
"17/10/2011";"21:36:00";"115";"com vítima";"26,8";"BR-392/RS";"Norte";"Saída de Pista";1;0;1;0;0;0;0;0;0;0;2;1;1;0;0
"18/10/2011";"06:26:00";"15";"sem vítima";"406,1";"BR-116/RS";"Norte";"Atropelamento de animal";1;0;0;0;1;0;0;0;0;0;25;0;0;0;0
"18/10/2011";"20:01:00";"103";"com vítima";"29,9";"BR-392/RS";"Norte";"Abalroamento Transversal";0;0;0;1;0;0;0;0;0;0;0;1;0;0;0
"18/10/2011";"20:42:00";"108";"sem vítima";"626,4";"BR-116/RS";"Norte";"Atropelamento de animal";4;0;0;0;0;0;0;0;0;0;7;0;0;0;0
"19/10/2011";"17:33:00";"80";"com vítima";"525,5";"BR-116/RS";"Norte";"Abalroamento Transversal";1;0;2;0;0;0;0;0;0;0;4;1;0;0;0
"19/10/2011";"17:50:00";"82";"sem vítima";"19,4";"BR-392/RS";"Norte";"Abalroamento Transversal";2;0;0;0;0;0;0;0;0;0;8;0;0;0;0
"19/10/2011";"20:58:00";"105";"com vítima";"112,5";"BR-392/RS";"Norte";"Abalroamento Transversal";1;0;0;1;0;0;0;0;0;0;0;2;1;0;0
"20/10/2011";"17:57:00";"79";"sem vítima";"507,9";"BR-116/RS";"Norte";"Colisão frontal";2;0;0;0;0;0;0;0;0;0;7;0;0;0;0
"21/10/2011";"04:55:00";"13";"sem vítima";"38,6";"BR-392/RS";"Norte";"Saída de Pista";1;0;0;0;0;0;0;0;0;0;3;0;0;0;0
"23/10/2011";"23:00:00";"86";"sem vítima";"529,6";"BR-116/RS";"Norte";"Tombamento";1;0;0;0;0;0;0;0;0;0;1;0;0;0;0
"24/10/2011";"01:29:00";"6";"com vítima";"420,6";"BR-116/RS";"Sul";"Saída de Pista";1;0;0;0;0;0;0;0;0;0;0;1;0;0;0
"24/10/2011";"14:53:00";"60";"com vítima";"519,2";"BR-116/RS";"Sul";"Abalroamento Transversal";1;0;0;1;0;0;0;0;0;0;2;0;0;1;0
"25/10/2011";"12:47:00";"45";"com vítima";"67,3";"BR-293/RS";"Norte";"Tombamento";0;0;0;1;0;0;0;0;0;0;0;0;1;0;0
"25/10/2011";"15:40:00";"61";"com vítima";"43,4";"BR-392/RS";"Sul";"Abalromanemto mesmo sentido";3;0;3;0;0;0;0;0;0;0;8;1;0;0;0
"25/10/2011";"19:20:00";"86";"sem vítima";"42,7";"BR-392/RS";"Sul";"Colisão Traseira";2;0;0;0;0;0;0;0;0;0;7;0;0;0;0
"26/10/2011";"19:18:00";"74";"sem vítima";"66,9";"BR-392/RS";"Sul";"Abalroamento Transversal";1;0;0;0;0;0;0;0;0;0;1;0;0;0;0
"27/10/2011";"09:08:00";"24";"com vítima";"487,7";"BR-116/RS";"Sul";"Abalroamento Sentido Oposto";0;1;0;1;0;0;0;0;0;0;0;0;3;0;0
"28/10/2011";"08:51:00";"17";"sem vítima";"453";"BR-116/RS";"Sul";"Abalroamento em mesmo sentido";2;0;0;0;0;0;0;0;0;0;4;0;0;0;0
"28/10/2011";"11:23:00";"39";"sem vítima";"21,8";"BR-293/RS";"Norte";"Colisão Traseira";1;0;0;0;0;0;0;0;0;0;1;0;0;0;0
"28/10/2011";"18:37:00";"93";"sem vítima";"474";"BR-116/RS";"Norte";"Colisão frontal";3;0;0;0;0;0;0;0;0;0;4;0;0;0;0
"29/10/2011";"13:45:00";"63";"sem vítima";"528";"BR-116/RS";"Sul";"Outros Tipos de Acidente";2;0;0;0;0;0;0;0;0;0;8;0;0;0;0
"30/10/2011";"16:55:00";"55";"com vítima";"530,1";"BR-116/RS";"Sul";"Abalroamento Transversal";1;0;2;0;0;0;0;0;0;0;2;1;1;0;0
"30/10/2011";"17:25:00";"58";"sem vítima";"493,6";"BR-116/RS";"Sul";"Tombamento";1;0;2;0;0;0;0;0;0;0;5;0;0;0;0
"30/10/2011";"20:38:00";"82";"sem vítima";"477,6";"BR-116/RS";"Norte";"Colisão Traseira";1;0;0;0;0;0;0;0;0;0;2;0;0;0;0
"01/11/2011";"01:51:00";"7";"sem vítima";"463,7";"BR-116/RS";"Norte";"Colisão Traseira";2;0;0;0;0;0;0;0;0;0;6;0;0;0;0
"01/11/2011";"11:35:00";"37";"sem vítima";"90,7";"BR-392/RS";"Norte";"Colisão Traseira";0;0;2;0;0;0;0;0;0;0;1;0;0;0;0
"01/11/2011";"19:12:00";"83";"com vítima";"519,2";"BR-116/RS";"Norte";"Colisão Traseira";1;0;0;1;0;0;0;0;0;0;1;0;0;1;0
"01/11/2011";"21:13:00";"97";"com vítima";"103,1";"BR-392/RS";"Sul";"Colisão Traseira";2;0;1;0;0;0;0;0;0;0;2;0;0;1;0
"02/11/2011";"08:58:00";"18";"com vítima";"510,6";"BR-116/RS";"Sul";"Abalr. Transversal";0;0;2;1;0;0;0;0;0;0;1;0;0;1;0
"02/11/2011";"09:57:00";"27";"sem vítima";"614,7";"BR-116/RS";"Norte";"Abalr. Transversal";0;0;2;0;0;0;0;0;0;0;1;0;0;0;0
"03/11/2011";"20:28:00";"90";"sem vítima";"8,5";"BR-392/RS";"Norte";"Colisão Traseira";1;0;1;0;0;0;0;0;0;0;4;0;0;0;0
"04/11/2011";"15:25:00";"73";"com vítima";"520,9";"BR-116/RS";"Sul";"Abalr. Transversal";1;0;2;0;0;0;0;0;0;0;1;1;0;0;0
"04/11/2011";"15:54:00";"75";"com vítima";"427,5";"BR-116/RS";"Norte";"Abalr. Transversal";1;0;0;0;0;0;0;0;0;0;0;1;0;1;0
"05/11/2011";"12:04:00";"44";"com vítima";"83";"BR-392/RS";"Sul";"Capotamento";0;0;0;1;0;0;0;0;0;0;0;0;2;0;0
"06/11/2011";"03:44:00";"12";"sem vítima";"58,7";"BR-392/RS";"Sul";"Atropelamento de Animal";1;0;0;0;0;0;0;0;0;0;1;0;0;0;0
"06/11/2011";"17:56:00";"59";"sem vítima";"86";"BR-392/RS";"Sul";"Abalroamento mesmo sentido";1;0;0;0;0;0;0;0;0;0;1;0;0;0;0
"07/11/2011";"07:04:00";"17";"com vítima";"118";"BR-392/RS";"Sul";"Abalr. Transversal";0;0;0;1;0;0;0;0;0;0;0;0;1;0;0
"07/11/2011";"07:17:00";"19";"com vítima";"11,4";"BR-392/RS";"Sul";"Atropelamento de Animal";0;0;2;0;0;0;0;0;0;0;0;1;0;0;0
"07/11/2011";"08:26:00";"24";"com vítima";"41,1";"BR-293/RS";"Norte";"Saida de pista";0;0;3;0;0;0;0;0;0;0;1;0;1;0;0