data;horario;n_da_ocorrencia;tipo_de_ocorrencia;km;trecho;sentido;tipo_de_acidente;automovel;bicicleta;caminhao;moto;onibus;outros;tracao_animal;transporte_de_cargas_especiais;trator_maquinas;utilitarios;ilesos;levemente_feridos;moderadamente_feridos;gravemente_feridos;mortos
"30/03/2012";"20:29:00";"102";"sem vítima";"459,3";"BR-116/RS";"Norte";"Abalr.Transversal";2;0;0;0;0;0;0;0;0;0;2;0;0;0;0
"30/03/2012";"21:43:00";"109";"sem vítima";"499";"BR-116/RS";"Norte";"Saída de Pista";1;0;0;0;0;0;0;0;0;0;1;0;0;0;0
"31/03/2012";"14:13:00";"60";"sem vítima";"143,7";"BR-392/RS";"Norte";"Abalr.Mesmo Sentido";2;0;0;0;0;0;0;0;0;0;7;0;0;0;0
"31/03/2012";"17:59:00";"88";"com vítima";"15,6";"BR-293/RS";"Norte";"Abalr.Transversal";0;0;2;1;0;0;0;0;0;0;1;1;0;0;0
"31/03/2012";"18:51:00";"94";"com vítima";"52,3";"BR-392/RS";"Sul";"Colisão Traseira";0;0;0;2;0;0;0;0;0;0;0;3;0;0;0
"01/04/2012";"19:05:00";"73";"sem vítima";"2,1";"BR-392/RS";"Sul";"Colisão Traseira";2;0;0;0;0;0;0;0;0;0;3;0;0;0;0
"01/04/2012";"19:09:00";"74";"sem vítima";"15,5";"BR-293/RS";"Norte";"Abalr.Transversal";1;0;0;0;0;0;0;0;0;0;1;0;0;0;0
"02/04/2012";"18:57:00";"91";"com vítima";"1";"BR-604/RS";"Sul";"Abalr.Transversal";0;0;0;1;0;0;0;0;0;0;0;1;0;0;0
"03/04/2012";"02:16:00";"9";"com vítima";"99,4";"BR-392/RS";"Sul";"Tombamento";3;0;0;0;0;0;0;0;0;0;6;0;1;0;0
"03/04/2012";"04:50:00";"11";"com vítima";"192,6";"BR-392/RS";"Norte";"Saída de Pista";0;0;0;1;0;0;0;0;0;0;0;2;0;0;0
"03/04/2012";"08:17:00";"19";"com vítima";"524,4";"BR-116/RS";"Sul";"Abalr.Mesmo Sentido";1;0;0;0;0;0;0;0;0;0;0;3;0;0;0
"03/04/2012";"09:22:00";"31";"sem vítima";"187,8";"BR-392/RS";"Norte";"Saída de Pista";1;0;0;0;0;0;0;0;0;0;1;0;0;0;0
"03/04/2012";"18:55:00";"91";"com vítima";"17,9";"BR-392/RS";"Sul";"Abalr.Transversal";1;0;0;0;0;0;0;0;0;0;0;0;2;0;0
"03/04/2012";"19:23:00";"100";"sem vítima";"639,4";"BR-116/RS";"Sul";"Atropelamento de animal";1;0;0;0;0;0;0;0;0;0;1;0;0;0;0
"04/04/2012";"13:41:00";"74";"sem vítima";"93,7";"BR-293/RS";"Norte";"Saída de Pista";1;0;0;1;0;0;0;0;0;0;2;0;0;0;0
"04/04/2012";"14:43:00";"85";"sem vítima";"84,2";"BR-392/RS";"Sul";"Saída de Pista";1;0;1;0;0;0;0;0;0;0;5;0;0;0;0
"05/04/2012";"06:00:00";"23";"sem vítima";"15,5";"BR-392/RS";"Norte";"Saída de Pista";1;0;0;0;0;0;0;0;0;0;1;0;0;0;0
"05/04/2012";"07:22:00";"28";"com vítima";"15,5";"BR-392/RS";"Sul";"Colisão Traseira";0;0;2;0;1;0;0;0;0;0;12;0;2;0;0
"05/04/2012";"08:12:00";"30";"com vítima";"144,5";"BR-392/RS";"Norte";"Saída de Pista";0;0;2;0;0;0;0;0;0;0;0;1;0;0;0
"05/04/2012";"13:35:00";"67";"com vítima";"65,5";"BR-293/RS";"Norte";"Saída de Pista";1;0;0;0;0;0;0;0;0;0;0;0;1;0;0
"05/04/2012";"15:57:00";"81";"com vítima";"18";"BR-392/RS";"Sul";"Abalr.Mesmo Sentido";0;0;1;0;0;0;0;0;0;0;3;0;0;1;0
"06/04/2012";"01:52:00";"9";"com vítima";"3,1";"BR-604/RS";"Sul";"Colisão com Objeto Fixo";1;0;1;0;0;0;0;0;0;0;1;1;0;0;0
"06/04/2012";"06:09:00";"20";"sem vítima";"524,4";"BR-116/RS";"Sul";"Saída de Pista";1;0;0;0;0;0;0;0;0;0;1;0;0;0;0
"06/04/2012";"08:51:00";"29";"com vítima";"414,9";"BR-116/RS";"Sul";"Abalr.Mesmo Sentido";0;0;2;0;0;0;0;0;0;0;0;1;0;0;0
"06/04/2012";"18:41:00";"69";"com vítima";"48,3";"BR-293/RS";"Norte";"Saída de Pista";1;0;0;0;0;0;0;0;0;0;0;0;1;0;0
"07/04/2012";"02:13:00";"5";"sem vítima";"7,2";"BR-392/RS";"Norte";"Saída de Pista";1;0;0;0;0;0;0;0;0;0;4;0;0;0;0
"08/04/2012";"16:30:00";"47";"com vítima";"402,4";"BR-116/RS";"Norte";"Colisão Traseira";2;0;0;0;0;0;0;0;0;0;0;0;2;2;0
"08/04/2012";"16:31:00";"48";"com vítima";"402,4";"BR-116/RS";"Norte";"Colisão Traseira";2;0;0;0;0;0;0;0;0;0;2;1;2;0;0
"08/04/2012";"16:36:00";"49";"sem vítima";"563,5";"BR-116/RS";"Sul";"Abalr.Transversal";1;0;0;0;0;0;0;0;0;0;1;0;0;0;0
"08/04/2012";"19:20:00";"69";"sem vítima";"422,3";"BR-116/RS";"Sul";"Colisão Traseira";0;0;3;0;0;0;0;0;0;0;2;0;0;0;0
"08/04/2012";"23:07:00";"89";"sem vítima";"611,2";"BR-116/RS";"Norte";"Colisão Traseira";1;0;0;0;0;0;0;0;0;0;2;0;0;0;0
"09/04/2012";"15:38:00";"63";"sem vítima";"42,6";"BR-392/RS";"Norte";"Abalr.Transversal";3;0;1;0;0;0;0;0;0;0;6;0;0;0;0
"09/04/2012";"16:35:00";"66";"sem vítima";"614";"BR-116/RS";"Norte";"Tombamento";1;0;0;0;0;0;0;0;0;0;2;0;0;0;0
"09/04/2012";"20:29:00";"88";"com vítima";"109,2";"BR-392/RS";"Norte";"Abalr.Transversal";1;0;2;0;0;0;0;0;0;0;1;1;0;0;0
"10/04/2012";"16:59:00";"68";"sem vítima";"52,7";"BR-392/RS";"Sul";"Colisão Traseira";1;0;1;0;0;0;0;0;0;0;7;0;0;0;0
"10/04/2012";"19:04:00";"78";"sem vítima";"18,4";"BR-392/RS";"Sul";"Colisão Traseira";2;0;0;0;0;0;0;0;0;0;4;0;0;0;0
"10/04/2012";"19:24:00";"79";"com vítima";"129,1";"BR-392/RS";"Sul";"Outros tipos de acidente";1;0;0;0;0;0;0;0;0;0;0;3;0;1;0
"12/04/2012";"06:54:00";"9";"com vítima";"9,2";"BR-392/RS";"Sul";"Tombamento";1;0;0;0;0;0;0;0;0;0;4;1;0;0;0
"12/04/2012";"11:22:00";"39";"com vítima";"517";"BR-116/RS";"Sul";"Colisão Traseira";0;0;0;1;0;0;0;0;0;0;0;1;0;0;0
"12/04/2012";"12:08:00";"43";"com vítima";"4,9";"BR-392/RS";"Norte";"Abalr.Transversal";1;0;0;0;0;0;0;0;0;0;2;0;1;0;0
"13/04/2012";"03:33:00";"6";"com vítima";"78,1";"BR-293/RS";"Norte";"Saída de Pista";1;0;0;0;0;0;0;0;0;0;0;1;1;0;0
"13/04/2012";"11:10:00";"34";"com vítima";"473,1";"BR-116/RS";"Norte";"Saída de Pista";2;0;0;0;0;0;0;0;0;0;6;0;1;0;0
"13/04/2012";"15:37:00";"51";"com vítima";"529,1";"BR-116/RS";"Norte";"Abalr.Transversal";1;0;0;1;0;0;0;0;0;0;1;1;0;0;0
"13/04/2012";"16:11:00";"54";"sem vítima";"124,8";"BR-392/RS";"Sul";"Tombamento";1;0;2;0;0;0;0;0;0;0;2;0;0;0;0
"13/04/2012";"17:15:00";"61";"com vítima";"39,4";"BR-392/RS";"Sul";"Abalr.Transversal";0;0;1;0;0;0;0;0;0;0;0;0;1;0;0
"14/04/2012";"07:23:00";"17";"sem vítima";"14";"BR-392/RS";"Sul";"Colisão com Objeto Fixo";1;0;0;0;0;0;0;0;0;0;2;0;0;0;0
"15/04/2012";"00:21:00";"4";"sem vítima";"82,8";"BR-392/RS";"Sul";"Tombamento";0;0;3;0;0;0;0;0;0;0;3;0;0;0;0
"15/04/2012";"22:29:00";"88";"sem vítima";"523,5";"BR-116/RS";"Norte";"Abalr.Transversal";1;0;0;0;0;0;0;0;0;0;1;0;0;0;0
"16/04/2012";"07:44:00";"15";"sem vítima";"6,7";"BR-392/RS";"Norte";"Abalr.Transversal";1;0;0;0;0;0;0;0;0;0;1;0;0;0;0
"16/04/2012";"16:03:00";"68";"sem vítima";"516,5";"BR-116/RS";"Norte";"Colisão Traseira";1;0;1;0;0;0;0;0;0;0;2;0;0;0;0
"16/04/2012";"16:39:00";"72";"sem vítima";"66,8";"BR-392/RS";"Norte";"Colisão Traseira";0;0;1;0;0;0;0;0;0;0;1;0;0;0;0
"16/04/2012";"23:58:00";"105";"sem vítima";"48,6";"BR-392/RS";"Sul";"Colisão Traseira";1;0;2;0;0;0;0;0;0;0;2;0;0;0;0
"17/04/2012";"08:03:00";"17";"com vítima";"528,4";"BR-116/RS";"Norte";"Abalr.Transversal";1;0;0;0;0;0;0;0;0;0;0;1;0;0;0
"17/04/2012";"17:32:00";"75";"com vítima";"47,2";"BR-392/RS";"Norte";"Tombamento";1;0;0;1;0;0;0;0;0;0;1;0;0;1;0
"17/04/2012";"18:35:00";"80";"sem vítima";"52,3";"BR-392/RS";"Norte";"Abalr.Mesmo Sentido";0;0;2;0;0;0;0;0;0;0;2;0;0;0;0
"17/04/2012";"22:23:00";"96";"com vítima";"91,4";"BR-392/RS";"Norte";"Tombamento";1;0;0;0;0;0;0;0;0;0;0;0;4;0;0
"20/04/2012";"13:03:00";"45";"sem vítima";"425";"BR-116/RS";"Norte";"Abalr.Mesmo Sentido";0;0;1;0;0;0;0;0;0;0;2;0;0;0;0
"20/04/2012";"17:36:00";"72";"sem vítima";"24,4";"BR-392/RS";"Sul";"Abalr.Transversal";1;0;0;0;0;0;0;0;0;0;2;0;0;0;0
"20/04/2012";"17:48:00";"78";"com vítima";"7,3";"BR-392/RS";"Norte";"Abalr.Transversal";2;0;0;0;0;0;0;0;0;0;5;1;0;0;0
"20/04/2012";"23:31:00";"113";"sem vítima";"520,9";"BR-116/RS";"Norte";"Abalr.Transversal";0;0;2;0;0;0;0;0;0;0;1;0;0;0;0
"21/04/2012";"05:52:00";"8";"sem vítima";"37,9";"BR-392/RS";"Norte";"Atropelamento";0;0;2;0;0;0;0;0;0;0;1;0;0;0;0
"21/04/2012";"15:18:00";"51";"com vítima";"530,8";"BR-116/RS";"Sul";"Abalr.Transversal";2;0;2;0;0;0;0;0;0;0;2;1;2;0;0
"22/04/2012";"17:38:00";"59";"com vítima";"20,5";"BR-392/RS";"Sul";"Colisão Traseira";0;0;0;1;0;0;0;0;0;0;0;0;1;0;0
"22/04/2012";"19:32:00";"67";"sem vítima";"14,9";"BR-293/RS";"Norte";"Abalr.Transversal";0;0;0;1;0;0;0;0;0;0;1;0;0;0;0
"23/04/2012";"15:58:00";"47";"sem vítima";"15,5";"BR-293/RS";"Norte";"Abalr.Transversal";1;0;1;0;0;0;0;0;0;0;2;0;0;0;0
"23/04/2012";"22:46:00";"81";"sem vítima";"191,5";"BR-392/RS";"Norte";"Abalr.Mesmo Sentido";1;0;1;0;0;0;0;0;0;0;2;0;0;0;0
"24/04/2012";"07:25:00";"15";"com vítima";"529,3";"BR-116/RS";"Norte";"Atropelamento";1;0;0;1;0;0;0;0;0;0;1;1;0;0;0
"25/04/2012";"09:00:00";"35";"sem vítima";"15,6";"BR-293/RS";"Norte";"Abalr.Transversal";1;0;0;0;0;0;0;0;0;0;2;0;0;0;0
"25/04/2012";"12:16:00";"56";"sem vítima";"2,9";"BR-392/RS";"Norte";"Abalr.Transversal";0;0;2;0;0;0;0;0;0;0;1;0;0;0;0
"25/04/2012";"13:16:00";"59";"com vítima";"523,5";"BR-116/RS";"Norte";"Abalr.Mesmo Sentido";0;0;0;0;0;1;0;0;0;0;4;2;3;1;0
"25/04/2012";"15:17:00";"70";"com vítima";"135,2";"BR-392/RS";"Sul";"Tombamento";0;0;0;1;0;0;0;0;0;0;0;1;0;0;0
"25/04/2012";"16:54:00";"79";"sem vítima";"58,6";"BR-392/RS";"Norte";"Colisão Traseira";1;0;0;0;0;0;0;0;0;0;3;0;0;0;0
"25/04/2012";"22:57:00";"95";"com vítima";"104,4";"BR-392/RS";"Sul";"Saída de Pista";1;0;0;1;0;0;0;0;0;0;3;1;0;0;0
"28/04/2012";"08:10:00";"13";"com vítima";"38,4";"BR-392/RS";"Sul";"Abalr.Mesmo Sentido";0;0;0;1;0;0;0;0;0;0;1;1;0;0;0
"28/04/2012";"08:55:00";"18";"sem vítima";"471";"BR-116/RS";"Norte";"Colisão com Objeto Fixo";1;0;0;0;0;0;0;0;0;0;4;0;0;0;0
"28/04/2012";"10:50:00";"28";"sem vítima";"587,9";"BR-116/RS";"Norte";"Colisão Frontal";2;0;0;0;0;0;0;0;0;0;3;0;0;0;0
"28/04/2012";"18:36:00";"68";"com vítima";"562,6";"BR-116/RS";"Sul";"Saída de Pista";1;0;2;0;0;0;0;0;0;0;1;1;0;0;0
"28/04/2012";"22:57:00";"81";"com vítima";"510,4";"BR-116/RS";"Sul";"Abalr.Transversal";0;0;2;1;0;0;0;0;0;0;1;0;1;0;0
"29/04/2012";"04:38:00";"12";"com vítima";"404,4";"BR-116/RS";"Sul";"Saída de Pista";1;0;0;0;0;0;0;0;0;0;1;1;0;0;0
"29/04/2012";"18:31:00";"63";"com vítima";"514,4";"BR-116/RS";"Sul";"Abalr.Transversal";1;0;0;0;0;0;0;0;0;0;0;1;0;0;0
"29/04/2012";"20:09:00";"69";"com vítima";"531,4";"BR-116/RS";"Sul";"Atropelamento de animal";1;0;0;1;0;0;0;0;0;0;1;0;1;0;0
"29/04/2012";"20:30:00";"71";"sem vítima";"529,1";"BR-116/RS";"Sul";"Atropelamento de animal";0;0;0;1;0;0;0;0;0;0;1;0;0;0;0
"29/04/2012";"23:02:00";"80";"com vítima";"486,4";"BR-116/RS";"Sul";"Saída de Pista";1;0;2;0;0;0;0;0;0;0;1;0;0;2;0
"30/04/2012";"18:58:00";"59";"com vítima";"18";"BR-392/RS";"Norte";"Colisão Frontal";1;0;2;0;0;0;0;0;0;0;1;2;0;0;0
"01/05/2012";"03:41:00";"5";"com vítima";"69,6";"BR-293/RS";"Norte";"Saída de Pista";0;0;2;0;0;0;0;0;0;0;1;0;0;0;1
"01/05/2012";"15:29:00";"39";"com vítima";"76";"BR-392/RS";"Sul";"Tombamento";1;0;0;1;0;0;0;0;0;0;1;0;1;0;0
"01/05/2012";"16:57:00";"49";"sem vítima";"62";"BR-392/RS";"Norte";"Atropelamento";1;0;2;0;0;0;0;0;0;0;6;0;0;0;0
"03/05/2012";"13:58:00";"56";"com vítima";"19,7";"BR-392/RS";"Norte";"Tombamento";1;0;0;0;0;0;0;0;0;0;1;1;0;0;0
"03/05/2012";"21:11:00";"96";"sem vítima";"0,7";"BR-392/RS";"Sul";"Abalr.Transversal";1;0;0;0;0;0;0;0;0;0;1;0;0;0;0
"04/05/2012";"16:02:00";"69";"com vítima";"556,7";"BR-116/RS";"Norte";"Colisão Traseira";0;0;2;0;0;0;0;0;0;0;0;0;0;1;0
"04/05/2012";"18:57:00";"82";"com vítima";"39,1";"BR-392/RS";"Norte";"Atropelamento de Animal";1;0;0;0;0;0;0;0;0;0;2;1;0;0;0
"04/05/2012";"20:15:00";"89";"com vítima";"516,6";"BR-116/RS";"Norte";"Abalr.Transversal";0;0;0;1;0;0;0;0;0;0;0;0;0;0;1
"05/05/2012";"04:29:00";"8";"sem vítima";"400,5";"BR-116/RS";"Norte";"Saída de Pista";1;0;0;0;0;0;0;0;0;0;2;0;0;0;0
"05/05/2012";"07:49:00";"16";"sem vítima";"23";"BR-392/RS";"Sul";"Colisão Traseira";1;0;0;0;0;0;0;0;0;0;1;0;0;0;0
"05/05/2012";"20:04:00";"88";"com vítima";"530,8";"BR-116/RS";"Sul";"Abalr.Transversal";0;0;2;0;0;0;0;0;0;0;0;1;0;0;0
"06/05/2012";"18:17:00";"68";"com vítima";"83";"BR-392/RS";"Norte";"Abalr.Transversal";1;0;0;0;0;0;0;0;0;0;0;1;0;0;0
"06/05/2012";"18:35:00";"71";"sem vítima";"60,4";"BR-392/RS";"Sul";"Colisão Traseira";0;0;2;0;1;0;0;0;0;0;2;0;0;0;0
"06/05/2012";"19:08:00";"74";"sem vítima";"557";"BR-116/RS";"Norte";"Colisão Traseira";1;0;0;0;0;0;0;0;0;0;2;0;0;0;0
"06/05/2012";"20:56:00";"83";"sem vítima";"60,4";"BR-392/RS";"Sul";"Colisão Traseira";0;0;4;0;0;0;0;0;0;0;2;0;0;0;0
"07/05/2012";"13:14:00";"48";"com vítima";"516,6";"BR-116/RS";"Norte";"Abalr.Transversal";0;0;0;1;1;0;0;0;0;0;1;1;0;0;0
"08/05/2012";"17:32:00";"66";"sem vítima";"6,8";"BR-392/RS";"Sul";"Abalr.Transversal";1;0;0;0;0;0;0;0;0;0;1;0;0;0;0
"09/05/2012";"18:20:00";"76";"sem vítima";"9,9";"BR-392/RS";"Norte";"Abalr.Transversal";0;0;1;0;0;1;0;0;0;0;3;0;0;0;0
"09/05/2012";"18:41:00";"82";"sem vítima";"520,6";"BR-116/RS";"Norte";"Abalr.Transversal";1;0;0;0;0;0;0;0;0;0;2;0;0;0;0
"10/05/2012";"07:45:00";"7";"com vítima";"128,8";"BR-293/RS";"Norte";"Abalr.Mesmo Sentido";1;0;4;0;0;0;0;0;0;0;2;0;1;1;0
"10/05/2012";"14:18:00";"49";"com vítima";"526,4";"BR-116/RS";"Norte";"Colisão Traseira";0;0;1;1;0;0;0;0;0;0;1;0;1;0;0
"11/05/2012";"18:27:00";"77";"sem vítima";"2,5";"BR-392/RS";"Sul";"Colisão Traseira";2;0;0;0;0;0;0;0;0;0;4;0;0;0;0
"11/05/2012";"19:01:00";"81";"sem vítima";"534,4";"BR-116/RS";"Norte";"Saída de Pista";0;0;4;0;0;0;0;0;0;0;2;0;0;0;0
"11/05/2012";"19:07:00";"84";"com vítima";"70,8";"BR-392/RS";"Sul";"Colisão Traseira";1;0;2;0;0;0;0;0;0;0;2;1;0;0;0
"11/05/2012";"23:21:00";"107";"com vítima";"526,2";"BR-116/RS";"Sul";"Saída de Pista";0;0;0;1;0;0;0;0;0;0;0;0;1;0;0
"12/05/2012";"02:28:00";"8";"sem vítima";"193,2";"BR-392/RS";"Norte";"Saída de Pista";1;0;0;0;0;1;0;0;0;0;3;0;0;0;0
"12/05/2012";"20:00:00";"98";"sem vítima";"93,4";"BR-392/RS";"Sul";"Outros Tipos de Acidente";1;0;0;0;0;0;0;0;0;0;2;0;0;0;0
"12/05/2012";"22:44:00";"106";"sem vítima";"37";"BR-392/RS";"Sul";"Colisão Traseira";1;0;0;0;0;0;0;0;0;0;2;0;0;0;0
"13/05/2012";"18:49:00";"36";"sem vítima";"2,9";"BR-392/RS";"Norte";"Colisão Traseira";1;0;1;0;0;0;0;0;0;0;5;0;0;0;0
"14/05/2012";"01:48:00";"3";"com vítima";"1,3";"BR-392/RS";"Norte";"Abalr.Transversal";2;0;0;0;0;0;0;0;0;0;0;4;1;1;0
"14/05/2012";"08:13:00";"14";"com vítima";"514,4";"BR-116/RS";"Norte";"Abalr.Transversal";0;0;0;1;0;1;0;0;0;0;2;0;1;0;0
"14/05/2012";"11:37:00";"34";"com vítima";"521,2";"BR-116/RS";"Sul";"Colisão Traseira";0;0;0;1;0;0;0;0;0;0;0;2;0;0;0
"15/05/2012";"18:22:00";"58";"sem vítima";"52,3";"BR-392/RS";"Sul";"Colisão Traseira";0;0;1;0;0;0;0;0;0;0;1;0;0;0;0
"15/05/2012";"18:52:00";"60";"sem vítima";"42";"BR-392/RS";"Norte";"Tombamento";2;0;0;0;0;0;0;0;0;0;5;0;0;0;0
"15/05/2012";"23:29:00";"71";"com vítima";"173,3";"BR-392/RS";"Sul";"Saída de Pista";1;0;0;0;0;0;0;0;0;0;0;4;0;0;0
"16/05/2012";"21:02:00";"75";"sem vítima";"31,7";"BR-293/RS";"Norte";"Colisão Traseira";1;0;0;0;0;0;0;0;0;0;2;0;0;0;0
"16/05/2012";"22:54:00";"78";"com vítima";"4,8";"BR-392/RS";"Sul";"Colisão Traseira";1;0;0;0;0;0;0;0;0;0;1;1;2;0;0
"17/05/2012";"07:38:00";"13";"sem vítima";"0,1";"BR-604/RS";"Sul";"Abalr.Transversal";0;0;4;0;0;0;0;0;0;0;2;0;0;0;0
"17/05/2012";"12:01:00";"39";"sem vítima";"4";"BR-392/RS";"Sul";"Colisão Traseira";1;0;0;0;0;0;0;0;0;0;1;0;0;0;0
"17/05/2012";"21:02:00";"95";"com vítima";"52";"BR-392/RS";"Norte";"Tombamento";0;0;0;1;0;0;0;0;0;0;0;1;0;0;0
"18/05/2012";"20:46:00";"106";"sem vítima";"4";"BR-392/RS";"Norte";"Colisão com Objeto Fixo";0;0;2;0;0;0;0;0;0;0;1;0;0;0;0
"19/05/2012";"09:57:00";"32";"sem vítima";"26,4";"BR-392/RS";"Sul";"Saída de Pista";0;0;2;0;0;0;0;0;0;0;4;0;0;0;0
"19/05/2012";"18:22:00";"68";"sem vítima";"32,2";"BR-392/RS";"Sul";"Colisão com Objeto Fixo";1;0;0;0;0;0;0;0;0;0;2;0;0;0;0
"20/05/2012";"21:27:00";"79";"com vítima";"2,1";"BR-604/RS";"Sul";"Saída de Pista";1;0;1;0;0;0;0;0;0;0;1;2;0;0;0
"21/05/2012";"15:28:00";"63";"sem vítima";"18,5";"BR-293/RS";"Norte";"Colisão Traseira";1;0;0;0;0;0;0;0;0;0;1;0;0;0;0
"22/05/2012";"09:33:00";"24";"sem vítima";"60,7";"BR-392/RS";"Sul";"Colisão Traseira";1;0;0;0;0;0;0;0;0;0;3;0;0;0;0
"22/05/2012";"11:54:00";"36";"sem vítima";"67";"BR-392/RS";"Norte";"Abalr.Transversal";0;0;1;0;0;0;0;0;0;0;1;0;0;0;0
"22/05/2012";"18:34:00";"62";"sem vítima";"522,1";"BR-116/RS";"Sul";"Colisão Traseira";2;0;0;0;0;0;0;0;0;0;3;0;0;0;0
"22/05/2012";"20:14:00";"73";"sem vítima";"67";"BR-392/RS";"Sul";"Abalr.Transversal";1;0;2;0;0;0;0;0;0;0;2;0;0;0;0
"23/05/2012";"13:07:00";"39";"com vítima";"18,2";"BR-392/RS";"Sul";"Colisão Traseira";1;0;0;0;0;0;0;0;0;0;0;1;0;0;0
"25/05/2012";"08:02:00";"18";"sem vítima";"18,2";"BR-392/RS";"Norte";"Abalr.Mesmo Sentido";0;0;2;0;0;0;0;0;0;0;1;0;0;0;0
"27/05/2012";"01:22:00";"5";"sem vítima";"510,6";"BR-116/RS";"Sul";"Abalr.Transversal";1;0;2;0;0;0;0;0;0;0;5;0;0;0;0
"27/05/2012";"07:21:00";"19";"sem vítima";"530";"BR-116/RS";"Norte";"Abalr.Transversal";1;0;0;0;0;0;0;0;0;0;3;0;0;0;0
"27/05/2012";"09:06:00";"23";"com vítima";"29";"BR-392/RS";"Sul";"Colisão Traseira";2;0;0;0;0;0;0;0;0;0;1;4;1;1;0
"27/05/2012";"18:10:00";"68";"sem vítima";"30,8";"BR-392/RS";"Sul";"Colisão Frontal";2;0;0;0;0;0;0;0;0;0;5;0;0;0;0
"28/05/2012";"10:31:00";"34";"sem vítima";"529,3";"BR-116/RS";"Norte";"Abalr.Transversal";1;0;2;0;0;0;0;0;0;0;3;0;0;0;0
"28/05/2012";"10:37:00";"35";"com vítima";"52";"BR-392/RS";"Sul";"Abalr.Mesmo Sentido";1;0;0;1;0;0;0;0;0;0;2;0;1;0;0
"28/05/2012";"14:27:00";"57";"sem vítima";"564,8";"BR-116/RS";"Sul";"Abalr.Transversal";1;0;0;0;0;0;0;0;0;0;1;0;0;0;0
"28/05/2012";"18:49:00";"76";"com vítima";"524,5";"BR-116/RS";"Norte";"Abalr.Transversal";0;0;0;0;1;0;0;0;0;0;46;3;2;0;1
"29/05/2012";"15:26:00";"65";"sem vítima";"552,8";"BR-116/RS";"Sul";"Tombamento";1;0;1;0;0;0;0;0;0;0;3;0;0;0;0
"29/05/2012";"17:26:00";"80";"sem vítima";"522";"BR-116/RS";"Norte";"Tombamento";1;0;0;0;0;0;0;0;0;0;3;0;0;0;0
"30/05/2012";"00:55:00";"3";"sem vítima";"514,5";"BR-116/RS";"Sul";"Saída de Pista";1;0;0;0;1;0;0;0;0;0;38;0;0;0;0
"30/05/2012";"03:52:00";"9";"com vítima";"8,8";"BR-392/RS";"Sul";"Abalr.Transversal";2;0;0;0;0;0;0;0;0;0;1;4;0;0;0
"30/05/2012";"08:52:00";"19";"sem vítima";"25,5";"BR-392/RS";"Norte";"Saída de Pista";2;0;0;0;0;0;0;0;0;0;3;0;0;0;0
"30/05/2012";"19:01:00";"73";"sem vítima";"15,5";"BR-293/RS";"Norte";"Abalr.Transversal";2;0;0;0;0;0;0;0;0;0;3;0;0;0;0
"31/05/2012";"19:05:00";"73";"sem vítima";"136,5";"BR-293/RS";"Norte";"Saída de Pista";1;0;0;0;0;0;0;0;0;0;1;0;0;0;0
"31/05/2012";"20:39:00";"84";"sem vítima";"557,9";"BR-116/RS";"Norte";"Atropelamento de Animal";2;0;0;0;0;0;0;0;0;0;4;0;0;0;0
"31/05/2012";"22:12:00";"88";"sem vítima";"48";"BR-392/RS";"Sul";"Colisão Traseira";1;0;1;0;0;0;0;0;0;0;3;0;0;0;0
"01/06/2012";"06:28:00";"10";"com vítima";"5,3";"BR-392/RS";"Sul";"Saída de Pista";0;0;0;1;1;0;0;0;0;0;1;1;0;0;0
"01/06/2012";"07:42:00";"13";"com vítima";"5,7";"BR-392/RS";"Norte";"Colisão Traseira";1;0;0;0;0;0;0;0;0;0;0;2;0;0;0
"02/06/2012";"16:20:00";"59";"com vítima";"61";"BR-392/RS";"Norte";"Tombamento";1;0;0;1;0;0;0;0;0;0;2;0;2;0;0
"02/06/2012";"20:17:00";"78";"com vítima";"18,1";"BR-392/RS";"Norte";"Colisão Traseira";1;0;0;0;0;0;0;0;0;0;0;2;0;0;0
"03/06/2012";"03:20:00";"6";"sem vítima";"3,4";"BR-392/RS";"Sul";"Atropelamento de Animal";2;0;0;0;0;0;0;0;0;0;2;0;0;0;0
"03/06/2012";"16:47:00";"43";"sem vítima";"413,6";"BR-116/RS";"Norte";"Saída de Pista";1;0;2;0;0;0;0;0;0;0;2;0;0;0;0
"03/06/2012";"18:34:00";"52";"sem vítima";"14,9";"BR-293/RS";"Norte";"Colisão Frontal";1;0;0;0;0;0;0;0;0;0;2;0;0;0;0
"03/06/2012";"18:39:00";"54";"sem vítima";"93,6";"BR-392/RS";"Norte";"Atropelamento";1;0;0;0;0;0;0;0;0;0;2;0;0;0;0
"03/06/2012";"19:41:00";"57";"sem vítima";"401,3";"BR-116/RS";"Norte";"Abalr.Transversal";1;0;0;0;0;0;0;0;0;0;1;0;0;0;0
"03/06/2012";"19:43:00";"58";"sem vítima";"117";"BR-392/RS";"Norte";"Abalr.Transversal";1;0;2;0;0;0;0;0;0;0;3;0;0;0;0
"04/06/2012";"02:52:00";"7";"com vítima";"15,1";"BR-293/RS";"Norte";"Saída de Pista";1;0;0;1;0;0;0;0;0;0;1;1;0;0;0
"04/06/2012";"18:42:00";"79";"com vítima";"427,6";"BR-116/RS";"Norte";"Abalr.Transversal";0;0;0;1;0;0;0;0;0;0;0;0;1;0;0
"04/06/2012";"19:04:00";"83";"com vítima";"124,7";"BR-392/RS";"Norte";"Colisão Traseira";0;0;2;0;0;1;0;0;0;0;1;0;1;0;0
"06/06/2012";"09:42:00";"23";"sem vítima";"81,8";"BR-392/RS";"Sul";"Outros tipos de acidente";1;0;1;0;0;0;0;0;0;0;2;0;0;0;0