data;horario;n_da_ocorrencia;tipo_de_ocorrencia;km;trecho;sentido;tipo_de_acidente;automovel;bicicleta;caminhao;moto;onibus;outros;tracao_animal;transporte_de_cargas_especiais;trator_maquinas;utilitarios;ilesos;levemente_feridos;moderadamente_feridos;gravemente_feridos;mortos
"06/06/2012";"16:56:00";"61";"com vítima";"0,5";"BR-604/RS";"Sul";"Abalr.Transversal";0;0;2;1;0;0;0;0;0;0;1;0;1;0;0
"06/06/2012";"23:08:00";"91";"sem vítima";"18,4";"BR-293/RS";"Norte";"Atropelamento de Animal";0;0;3;0;0;0;0;0;0;0;2;0;0;0;0
"07/06/2012";"13:25:00";"57";"com vítima";"530,8";"BR-116/RS";"Norte";"Colisão Traseira";0;0;2;0;0;0;0;0;0;0;0;1;0;0;0
"07/06/2012";"14:14:00";"59";"com vítima";"514,5";"BR-116/RS";"Sul";"Saída de Pista";0;0;0;1;0;0;0;0;0;0;0;0;1;0;0
"07/06/2012";"16:07:00";"68";"com vítima";"524,1";"BR-116/RS";"Norte";"Colisão Traseira";1;0;0;0;0;0;0;0;0;0;0;1;0;0;0
"09/06/2012";"00:24:00";"1";"com vítima";"167,9";"BR-293/RS";"Norte";"Atropelamento de Animal";0;0;0;2;0;0;0;0;0;0;0;0;1;1;0
"09/06/2012";"05:52:00";"12";"sem vítima";"613,4";"BR-116/RS";"Sul";"Atropelamento de Animal";0;0;1;0;0;0;0;0;0;0;1;0;0;0;0
"09/06/2012";"15:38:00";"66";"sem vítima";"42";"BR-392/RS";"Norte";"Abalr.Transversal";1;0;0;1;0;0;0;0;0;0;2;0;0;0;0
"11/06/2012";"16:23:00";"69";"sem vítima";"525,9";"BR-116/RS";"Sul";"Colisão Traseira";2;0;0;0;0;0;0;0;0;0;3;0;0;0;0
"11/06/2012";"17:55:00";"76";"sem vítima";"1,9";"BR-392/RS";"Norte";"Abalr.Sentido Oposto";1;0;0;0;0;0;0;0;0;0;1;0;0;0;0
"11/06/2012";"18:17:00";"81";"com vítima";"427,1";"BR-116/RS";"Sul";"Colisão Frontal";1;0;0;1;0;0;0;0;0;0;1;0;0;1;0
"11/06/2012";"19:47:00";"87";"com vítima";"19,5";"BR-392/RS";"Sul";"Atropelamento";1;0;0;1;0;0;0;0;0;0;4;0;2;0;0
"12/06/2012";"03:57:00";"9";"com vítima";"34,7";"BR-392/RS";"Sul";"Saída de Pista";0;0;0;1;0;0;0;0;0;0;0;1;0;0;0
"12/06/2012";"06:31:00";"13";"com vítima";"15,5";"BR-293/RS";"Norte";"Saída de Pista";1;0;0;1;0;0;0;0;0;0;1;1;0;0;0
"12/06/2012";"07:56:00";"19";"com vítima";"170,2";"BR-293/RS";"Norte";"Saída de Pista";0;0;2;0;0;0;0;0;0;0;0;1;1;0;0
"12/06/2012";"13:56:00";"47";"sem vítima";"9,5";"BR-392/RS";"Sul";"Colisão Traseira";0;0;1;0;0;0;0;0;0;0;1;0;0;0;0
"12/06/2012";"15:45:00";"59";"sem vítima";"34,8";"BR-392/RS";"Norte";"Colisão Traseira";1;0;2;0;0;0;0;0;0;0;2;0;0;0;0
"13/06/2012";"07:07:00";"16";"sem vítima";"519,3";"BR-116/RS";"Sul";"Abalr.Mesmo Sentido";0;0;2;0;0;0;0;0;0;0;1;0;0;0;0
"13/06/2012";"18:15:00";"92";"com vítima";"576,7";"BR-116/RS";"Norte";"Atropelamento de Animal";1;0;0;0;0;0;0;0;0;0;1;0;3;0;0
"13/06/2012";"20:17:00";"96";"com vítima";"18";"BR-392/RS";"Sul";"Tombamento";2;0;0;0;0;0;0;0;0;0;1;0;3;0;0
"14/06/2012";"19:41:00";"94";"sem vítima";"34,8";"BR-392/RS";"Norte";"Saída de Pista";0;0;2;0;0;0;0;0;0;0;1;0;0;0;0
"15/06/2012";"07:16:00";"15";"sem vítima";"9,9";"BR-392/RS";"Sul";"Saída de Pista";1;0;0;0;0;0;0;0;0;0;1;0;0;0;0
"15/06/2012";"13:28:00";"47";"com vítima";"594,1";"BR-116/RS";"Norte";"Saída de Pista";1;0;0;0;0;0;0;0;0;0;0;1;0;0;0
"17/06/2012";"17:54:00";"47";"sem vítima";"406,6";"BR-116/RS";"Norte";"Abalr.Mesmo Sentido";1;0;0;0;0;0;0;0;0;0;1;0;0;0;0
"17/06/2012";"20:47:00";"69";"com vítima";"34,8";"BR-392/RS";"Sul";"Colisão Traseira";0;0;0;1;0;0;0;0;0;0;0;2;0;0;0
"18/06/2012";"02:53:00";"6";"com vítima";"426";"BR-116/RS";"Norte";"Saída de Pista";0;0;2;0;0;0;0;0;0;0;1;0;1;0;0
"18/06/2012";"05:59:00";"10";"sem vítima";"82,7";"BR-392/RS";"Sul";"Saída de Pista";1;0;0;0;0;0;0;0;0;0;2;0;0;0;0
"18/06/2012";"07:30:00";"14";"com vítima";"1,8";"BR-392/RS";"Norte";"Abalr.Sentido Oposto";1;0;0;0;0;0;0;0;0;0;2;2;0;0;0
"18/06/2012";"13:56:00";"45";"com vítima";"99,5";"BR-392/RS";"Sul";"Tombamento";1;0;0;1;0;0;0;0;0;0;1;1;0;0;0
"18/06/2012";"18:37:00";"63";"sem vítima";"2,3";"BR-392/RS";"Sul";"Colisão Traseira";2;0;0;0;0;0;0;0;0;0;4;0;0;0;0
"18/06/2012";"20:30:00";"70";"sem vítima";"20,2";"BR-392/RS";"Sul";"Saída de Pista";0;0;2;0;0;1;0;0;0;0;2;0;0;0;0
"18/06/2012";"21:30:00";"76";"sem vítima";"30,8";"BR-392/RS";"Norte";"Tombamento";1;0;0;0;0;0;0;0;0;0;1;0;0;0;0
"19/06/2012";"07:27:00";"11";"com vítima";"62,1";"BR-392/RS";"Sul";"Colisão Traseira";0;0;1;0;0;1;0;0;0;0;1;2;0;0;0
"20/06/2012";"06:42:00";"5";"sem vítima";"16";"BR-392/RS";"Norte";"Atropelamento";2;0;0;0;0;0;0;0;0;0;2;0;0;0;0
"20/06/2012";"08:08:00";"12";"sem vítima";"2,7";"BR-392/RS";"Sul";"Outros tipos de acidente";1;0;2;0;0;0;0;0;0;0;3;0;0;0;0
"20/06/2012";"13:58:00";"48";"sem vítima";"122,5";"BR-392/RS";"Norte";"Atropelamento";1;0;2;0;0;0;0;0;0;0;6;0;0;0;0
"20/06/2012";"19:21:00";"85";"sem vítima";"524,7";"BR-116/RS";"Sul";"Atropelamento";0;0;2;0;0;0;0;0;0;0;3;0;0;0;0
"21/06/2012";"05:33:00";"12";"sem vítima";"30,8";"BR-392/RS";"Norte";"Saída de Pista";0;0;2;0;0;0;0;0;0;0;1;0;0;0;0
"21/06/2012";"07:44:00";"18";"sem vítima";"519,9";"BR-116/RS";"Norte";"Abalr.Transversal";0;0;1;0;1;0;0;0;0;0;33;0;0;0;0
"22/06/2012";"07:28:00";"13";"com vítima";"144";"BR-293/RS";"Norte";"Saída de Pista";0;0;0;0;2;0;0;0;0;0;21;1;1;2;0
"22/06/2012";"14:35:00";"54";"sem vítima";"56";"BR-392/RS";"Sul";"Saída de Pista";0;0;2;0;0;0;0;0;0;0;1;0;0;0;0
"22/06/2012";"15:09:00";"56";"sem vítima";"21,5";"BR-392/RS";"Norte";"Tombamento";2;0;0;0;0;0;0;0;0;0;2;0;0;0;0
"23/06/2012";"13:16:00";"32";"com vítima";"526,8";"BR-116/RS";"Norte";"Abalr.Transversal";2;0;0;0;0;1;0;0;0;0;3;0;3;0;0
"23/06/2012";"16:04:00";"43";"sem vítima";"427,9";"BR-116/RS";"Norte";"Colisão Traseira";2;0;0;0;0;0;0;0;0;0;5;0;0;0;0
"24/06/2012";"14:53:00";"30";"com vítima";"520,9";"BR-116/RS";"Norte";"Abalr.Transversal";1;0;2;0;0;0;0;0;0;0;1;0;1;0;0
"24/06/2012";"15:17:00";"33";"sem vítima";"28";"BR-293/RS";"Norte";"Saída de Pista";1;0;0;0;0;0;0;0;0;0;2;0;0;0;0
"25/06/2012";"05:33:00";"7";"com vítima";"528,3";"BR-116/RS";"Sul";"Colisão Traseira";0;0;0;2;0;0;0;0;0;0;0;2;0;0;0
"25/06/2012";"06:50:00";"8";"com vítima";"4,2";"BR-392/RS";"Norte";"Abalr.Transversal";0;0;0;1;0;0;0;0;0;0;0;0;0;1;0
"25/06/2012";"15:14:00";"46";"sem vítima";"517,3";"BR-116/RS";"Norte";"Abalr.Transversal";0;0;1;0;0;0;0;0;0;0;1;0;0;0;0
"25/06/2012";"17:04:00";"55";"sem vítima";"87,6";"BR-392/RS";"Sul";"Abalr.Transversal";1;0;2;0;0;0;0;0;0;0;2;0;0;0;0
"25/06/2012";"18:48:00";"64";"com vítima";"14,9";"BR-293/RS";"Norte";"Abalr.Transversal";2;0;0;1;0;0;0;0;0;0;2;1;0;0;0
"26/06/2012";"07:24:00";"8";"com vítima";"5,1";"BR-392/RS";"Norte";"Colisão Traseira";1;0;0;0;0;0;0;0;0;0;0;1;0;0;0
"26/06/2012";"17:49:00";"67";"sem vítima";"1,3";"BR-392/RS";"Norte";"Atropelamento";1;0;0;0;0;0;0;0;0;0;2;0;0;0;0
"26/06/2012";"18:37:00";"70";"sem vítima";"8,5";"BR-392/RS";"Sul";"Abalr.Transversal";2;0;1;0;0;0;0;0;0;0;5;0;0;0;0
"26/06/2012";"19:36:00";"78";"com vítima";"430,5";"BR-116/RS";"Sul";"Colisão com Objeto Fixo";1;0;0;0;0;0;0;0;0;0;2;1;0;0;0
"27/06/2012";"12:34:00";"48";"sem vítima";"526,3";"BR-116/RS";"Sul";"Tombamento";1;0;0;0;0;0;0;0;0;0;2;0;0;0;0
"27/06/2012";"13:05:00";"51";"com vítima";"526,3";"BR-116/RS";"Sul";"Tombamento";0;0;0;2;0;0;0;0;0;0;1;0;1;0;0
"27/06/2012";"15:52:00";"67";"com vítima";"65,5";"BR-392/RS";"Sul";"Tombamento";1;0;0;0;0;0;0;0;0;0;0;2;0;1;0
"27/06/2012";"17:48:00";"78";"sem vítima";"523,3";"BR-116/RS";"Norte";"Abalr.Transversal";0;0;2;0;0;0;0;0;0;0;1;0;0;0;0
"27/06/2012";"21:12:00";"104";"com vítima";"567";"BR-116/RS";"Sul";"Saída de Pista";0;0;1;0;0;0;0;0;0;0;2;1;0;0;0
"28/06/2012";"10:09:00";"35";"sem vítima";"464,3";"BR-116/RS";"Norte";"Colisão Traseira";0;0;2;0;0;0;0;0;0;0;1;0;0;0;0
"28/06/2012";"11:18:00";"42";"com vítima";"4,9";"BR-392/RS";"Sul";"Abalr.Transversal";1;0;0;0;0;0;0;0;0;0;0;2;0;0;0
"29/06/2012";"00:55:00";"3";"sem vítima";"197,9";"BR-392/RS";"Norte";"Atropelamento de Animal";1;0;0;0;0;0;0;0;0;0;1;0;0;0;0
"29/06/2012";"19:56:00";"94";"sem vítima";"464";"BR-116/RS";"Norte";"Tombamento";0;0;2;0;0;0;0;0;0;0;1;0;0;0;0
"29/06/2012";"19:58:00";"95";"sem vítima";"523,9";"BR-116/RS";"Norte";"Abalr.Transversal";1;0;0;0;0;0;0;0;0;0;1;0;0;0;0
"29/06/2012";"20:16:00";"98";"sem vítima";"21,7";"BR-392/RS";"Sul";"Saída de Pista";0;0;4;0;0;0;0;0;0;0;2;0;0;0;0
"29/06/2012";"21:23:00";"104";"sem vítima";"6,2";"BR-392/RS";"Norte";"Colisão com Objeto Fixo";1;0;0;0;0;0;0;0;0;0;1;0;0;0;0
"29/06/2012";"22:18:00";"109";"sem vítima";"84,1";"BR-392/RS";"Sul";"Tombamento";2;0;2;0;0;0;0;0;0;0;3;0;0;0;0
"30/06/2012";"02:47:00";"6";"com vítima";"477,8";"BR-116/RS";"Sul";"Saída de Pista";0;0;0;1;0;0;0;0;0;0;0;1;0;0;0
"30/06/2012";"07:44:00";"12";"com vítima";"520,2";"BR-116/RS";"Sul";"Saída de Pista";0;0;1;1;0;0;0;0;0;0;1;0;1;0;0
"30/06/2012";"08:04:00";"14";"sem vítima";"460,7";"BR-116/RS";"Sul";"Colisão Frontal";2;0;0;0;0;0;0;0;0;0;4;0;0;0;0
"30/06/2012";"14:38:00";"45";"sem vítima";"525,9";"BR-116/RS";"Sul";"Abalr.Transversal";1;0;1;0;0;0;0;0;0;0;5;0;0;0;0
"30/06/2012";"18:02:00";"56";"com vítima";"514,5";"BR-116/RS";"Norte";"Saída de Pista";0;0;0;0;1;0;0;0;0;0;11;0;1;0;0
"30/06/2012";"18:36:00";"58";"com vítima";"19,4";"BR-392/RS";"Sul";"Atropelamento";0;0;0;1;0;0;0;0;0;0;0;1;1;0;0
"01/07/2012";"05:27:00";"11";"sem vítima";"465";"BR-116/RS";"Sul";"Abalr.Transversal";0;0;2;0;0;0;0;0;0;0;1;0;0;0;0
"01/07/2012";"06:38:00";"15";"com vítima";"17,6";"BR-293/RS";"Norte";"Saída de Pista";0;0;2;0;0;0;0;0;0;0;2;1;0;0;0
"01/07/2012";"12:32:00";"33";"com vítima";"32";"BR-392/RS";"Sul";"Colisão Traseira";2;0;0;0;0;0;0;0;0;0;1;3;0;0;0
"01/07/2012";"18:31:00";"56";"sem vítima";"490,8";"BR-116/RS";"Sul";"Abalr.Transversal";0;0;1;0;0;0;0;0;0;0;1;0;0;0;0
"02/07/2012";"00:28:00";"1";"com vítima";"527,7";"BR-116/RS";"Norte";"Abalr.Sentido Oposto";0;0;0;1;0;1;0;0;0;0;0;2;0;0;0
"02/07/2012";"07:36:00";"13";"com vítima";"38,5";"BR-293/RS";"Norte";"Saída de Pista";0;0;0;1;0;0;0;0;0;0;0;0;0;0;1
"02/07/2012";"11:41:00";"38";"com vítima";"483,7";"BR-116/RS";"Sul";"Saída de Pista";0;0;0;1;0;0;0;0;0;0;0;1;1;0;0
"02/07/2012";"19:07:00";"69";"com vítima";"88,2";"BR-293/RS";"Norte";"Colisão Frontal";2;0;2;0;0;0;0;0;0;0;1;0;2;2;0
"03/07/2012";"07:25:00";"7";"com vítima";"80,7";"BR-392/RS";"Sul";"Saída de Pista";0;0;0;1;0;0;0;0;0;0;0;0;1;0;0
"03/07/2012";"15:19:00";"55";"com vítima";"9,9";"BR-392/RS";"Norte";"Abalr.Mesmo Sentido";1;0;0;0;0;0;0;0;0;0;0;1;0;0;0
"03/07/2012";"18:31:00";"75";"sem vítima";"145,4";"BR-392/RS";"Sul";"Saída de Pista";1;0;2;0;0;0;0;0;0;0;2;0;0;0;0
"03/07/2012";"19:48:00";"87";"sem vítima";"634,3";"BR-116/RS";"Sul";"Colisão Frontal";0;0;1;0;0;0;0;0;0;0;1;0;0;0;0
"03/07/2012";"21:48:00";"90";"sem vítima";"634,3";"BR-116/RS";"Sul";"Capotamento";1;0;0;0;0;0;0;0;0;0;3;0;0;0;0
"03/07/2012";"21:55:00";"93";"sem vítima";"529,6";"BR-116/RS";"Sul";"Abalr.Mesmo Sentido";2;0;0;0;0;0;0;0;0;0;5;0;0;0;0
"04/07/2012";"06:56:00";"13";"sem vítima";"82";"BR-392/RS";"Sul";"Saída de Pista";2;0;0;0;0;0;0;0;0;0;3;0;0;0;0
"04/07/2012";"14:35:00";"58";"com vítima";"141";"BR-293/RS";"Norte";"Saída de Pista";1;0;1;0;0;0;0;0;0;0;1;1;0;0;0
"05/07/2012";"20:06:00";"101";"com vítima";"611,7";"BR-116/RS";"Sul";"Atropelamento de Animal";1;0;0;1;0;0;0;0;0;0;0;2;0;0;0
"05/07/2012";"21:14:00";"103";"sem vítima";"13,7";"BR-293/RS";"Norte";"Atropelamento";0;0;1;0;0;0;0;0;0;0;1;0;0;0;0
"06/07/2012";"06:40:00";"8";"com vítima";"526,4";"BR-116/RS";"Norte";"Atropelamento";0;0;0;1;0;0;0;0;0;0;0;1;1;0;0
"06/07/2012";"10:08:00";"27";"sem vítima";"488,6";"BR-116/RS";"Sul";"Abalr.Transversal";0;0;2;0;1;0;0;0;0;0;10;0;0;0;0
"06/07/2012";"10:12:00";"28";"sem vítima";"28,2";"BR-293/RS";"Norte";"Saída de Pista";1;0;2;0;0;0;0;0;0;0;4;0;0;0;0
"06/07/2012";"13:29:00";"40";"sem vítima";"71,3";"BR-293/RS";"Norte";"Saída de Pista";2;0;0;0;0;0;0;0;0;0;2;0;0;0;0
"06/07/2012";"15:37:00";"53";"sem vítima";"1,7";"BR-392/RS";"Sul";"Abalr.Transversal";0;0;2;0;0;0;0;0;0;0;1;0;0;0;0
"06/07/2012";"17:26:00";"71";"sem vítima";"23,9";"BR-293/RS";"Norte";"Colisão Frontal";1;0;1;0;0;0;0;0;0;0;4;0;0;0;0
"06/07/2012";"18:53:00";"78";"sem vítima";"84,4";"BR-392/RS";"Sul";"Colisão Frontal";1;0;0;0;0;0;0;0;0;0;1;0;0;0;0
"06/07/2012";"21:32:00";"95";"sem vítima";"129";"BR-392/RS";"Sul";"Colisão Traseira";1;0;0;0;0;0;0;0;0;0;1;0;0;0;0
"08/07/2012";"06:25:00";"4";"sem vítima";"89";"BR-293/RS";"Norte";"Colisão com Objeto Fixo";1;0;0;0;0;0;0;0;0;0;2;0;0;0;0
"08/07/2012";"06:57:00";"6";"com vítima";"65,5";"BR-392/RS";"Norte";"Abalr.Transversal";0;0;1;1;0;0;0;0;0;0;2;0;2;0;0
"08/07/2012";"19:45:00";"51";"com vítima";"145,1";"BR-293/RS";"Norte";"Atropelamento de Animal";2;0;0;0;0;0;0;0;0;0;4;0;1;0;0
"09/07/2012";"07:09:00";"15";"com vítima";"83,1";"BR-392/RS";"Norte";"Abalr.Transversal";3;0;0;0;0;0;0;0;0;0;4;0;1;0;0
"09/07/2012";"08:25:00";"26";"sem vítima";"31,5";"BR-293/RS";"Norte";"Abalr.Mesmo Sentido";0;0;0;0;1;1;0;0;0;0;43;0;0;0;0
"09/07/2012";"11:45:00";"47";"com vítima";"529,1";"BR-116/RS";"Norte";"Abalr.Transversal";1;0;0;1;0;0;0;0;0;0;1;0;1;0;0
"09/07/2012";"18:54:00";"74";"sem vítima";"18,1";"BR-392/RS";"Sul";"Atropelamento";0;0;3;0;0;0;0;0;0;0;2;0;0;0;0
"10/07/2012";"10:22:00";"24";"sem vítima";"464,7";"BR-116/RS";"Sul";"Abalr.Transversal";1;0;2;0;0;0;0;0;0;0;2;0;0;0;0
"10/07/2012";"19:35:00";"71";"sem vítima";"110,2";"BR-392/RS";"Sul";"Colisão Traseira";1;0;0;0;0;0;0;0;0;0;4;0;0;0;0
"11/07/2012";"18:00:00";"65";"sem vítima";"22,5";"BR-392/RS";"Sul";"Abalr.Transversal";1;0;0;0;0;0;0;0;0;0;1;0;0;0;0
"12/07/2012";"15:54:00";"53";"sem vítima";"3,9";"BR-392/RS";"Norte";"Abalr.Transversal";1;0;0;0;0;0;0;0;0;0;4;0;0;0;0
"12/07/2012";"23:53:00";"100";"com vítima";"616,1";"BR-116/RS";"Sul";"Saída de Pista";1;0;0;1;0;0;0;0;0;0;1;1;0;0;0
"13/07/2012";"00:54:00";"1";"sem vítima";"512,2";"BR-116/RS";"Sul";"Tombamento";0;0;3;0;0;0;0;0;0;0;2;0;0;0;0
"13/07/2012";"08:20:00";"22";"com vítima";"79";"BR-392/RS";"Sul";"Colisão Traseira";1;0;0;1;0;0;0;0;0;0;1;0;0;1;0
"13/07/2012";"09:01:00";"28";"sem vítima";"2,2";"BR-604/RS";"Sul";"Abalr.Transversal";0;0;4;0;0;0;0;0;0;0;2;0;0;0;0
"14/07/2012";"03:13:00";"4";"com vítima";"176";"BR-392/RS";"Sul";"Saída de Pista";1;0;0;1;0;0;0;0;0;0;1;0;1;0;0
"14/07/2012";"10:19:00";"21";"sem vítima";"530,1";"BR-116/RS";"Norte";"Abalr.Transversal";2;0;0;0;0;0;0;0;0;0;8;0;0;0;0
"14/07/2012";"11:01:00";"28";"sem vítima";"17,8";"BR-392/RS";"Norte";"Abalr.Mesmo Sentido";1;0;0;0;0;0;0;0;0;0;2;0;0;0;0
"15/07/2012";"23:36:00";"56";"com vítima";"34,6";"BR-392/RS";"Sul";"Colisão com Objeto Fixo";1;0;2;0;0;0;0;0;0;0;1;0;0;1;1
"16/07/2012";"01:20:00";"4";"com vítima";"3,5";"BR-392/RS";"Norte";"Atropelamento de Animal";2;0;0;0;0;0;0;0;0;0;1;1;0;0;0
"16/07/2012";"06:47:00";"13";"sem vítima";"641,4";"BR-116/RS";"Sul";"Abalr.Sentido Oposto";0;0;1;0;0;0;0;0;0;0;2;0;0;0;0
"16/07/2012";"07:29:00";"15";"com vítima";"529,2";"BR-116/RS";"Sul";"Abalr.Transversal";1;0;0;0;0;0;0;0;0;0;0;2;0;0;0
"16/07/2012";"11:27:00";"38";"sem vítima";"3";"BR-392/RS";"Sul";"Tombamento";1;0;0;0;0;0;0;0;0;0;1;0;0;0;0
"16/07/2012";"19:09:00";"89";"sem vítima";"520,9";"BR-116/RS";"Norte";"Abalr.Transversal";1;0;2;0;0;0;0;0;0;0;3;0;0;0;0
"17/07/2012";"15:03:00";"45";"com vítima";"117,1";"BR-392/RS";"Norte";"Abalr.Transversal";0;0;3;0;0;0;0;0;0;0;1;1;0;0;0
"17/07/2012";"18:15:00";"62";"sem vítima";"13,3";"BR-293/RS";"Norte";"Abalr.Transversal";1;0;0;0;0;0;0;0;0;0;7;0;0;0;0
"19/07/2012";"00:13:00";"1";"com vítima";"432,8";"BR-116/RS";"Norte";"Saída de Pista";2;0;0;0;0;1;0;0;0;0;0;5;0;0;0
"19/07/2012";"06:52:00";"11";"sem vítima";"401,2";"BR-116/RS";"Norte";"Tombamento";0;0;1;0;0;0;0;0;0;0;2;0;0;0;0
"19/07/2012";"06:57:00";"12";"sem vítima";"529,2";"BR-116/RS";"Norte";"Colisão Frontal";1;0;0;0;0;0;0;0;0;0;5;0;0;0;0
"19/07/2012";"17:18:00";"68";"sem vítima";"525,8";"BR-116/RS";"Sul";"Abalr.Transversal";1;0;0;0;0;0;0;0;0;0;2;0;0;0;0
"20/07/2012";"22:22:00";"113";"sem vítima";"157,3";"BR-392/RS";"Sul";"Colisão Traseira";1;0;0;0;0;0;0;0;0;0;1;0;0;0;0
"21/07/2012";"09:09:00";"21";"sem vítima";"16,1";"BR-392/RS";"Norte";"Abalr.Transversal";1;0;0;0;0;0;0;0;0;0;1;0;0;0;0
"22/07/2012";"17:59:00";"51";"sem vítima";"526,8";"BR-116/RS";"Norte";"Colisão Traseira";0;0;2;0;0;0;0;0;0;0;1;0;0;0;0
"22/07/2012";"18:08:00";"55";"com vítima";"71,5";"BR-392/RS";"Sul";"Colisão Traseira";0;0;0;1;0;0;0;0;0;0;0;0;1;0;0
"22/07/2012";"22:29:00";"83";"sem vítima";"11,3";"BR-293/RS";"Norte";"Tombamento";1;0;2;0;0;0;0;0;0;0;2;0;0;0;0
"22/07/2012";"23:00:00";"86";"sem vítima";"17,9";"BR-392/RS";"Sul";"Abalr.Transversal";1;0;0;0;1;0;0;0;0;0;3;0;0;0;0
"23/07/2012";"00:42:00";"1";"sem vítima";"2,9";"BR-392/RS";"Norte";"Abalr.Transversal";0;0;2;0;0;0;0;0;0;0;1;0;0;0;0
"23/07/2012";"07:39:00";"11";"com vítima";"188,2";"BR-392/RS";"Norte";"Saída de Pista";1;0;0;1;0;0;0;0;0;0;3;0;1;0;0
"24/07/2012";"06:15:00";"8";"com vítima";"48,5";"BR-392/RS";"Norte";"Colisão Traseira";0;0;2;1;0;0;0;0;0;0;1;0;1;0;0
"24/07/2012";"15:33:00";"56";"com vítima";"42,4";"BR-392/RS";"Norte";"Abalr.Transversal";0;0;0;1;0;0;0;0;0;0;0;1;0;0;0
"24/07/2012";"22:23:00";"85";"com vítima";"78,9";"BR-392/RS";"Sul";"Tombamento";0;0;2;0;0;0;0;0;0;0;0;1;0;0;0
"25/07/2012";"07:50:00";"13";"sem vítima";"65,3";"BR-392/RS";"Norte";"Saída de Pista";0;0;2;0;0;0;0;0;0;0;1;0;0;0;0
"25/07/2012";"17:42:00";"50";"com vítima";"526";"BR-116/RS";"Norte";"Outros Tipos de Acidente";1;0;2;0;0;0;0;0;0;0;0;1;1;0;0
"26/07/2012";"19:08:00";"55";"com vítima";"562,4";"BR-116/RS";"Sul";"Outros Tipos de Acidente";1;0;1;0;0;0;0;0;0;0;3;1;0;0;0
"27/07/2012";"07:28:00";"11";"sem vítima";"110,2";"BR-392/RS";"Norte";"Saída de Pista";1;0;0;0;0;0;0;0;0;0;1;0;0;0;0
"27/07/2012";"18:30:00";"56";"sem vítima";"36,5";"BR-392/RS";"Norte";"Abalr.Mesmo Sentido";0;0;2;0;0;1;0;0;0;0;2;0;0;0;0
"27/07/2012";"20:24:00";"67";"sem vítima";"61,8";"BR-392/RS";"Sul";"Abalr.Mesmo Sentido";1;0;1;0;0;0;0;0;0;0;2;0;0;0;0
"27/07/2012";"20:50:00";"72";"com vítima";"1";"BR-604/RS";"Sul";"Abalr.Transversal";1;0;0;0;0;0;0;0;0;0;0;1;0;0;0
"28/07/2012";"09:23:00";"15";"sem vítima";"572,1";"BR-116/RS";"Norte";"Colisão Traseira";1;0;0;0;0;0;0;0;0;0;2;0;0;0;0
"28/07/2012";"15:49:00";"42";"sem vítima";"66,9";"BR-392/RS";"Sul";"Abalr.Transversal";1;0;0;0;0;0;0;0;0;0;1;0;0;0;0
"29/07/2012";"02:33:00";"7";"sem vítima";"48,2";"BR-392/RS";"Norte";"Saída de Pista";2;0;0;0;0;0;0;0;0;0;4;0;0;0;0
"29/07/2012";"06:05:00";"11";"sem vítima";"593,7";"BR-116/RS";"Norte";"Atropelamento de Animal";2;0;0;0;0;0;0;0;0;0;2;0;0;0;0
"30/07/2012";"00:20:00";"2";"sem vítima";"567";"BR-116/RS";"Norte";"Saída de Pista";1;0;0;0;0;0;0;0;0;0;1;0;0;0;0
"30/07/2012";"18:51:00";"60";"sem vítima";"11,3";"BR-392/RS";"Norte";"Atropelamento de Animal";2;0;0;0;0;0;0;0;0;0;5;0;0;0;0
"31/07/2012";"07:04:00";"7";"com vítima";"7,2";"BR-392/RS";"Sul";"Abalr.Transversal";0;0;2;1;0;0;0;0;0;0;1;1;0;1;0
"01/08/2012";"06:36:00";"4";"sem vítima";"13,9";"BR-293/RS";"Norte";"Atropelamento de Animal";2;0;0;0;0;0;0;0;0;0;5;0;0;0;0
"01/08/2012";"12:37:00";"45";"sem vítima";"529,2";"BR-116/RS";"Sul";"Atropelamento";1;0;1;0;0;0;0;0;0;0;3;0;0;0;0
"01/08/2012";"13:17:00";"49";"com vítima";"4,8";"BR-392/RS";"Norte";"Tombamento";1;1;0;0;0;0;0;0;0;0;1;0;1;0;0
"01/08/2012";"18:26:00";"75";"com vítima";"20,5";"BR-392/RS";"Norte";"Abalr.Transversal";1;0;0;1;0;0;0;0;0;0;2;1;0;0;0
"01/08/2012";"19:24:00";"79";"com vítima";"20,5";"BR-392/RS";"Norte";"Colisão Traseira";2;0;0;0;0;0;0;0;0;0;3;1;0;0;0
"02/08/2012";"08:39:00";"17";"com vítima";"464,8";"BR-116/RS";"Norte";"Abalr.Transversal";1;0;2;0;0;0;0;0;0;0;1;1;0;0;0
"02/08/2012";"15:03:00";"61";"sem vítima";"2,9";"BR-392/RS";"Sul";"Tombamento";1;0;0;0;0;0;0;0;0;0;1;0;0;0;0
"02/08/2012";"15:04:00";"62";"sem vítima";"529,1";"BR-116/RS";"Sul";"Abalr.Transversal";1;0;0;0;0;0;0;0;0;0;1;0;0;0;0
"02/08/2012";"15:46:00";"70";"com vítima";"520,9";"BR-116/RS";"Norte";"Abalr.Transversal";0;0;0;1;0;0;0;0;0;0;0;2;0;0;0
"02/08/2012";"22:37:00";"104";"com vítima";"136,7";"BR-392/RS";"Sul";"Abalr.Sentido Oposto";1;0;0;0;0;0;0;0;0;0;0;1;0;0;0
"03/08/2012";"10:13:00";"36";"sem vítima";"53,5";"BR-392/RS";"Sul";"Saída de Pista";2;0;0;0;0;0;0;0;0;0;6;0;0;0;0