data;horario;n_da_ocorrencia;tipo_de_ocorrencia;km;trecho;sentido;tipo_de_acidente;automovel;bicicleta;caminhao;moto;onibus;outros;tracao_animal;transporte_de_cargas_especiais;trator_maquinas;utilitarios;ilesos;levemente_feridos;moderadamente_feridos;gravemente_feridos;mortos
"23/05/2013";"18:20:00";"81";"com vítima";"40,8";"BR-392/RS";"Sul";"Atropelamento";2;0;0;0;0;0;0;0;0;0;0;5;1;0;0
"24/05/2013";"12:19:00";"54";"com vítima";"481,6";"BR-116/RS";"Sul";"Colisão traseira";2;0;0;0;0;0;0;0;0;0;0;0;0;2;1
"24/05/2013";"15:20:00";"66";"sem vítima";"64,8";"BR-392/RS";"Sul";"Colisão Traseira";2;0;0;0;0;0;0;0;0;0;2;0;0;0;0
"24/05/2013";"15:30:00";"67";"com vítima";"526,4";"BR-116/RS";"Sul";"Tombamento";0;0;1;0;0;0;0;0;0;0;0;0;1;0;0
"24/05/2013";"17:20:00";"79";"com vítima";"526,6";"BR-116/RS";"Norte";"Colisão traseira";1;0;1;0;0;0;0;0;0;0;1;0;1;0;0
"24/05/2013";"18:02:00";"85";"com vítima";"132,9";"BR-392/RS";"Norte";"Saída de Pista";0;0;1;0;0;0;0;0;0;0;1;1;0;0;0
"25/05/2013";"00:22:00";"4";"sem vítima";"5,5";"BR-392/RS";"Sul";"Saída de Pista";1;0;1;0;0;0;0;0;0;0;2;0;0;0;0
"25/05/2013";"02:15:00";"13";"com vítima";"112,5";"BR-293/RS";"Norte";"Atropelamento de Animal";1;0;0;0;0;0;0;0;0;0;0;1;0;1;0
"25/05/2013";"03:32:00";"18";"sem vítima";"12,9";"BR-392/RS";"Sul";"Abalr.Transversal";1;0;0;0;0;0;0;0;0;0;1;0;0;0;0
"25/05/2013";"16:43:00";"76";"com vítima";"527";"BR-116/RS";"Sul";"Colisão Frontal";0;0;0;1;0;0;0;0;0;0;0;1;0;0;0
"25/05/2013";"17:17:00";"82";"sem vítima";"2,6";"BR-392/RS";"Sul";"Colisão traseira";1;0;0;0;0;0;0;0;0;0;2;0;0;0;0
"25/05/2013";"18:34:00";"89";"com vítima";"530,1";"BR-116/RS";"Sul";"Abalr.Transversal";1;0;2;0;0;0;0;0;0;0;2;0;0;1;0
"25/05/2013";"18:44:00";"90";"sem vítima";"87,5";"BR-392/RS";"Sul";"Tombamento";1;0;0;0;0;0;0;0;0;0;1;0;0;0;0
"26/05/2013";"18:44:00";"74";"sem vítima";"101,1";"BR-392/RS";"Norte";"Saída de Pista";2;0;0;0;0;0;0;0;0;0;4;0;0;0;0
"27/05/2013";"06:20:00";"13";"sem vítima";"97,9";"BR-293/RS";"Norte";"Saída de Pista";1;0;0;0;0;0;0;0;0;0;1;0;0;0;0
"27/05/2013";"07:37:00";"17";"com vítima";"113,4";"BR-392/RS";"Norte";"Colisão Frontal";0;0;0;1;0;0;0;0;0;0;0;1;0;0;0
"27/05/2013";"14:38:00";"51";"com vítima";"12,4";"BR-293/RS";"Norte";"Abalr.Sentido Oposto";1;0;0;0;0;0;0;0;0;0;0;0;1;0;0
"27/05/2013";"15:36:00";"56";"sem vítima";"447,3";"BR-116/RS";"Norte";"Abalr.Transversal";1;0;1;0;0;0;0;0;0;0;4;0;0;0;0
"28/05/2013";"13:38:00";"54";"sem vítima";"431,6";"BR-116/RS";"Norte";"Colisão traseira";1;0;0;0;0;0;0;0;0;0;1;0;0;0;0
"28/05/2013";"22:38:00";"108";"sem vítima";"78,4";"BR-392/RS";"Norte";"Abalr.Sentido Oposto";2;0;0;0;0;0;0;0;0;0;5;0;0;0;0
"29/05/2013";"05:30:00";"10";"com vítima";"99,5";"BR-392/RS";"Sul";"Tombamento";1;0;1;0;0;0;0;0;0;0;1;0;1;0;0
"29/05/2013";"10:23:00";"30";"sem vítima";"180,7";"BR-392/RS";"Sul";"Saída de Pista";0;0;1;0;0;0;0;0;0;0;1;0;0;0;0
"29/05/2013";"13:10:00";"48";"com vítima";"510,9";"BR-116/RS";"Sul";"Colisão Frontal";0;0;0;1;0;0;0;0;0;0;0;1;0;0;0
"29/05/2013";"22:08:00";"111";"sem vítima";"10,1";"BR-392/RS";"Sul";"Outros tipos de acidente";2;0;0;0;0;0;0;0;0;0;5;0;0;0;0
"29/05/2013";"22:46:00";"117";"com vítima";"193,3";"BR-392/RS";"Norte";"Saída de Pista";1;0;0;0;1;0;0;0;0;0;4;2;0;0;0
"30/05/2013";"03:12:00";"10";"sem vítima";"102,7";"BR-392/RS";"Norte";"Colisão traseira";2;0;0;0;0;0;0;0;0;0;3;0;0;0;0
"30/05/2013";"10:54:00";"32";"com vítima";"140,3";"BR-392/RS";"Sul";"Abalr.Transversal";1;0;0;0;0;0;0;0;0;0;0;2;0;1;0
"30/05/2013";"16:33:00";"55";"com vítima";"429,1";"BR-116/RS";"Norte";"Abalr.Transversal";1;0;0;0;0;0;0;0;0;0;1;0;1;0;0
"30/05/2013";"16:39:00";"56";"sem vítima";"52,3";"BR-392/RS";"Norte";"Colisão Traseira";1;0;0;0;0;0;0;0;0;0;4;0;0;0;0
"30/05/2013";"17:26:00";"62";"com vítima";"510,3";"BR-116/RS";"Sul";"Tombamento";0;0;0;1;0;0;0;0;0;0;0;0;1;0;0
"30/05/2013";"23:42:00";"92";"sem vítima";"475,3";"BR-116/RS";"Sul";"Saída de Pista";1;0;0;0;0;0;0;0;0;0;1;0;0;0;0
"01/06/2013";"12:01:00";"40";"sem vítima";"500,5";"BR-116/RS";"Sul";"Saída de Pista";1;0;0;0;0;0;0;0;0;0;1;0;0;0;0
"01/06/2013";"16:41:00";"65";"com vítima";"557,7";"BR-116/RS";"Sul";"Colisão frontal";1;0;0;0;0;0;0;0;0;0;0;3;0;0;0
"01/06/2013";"18:48:00";"72";"com vítima";"97,6";"BR-392/RS";"Norte";"Abalr.Mesmo Sentido";2;0;1;0;0;0;0;0;0;0;0;4;0;0;1
"01/06/2013";"20:35:00";"80";"com vítima";"490,3";"BR-116/RS";"Norte";"Atropelamento de animal";1;0;0;0;0;0;0;0;0;0;2;2;0;0;0
"02/06/2013";"08:25:00";"14";"sem vítima";"121,5";"BR-293/RS";"Norte";"Saída de Pista";1;0;1;0;0;0;0;0;0;0;5;0;0;0;0
"02/06/2013";"15:38:00";"55";"sem vítima";"524";"BR-116/RS";"Norte";"Abalr.Mesmo Sentido";1;0;0;0;0;0;0;0;0;0;3;0;0;0;0
"02/06/2013";"17:34:00";"65";"sem vítima";"458,2";"BR-116/RS";"Sul";"Colisão traseira";1;0;1;0;0;0;0;0;0;0;2;0;0;0;0
"02/06/2013";"19:03:00";"74";"com vítima";"486,2";"BR-116/RS";"Sul";"Abalr.Transversal";0;0;1;0;0;0;0;0;0;0;0;0;1;0;0
"03/06/2013";"12:47:00";"45";"sem vítima";"37";"BR-293/RS";"Norte";"Colisão traseira";1;0;0;0;0;0;0;0;0;0;2;0;0;0;0
"03/06/2013";"14:12:00";"57";"sem vítima";"92,9";"BR-392/RS";"Sul";"Colisão traseira";0;0;1;0;0;0;0;0;0;0;1;0;0;0;0
"03/06/2013";"15:58:00";"70";"com vítima";"93,6";"BR-392/RS";"Sul";"Colisão traseira";1;0;0;0;0;0;0;0;0;0;0;2;0;0;0
"03/06/2013";"18:16:00";"84";"sem vítima";"7,2";"BR-392/RS";"Norte";"Abalr.Transversal";1;0;1;0;0;0;0;0;0;0;2;0;0;0;0
"04/06/2013";"04:04:00";"11";"com vítima";"65,5";"BR-392/RS";"Norte";"Abalr.Transversal";0;0;0;1;0;0;0;0;0;0;0;0;1;0;1
"04/06/2013";"05:02:00";"12";"com vítima";"73,9";"BR-392/RS";"Sul";"Atropelamento de animal";1;0;0;0;1;0;0;0;0;0;28;1;1;0;0
"04/06/2013";"05:30:00";"15";"sem vítima";"73,9";"BR-392/RS";"Norte";"Atropelamento de animal";1;0;0;0;0;0;0;0;0;0;5;0;0;0;0
"04/06/2013";"19:21:00";"88";"com vítima";"404,5";"BR-116/RS";"Sul";"Saída de Pista";1;1;0;0;0;0;0;0;0;0;5;1;0;0;0
"06/06/2013";"04:37:00";"10";"sem vítima";"192,5";"BR-392/RS";"Sul";"Saída de Pista";2;0;0;0;0;0;0;0;0;0;3;0;0;0;0
"06/06/2013";"12:23:00";"51";"com vítima";"10,1";"BR-392/RS";"Norte";"Abalr.Mesmo Sentido";1;0;0;0;0;0;0;0;0;0;0;1;0;0;0
"06/06/2013";"12:27:00";"53";"com vítima";"40";"BR-293/RS";"Norte";"Colisão frontal";1;0;0;1;0;0;0;0;0;0;1;1;0;0;0
"06/06/2013";"14:08:00";"62";"com vítima";"112,5";"BR-392/RS";"Sul";"Saída de Pista";2;0;0;0;0;0;0;0;0;0;0;0;3;0;0
"07/06/2013";"15:07:00";"54";"sem vítima";"139,4";"BR-293/RS";"Norte";"Colisão traseira";1;0;0;0;0;1;0;0;0;0;2;0;0;0;0
"07/06/2013";"17:13:00";"70";"sem vítima";"410,9";"BR-116/RS";"Norte";"Saída de Pista";1;0;1;0;0;0;0;0;0;0;2;0;0;0;0
"07/06/2013";"18:35:00";"80";"com vítima";"19,7";"BR-392/RS";"Sul";"Tombamento";1;0;0;0;0;0;0;0;0;0;1;0;1;0;0
"07/06/2013";"19:31:00";"86";"sem vítima";"155";"BR-293/RS";"Norte";"Atropelamento de animal";1;0;0;0;0;0;0;0;0;0;1;0;0;0;0
"08/06/2013";"12:54:00";"65";"com vítima";"510,9";"BR-116/RS";"Sul";"Colisão Traseira";0;0;1;0;0;0;0;0;0;0;1;0;0;0;1
"08/06/2013";"13:21:00";"67";"com vítima";"10,2";"BR-392/RS";"Norte";"Saída de Pista";0;0;0;1;1;0;0;0;0;0;37;0;0;0;1
"08/06/2013";"15:55:00";"87";"sem vítima";"26,7";"BR-392/RS";"Sul";"Abalr.Mesmo Sentido";1;0;1;0;0;0;0;0;0;0;2;0;0;0;0
"08/06/2013";"16:53:00";"94";"sem vítima";"475,6";"BR-116/RS";"Sul";"Tombamento";2;0;0;0;0;0;0;0;0;0;3;0;0;0;0
"08/06/2013";"18:33:00";"103";"sem vítima";"3,6";"BR-604/RS";"Sul";"Colisão traseira";2;0;0;0;0;0;0;0;0;0;2;0;0;0;0
"09/06/2013";"18:33:00";"76";"com vítima";"73,3";"BR-392/RS";"Sul";"Colisão traseira";1;0;0;1;0;0;0;0;0;0;1;0;1;0;0
"09/06/2013";"19:37:00";"88";"sem vítima";"62";"BR-392/RS";"Sul";"Abalr.Transversal";2;0;0;0;0;0;0;0;0;0;5;0;0;0;0
"09/06/2013";"19:44:00";"90";"com vítima";"47,5";"BR-392/RS";"Sul";"Capotamento";1;0;0;1;0;0;0;0;0;0;1;1;0;0;0
"10/06/2013";"01:49:00";"2";"com vítima";"38,2";"BR-392/RS";"Sul";"Saída de Pista";1;0;0;0;0;0;0;0;0;0;0;1;1;1;0
"10/06/2013";"15:10:00";"64";"sem vítima";"516,9";"BR-116/RS";"Norte";"Abalr.Transversal";0;0;1;0;0;0;0;0;0;0;3;0;0;0;0
"10/06/2013";"18:29:00";"86";"sem vítima";"524,2";"BR-116/RS";"Norte";"Abalr.Transversal";0;0;1;0;0;0;0;0;0;0;1;0;0;0;0
"10/06/2013";"18:54:00";"88";"sem vítima";"519,4";"BR-116/RS";"Norte";"Abalr.Transversal";1;0;0;0;1;0;0;0;0;0;19;0;0;0;0
"10/06/2013";"20:38:00";"99";"com vítima";"68";"BR-392/RS";"Norte";"Colisão Traseira";1;0;0;0;1;0;0;0;0;0;1;0;1;0;0
"11/06/2013";"05:12:00";"11";"sem vítima";"3,6";"BR-392/RS";"Sul";"Saída de Pista";1;0;0;1;0;0;0;0;0;0;6;0;0;0;0
"11/06/2013";"08:13:00";"23";"sem vítima";"2,2";"BR-604/RS";"Sul";"Abalr.Transversal";1;0;0;0;0;0;0;0;0;0;1;0;0;0;0
"11/06/2013";"19:10:00";"91";"com vítima";"43";"BR-392/RS";"Sul";"Saída de Pista";1;0;1;0;0;0;0;0;0;0;1;0;1;0;0
"12/06/2013";"18:58:00";"84";"com vítima";"23,1";"BR-392/RS";"Norte";"Atropelamento";2;0;0;0;0;0;0;0;0;0;0;1;1;0;0
"12/06/2013";"19:23:00";"87";"sem vítima";"1,3";"BR-392/RS";"Norte";"Abalr.Transversal";0;0;0;0;1;0;0;0;0;0;1;0;0;0;0
"13/06/2013";"08:34:00";"17";"com vítima";"611,7";"BR-116/RS";"Sul";"Abalr.Transversal";1;0;1;1;0;0;0;0;0;0;3;1;0;0;0
"14/06/2013";"18:06:00";"102";"com vítima";"84";"BR-392/RS";"Sul";"Saída de Pista";0;0;0;1;0;0;0;0;0;0;0;1;0;0;0
"15/06/2013";"07:45:00";"25";"com vítima";"521";"BR-116/RS";"Sul";"Colisão Traseira";1;0;0;1;0;0;0;0;0;0;1;1;0;0;0
"15/06/2013";"09:37:00";"33";"com vítima";"1,7";"BR-392/RS";"Norte";"Colisão frontal";1;0;1;0;0;0;0;0;0;0;2;2;0;0;0
"15/06/2013";"23:25:00";"104";"sem vítima";"109,2";"BR-392/RS";"Norte";"Colisão traseira";1;0;0;0;0;0;1;0;0;0;5;0;0;0;0
"16/06/2013";"09:33:00";"23";"com vítima";"19,4";"BR-392/RS";"Norte";"Colisão Traseira";1;0;0;1;0;0;0;0;0;0;1;0;1;0;0
"16/06/2013";"10:53:00";"32";"sem vítima";"577,9";"BR-116/RS";"Sul";"Saída de Pista";2;0;0;0;0;0;0;0;0;0;7;0;0;0;0
"16/06/2013";"16:30:00";"64";"sem vítima";"524,3";"BR-116/RS";"Sul";"Colisão Traseira";1;0;1;0;0;0;0;0;0;0;3;0;0;0;0
"16/06/2013";"17:58:00";"74";"sem vítima";"60,5";"BR-392/RS";"Sul";"Colisão Traseira";0;0;2;0;0;0;0;0;0;0;2;0;0;0;0
"16/06/2013";"20:11:00";"87";"sem vítima";"1";"BR-392/RS";"Norte";"Saída de Pista";0;0;1;0;0;0;0;0;0;0;1;0;0;0;0
"16/06/2013";"21:11:00";"92";"com vítima";"2,9";"BR-392/RS";"Norte";"Abalr.Transversal";0;0;0;1;0;0;0;0;0;0;0;0;1;0;0
"16/06/2013";"23:00:00";"96";"com vítima";"54,6";"BR-293/RS";"Norte";"Saída de Pista";1;0;0;1;0;0;0;0;0;0;1;0;1;0;0
"17/06/2013";"06:01:00";"8";"sem vítima";"13,4";"BR-293/RS";"Norte";"Colisão Frontal";2;0;0;0;0;0;0;0;0;0;6;0;0;0;0
"17/06/2013";"12:01:00";"37";"com vítima";"417,9";"BR-116/RS";"Sul";"Colisão Traseira";0;0;0;1;0;0;0;0;0;0;0;1;0;0;0
"18/06/2013";"18:45:00";"78";"sem vítima";"550,6";"BR-116/RS";"Norte";"Saída de Pista";1;0;1;0;0;0;0;0;0;0;2;0;0;0;0
"18/06/2013";"23:13:00";"92";"com vítima";"454,9";"BR-116/RS";"Sul";"Colisão Traseira";1;0;0;1;0;0;0;0;0;0;3;0;1;0;0
"19/06/2013";"10:28:00";"31";"com vítima";"49,4";"BR-293/RS";"Norte";"Abalr.Transversal";1;0;0;0;0;0;0;0;0;0;2;2;1;0;0
"20/06/2013";"08:54:00";"22";"sem vítima";"530,1";"BR-116/RS";"Norte";"Abalr.Transversal";1;0;0;0;0;0;0;0;0;0;1;0;0;0;0
"20/06/2013";"11:45:00";"38";"sem vítima";"30,5";"BR-392/RS";"Norte";"Tombamento";0;0;1;0;0;0;0;0;0;0;1;0;0;0;0
"20/06/2013";"16:56:00";"64";"com vítima";"114,1";"BR-392/RS";"Norte";"Saída de Pista";2;0;1;0;0;0;0;0;0;0;2;1;0;0;0
"20/06/2013";"18:04:00";"68";"sem vítima";"429";"BR-116/RS";"Norte";"Abalr.Transversal";2;0;0;0;0;0;0;0;0;0;5;0;0;0;0
"20/06/2013";"19:56:00";"87";"com vítima";"1,6";"BR-392/RS";"Norte";"Saída de Pista";0;0;2;0;0;0;0;0;0;0;1;0;1;0;0
"21/06/2013";"08:07:00";"23";"sem vítima";"591,3";"BR-116/RS";"Sul";"Abalr.Transversal";1;0;0;1;0;0;0;0;0;0;2;0;0;0;0
"21/06/2013";"13:17:00";"59";"com vítima";"122,3";"BR-392/RS";"Sul";"Abalr.Transversal";1;0;0;0;0;0;0;0;0;0;0;0;1;0;0
"21/06/2013";"13:53:00";"61";"sem vítima";"109";"BR-392/RS";"Norte";"Abalr.Sentido Oposto";0;0;2;0;0;0;0;0;0;0;3;0;0;0;0
"22/06/2013";"08:13:00";"24";"com vítima";"607,8";"BR-116/RS";"Norte";"Saída de Pista";0;0;0;1;0;0;0;0;0;0;0;1;0;0;0
"22/06/2013";"08:17:00";"26";"sem vítima";"419,4";"BR-116/RS";"Norte";"Saída de Pista";1;0;1;0;0;0;0;0;0;0;4;0;0;0;0
"22/06/2013";"18:23:00";"84";"com vítima";"518,8";"BR-116/RS";"Norte";"Atropelamento de animal";1;0;0;1;0;0;0;0;0;0;1;0;1;0;0
"22/06/2013";"19:40:00";"90";"sem vítima";"18";"BR-392/RS";"Sul";"Abalr.Transversal";1;0;1;0;0;0;0;0;0;0;2;0;0;0;0
"22/06/2013";"19:40:00";"91";"sem vítima";"523,5";"BR-116/RS";"Norte";"Abalr.Transversal";1;0;0;0;0;0;0;0;0;0;4;0;0;0;0
"22/06/2013";"22:56:00";"101";"sem vítima";"22,3";"BR-293/RS";"Norte";"Abalr.Transversal";2;0;0;0;0;0;0;0;0;0;6;0;0;0;0
"24/06/2013";"00:11:00";"3";"com vítima";"122";"BR-293/RS";"Norte";"Atropelamento de animal";1;0;0;1;0;0;0;0;0;0;2;1;0;0;0
"24/06/2013";"06:29:00";"13";"sem vítima";"168,8";"BR-392/RS";"Sul";"Colisão Traseira";1;0;1;0;0;0;0;0;0;0;3;0;0;0;0
"24/06/2013";"14:59:00";"61";"com vítima";"123";"BR-392/RS";"Norte";"Saída de Pista";1;0;0;0;1;0;0;0;0;0;6;0;2;1;3
"24/06/2013";"17:31:00";"86";"com vítima";"520";"BR-116/RS";"Norte";"Tombamento";0;0;0;1;0;0;0;0;0;0;0;0;1;0;0
"24/06/2013";"17:34:00";"87";"sem vítima";"24,9";"BR-392/RS";"Norte";"Abalr.Transversal";2;0;0;0;0;0;0;0;0;0;5;0;0;0;0
"24/06/2013";"17:51:00";"88";"com vítima";"25,1";"BR-293/RS";"Norte";"Colisão traseira";1;0;0;0;0;0;0;0;0;0;0;0;2;0;0
"24/06/2013";"22:40:00";"119";"sem vítima";"99,5";"BR-392/RS";"Sul";"Saída de Pista";0;0;1;0;0;0;0;0;0;0;1;0;0;0;0
"24/06/2013";"23:14:00";"123";"com vítima";"163,8";"BR-293/RS";"Norte";"Saída de Pista";1;0;0;0;0;0;0;0;0;0;2;1;0;0;0
"25/06/2013";"16:47:00";"66";"sem vítima";"405,2";"BR-116/RS";"Norte";"Colisão Traseira";2;0;0;0;0;0;0;0;0;0;3;0;0;0;0
"25/06/2013";"20:26:00";"98";"com vítima";"567,9";"BR-116/RS";"Sul";"Saída de Pista";0;0;1;1;0;0;0;0;0;0;2;1;0;0;0
"25/06/2013";"21:18:00";"101";"com vítima";"514,4";"BR-116/RS";"Sul";"Abalr.Transversal";0;0;0;1;0;0;0;0;0;0;0;1;0;0;0
"26/06/2013";"05:01:00";"7";"com vítima";"523,6";"BR-116/RS";"Norte";"Abalr. Transversal";1;0;0;1;0;0;0;0;0;0;1;1;0;0;0
"26/06/2013";"05:34:00";"10";"com vítima";"485,2";"BR-116/RS";"Norte";"Atropelamento de animal";1;0;1;0;0;0;0;0;0;0;1;0;0;0;2
"26/06/2013";"08:41:00";"20";"sem vítima";"66,9";"BR-392/RS";"Sul";"Colisão traseira";0;0;1;0;0;0;0;0;0;0;1;0;0;0;0
"26/06/2013";"16:11:00";"71";"sem vítima";"65,5";"BR-392/RS";"Sul";"Abalr.Transversal";0;0;2;0;0;0;0;0;0;0;4;0;0;0;0
"26/06/2013";"18:53:00";"81";"sem vítima";"71,4";"BR-392/RS";"Sul";"Colisão traseira";1;0;1;0;0;0;0;0;0;0;3;0;0;0;0
"27/06/2013";"17:13:00";"78";"com vítima";"63,3";"BR-392/RS";"Norte";"Colisão traseira";0;0;0;2;0;0;0;0;0;0;1;0;1;1;0
"27/06/2013";"17:40:00";"80";"sem vítima";"1";"BR-392/RS";"Sul";"Atropelamento";1;0;1;0;0;0;0;0;0;0;3;0;0;0;0
"27/06/2013";"18:59:00";"93";"sem vítima";"58,9";"BR-392/RS";"Norte";"Colisão Traseira";1;0;0;0;0;0;0;0;0;0;1;0;0;0;0
"27/06/2013";"19:21:00";"96";"com vítima";"4,3";"BR-392/RS";"Norte";"Tombamento";1;0;0;0;0;0;0;0;0;0;0;1;0;0;0
"28/06/2013";"15:17:00";"52";"com vítima";"55,9";"BR-392/RS";"Sul";"Tombamento";0;0;0;1;0;0;0;0;0;0;0;0;2;0;0
"29/06/2013";"01:49:00";"5";"com vítima";"64,4";"BR-392/RS";"Sul";"Colisão frontal";1;0;0;1;0;0;0;0;0;0;2;1;0;0;0
"29/06/2013";"18:20:00";"60";"com vítima";"39,5";"BR-392/RS";"Norte";"Saída de Pista";0;0;0;1;0;0;0;0;0;0;0;1;1;0;0
"29/06/2013";"21:38:00";"67";"com vítima";"24,4";"BR-392/RS";"Norte";"Colisão traseira";2;0;0;0;0;0;0;0;0;0;0;7;0;0;0
"29/06/2013";"21:44:00";"69";"com vítima";"519,3";"BR-116/RS";"Norte";"Colisão Objeto Fixo";1;0;0;0;0;0;0;0;0;0;1;2;0;0;0
"30/06/2013";"04:29:00";"7";"sem vítima";"62,6";"BR-293/RS";"Norte";"Saída de Pista";2;0;0;0;0;0;0;0;0;0;3;0;0;0;0
"30/06/2013";"17:12:00";"52";"sem vítima";"563,5";"BR-116/RS";"Sul";"Abalr. Transversal";1;0;0;0;0;0;0;0;0;0;1;0;0;0;0
"30/06/2013";"17:21:00";"53";"com vítima";"511,6";"BR-116/RS";"Norte";"Colisão traseira";0;0;3;0;0;0;0;0;0;0;3;2;0;0;0
"01/07/2013";"07:45:00";"16";"com vítima";"430,4";"BR-116/RS";"Sul";"Colisão Traseira";0;0;0;1;0;0;0;0;0;0;0;0;1;0;0
"01/07/2013";"12:01:00";"39";"com vítima";"407,9";"BR-116/RS";"Norte";"Outros tipos de acidente";0;0;1;0;0;0;0;0;0;0;1;1;0;0;0
"01/07/2013";"14:34:00";"50";"sem vítima";"485,8";"BR-116/RS";"Sul";"Abalr.Transversal";1;0;0;0;0;0;0;0;0;0;2;0;0;0;0
"02/07/2013";"08:33:00";"13";"com vítima";"2,2";"BR-604/RS";"Sul";"Abalr.Transversal";0;0;0;1;0;0;0;0;0;0;0;0;1;0;0
"03/07/2013";"18:50:00";"73";"sem vítima";"134,7";"BR-392/RS";"Norte";"Colisão Traseira";0;0;0;1;0;0;0;0;0;0;1;0;0;0;0
"04/07/2013";"06:50:00";"11";"sem vítima";"61,9";"BR-392/RS";"Norte";"Tombamento";1;0;0;0;0;0;0;0;0;0;1;0;0;0;0
"04/07/2013";"08:36:00";"27";"sem vítima";"524,3";"BR-116/RS";"Sul";"Abalr.Transversal";1;0;0;0;0;0;0;0;0;0;1;0;0;0;0
"04/07/2013";"12:21:00";"56";"com vítima";"113,5";"BR-392/RS";"Norte";"Abalr.Transversal";3;0;0;0;0;0;0;0;0;0;4;0;3;1;1
"04/07/2013";"18:07:00";"92";"sem vítima";"525,8";"BR-116/RS";"Sul";"Colisão Traseira";1;0;0;0;0;0;0;0;0;0;1;0;0;0;0
"04/07/2013";"18:41:00";"96";"com vítima";"427";"BR-116/RS";"Sul";"Saída de Pista";0;0;1;0;0;0;0;0;0;0;1;0;0;1;0
"04/07/2013";"19:55:00";"105";"sem vítima";"6,8";"BR-392/RS";"Sul";"Colisão Traseira";1;0;0;0;0;0;0;0;0;0;1;0;0;0;0
"04/07/2013";"20:06:00";"107";"com vítima";"526,6";"BR-116/RS";"Norte";"Saída de Pista";1;0;0;0;0;0;0;0;0;0;0;0;0;1;0
"05/07/2013";"00:08:00";"1";"com vítima";"422,3";"BR-116/RS";"Sul";"Saída de Pista";1;0;1;0;0;0;0;0;0;0;2;1;0;0;0
"05/07/2013";"06:31:00";"13";"com vítima";"184,7";"BR-392/RS";"Sul";"Saída de Pista";0;0;0;2;0;0;0;0;0;0;0;2;0;0;0
"05/07/2013";"08:19:00";"24";"com vítima";"3,9";"BR-392/RS";"Norte";"Colisão Traseira";2;0;0;0;0;0;0;0;0;0;3;0;1;0;0
"05/07/2013";"12:39:00";"46";"sem vítima";"15,7";"BR-392/RS";"Norte";"Saída de Pista";0;0;1;0;0;1;0;0;0;0;2;0;0;0;0
"05/07/2013";"14:54:00";"57";"com vítima";"427,5";"BR-116/RS";"Norte";"Abalr.Transversal";1;0;1;0;0;0;0;0;0;0;1;1;0;0;0
"05/07/2013";"18:46:00";"75";"com vítima";"30,7";"BR-392/RS";"Sul";"Colisão Traseira";1;0;0;1;0;0;0;0;0;0;3;1;0;0;0
"06/07/2013";"07:50:00";"24";"sem vítima";"571,6";"BR-116/RS";"Sul";"Tombamento";0;0;2;0;0;0;0;0;0;0;3;0;0;0;0
"06/07/2013";"20:09:00";"98";"sem vítima";"551,9";"BR-116/RS";"Norte";"Saída de Pista";1;0;0;1;0;0;0;0;0;0;2;0;0;0;0
"06/07/2013";"22:10:00";"109";"com vítima";"61,1";"BR-392/RS";"Norte";"Saída de Pista";0;0;0;0;0;1;0;0;0;0;0;0;0;1;0
"06/07/2013";"22:11:00";"110";"com vítima";"417,4";"BR-116/RS";"Norte";"Saída de Pista";1;0;1;0;0;0;0;0;0;0;0;4;0;0;0
"07/07/2013";"00:48:00";"6";"com vítima";"12,8";"BR-392/RS";"Sul";"Abalr.Transversal";1;0;0;0;0;0;0;0;0;0;0;0;1;0;0
"07/07/2013";"01:36:00";"9";"com vítima";"171";"BR-293/RS";"Norte";"Saída de Pista";0;0;0;2;0;0;0;0;0;0;0;0;2;0;0
"07/07/2013";"07:21:00";"25";"com vítima";"521";"BR-116/RS";"Norte";"Atropelamento";1;0;0;1;0;0;0;0;0;0;0;2;0;0;0
"07/07/2013";"08:24:00";"30";"com vítima";"538,5";"BR-116/RS";"Sul";"Saída de Pista";1;0;0;0;0;0;0;0;0;0;0;1;0;0;0
"07/07/2013";"12:57:00";"50";"sem vítima";"428,3";"BR-116/RS";"Sul";"Colisão Traseira";1;0;0;0;0;0;0;0;0;0;2;0;0;0;0
"07/07/2013";"13:45:00";"52";"sem vítima";"401,4";"BR-116/RS";"Sul";"Saída de Pista";1;0;0;0;0;0;0;0;0;0;1;0;0;0;0
"07/07/2013";"16:49:00";"66";"com vítima";"485,6";"BR-116/RS";"Norte";"Saída de Pista";1;0;0;1;0;0;0;0;0;0;1;2;0;0;0
"08/07/2013";"09:26:00";"22";"sem vítima";"422,2";"BR-116/RS";"Norte";"Abalr.Transversal";0;0;1;0;0;0;0;0;0;0;1;0;0;0;0
"08/07/2013";"10:45:00";"29";"com vítima";"422,8";"BR-116/RS";"Norte";"Colisão Traseira";1;0;0;0;0;0;0;0;0;0;0;0;0;0;1
"08/07/2013";"15:21:00";"55";"sem vítima";"4,5";"BR-392/RS";"Norte";"Abalr.Transversal";2;0;0;0;0;0;0;0;0;0;2;0;0;0;0
"08/07/2013";"20:53:00";"93";"sem vítima";"8,9";"BR-392/RS";"Sul";"Tombamento";2;0;0;0;0;0;0;0;0;0;7;0;0;0;0
"08/07/2013";"20:54:00";"94";"com vítima";"121,7";"BR-293/RS";"Norte";"Atropelamento de Animal";2;0;0;0;0;0;0;0;0;0;0;0;5;0;1