data;horario;n_da_ocorrencia;tipo_de_ocorrencia;km;trecho;sentido;tipo_de_acidente;automovel;bicicleta;caminhao;moto;onibus;outros;tracao_animal;transporte_de_cargas_especiais;trator_maquinas;utilitarios;ilesos;levemente_feridos;moderadamente_feridos;gravemente_feridos;mortos
"08/04/2014";"17:53:00";"60";"com vítima";"7,5";"BR-392/RS";"Norte";"Abalr.Transversal";0;0;1;0;0;1;0;0;0;0;1;0;1;0;0
"08/04/2014";"18:47:00";"65";"sem vítima";"137,2";"BR-293/RS";"Norte";"Abalr.Transversal";0;0;1;0;0;0;0;0;0;0;1;0;0;0;0
"08/04/2014";"18:59:00";"66";"sem vítima";"455";"BR-116/RS";"Sul";"Saída de Pista";0;0;1;0;0;0;0;0;0;0;1;0;0;0;0
"10/04/2014";"09:37:00";"28";"sem vítima";"16,7";"BR-293/RS";"Norte";"Saída de Pista";1;0;1;0;0;0;0;0;0;0;2;0;0;0;0
"10/04/2014";"10:08:00";"33";"com vítima";"64,7";"BR-392/RS";"Norte";"Colisão Traseira";1;0;0;0;0;0;0;0;0;0;0;1;0;0;0
"10/04/2014";"18:46:00";"80";"sem vítima";"170,1";"BR-392/RS";"Norte";"Abalr.Transversal";1;0;0;0;0;0;0;0;0;0;4;0;0;0;0
"10/04/2014";"23:08:00";"95";"sem vítima";"123,2";"BR-392/RS";"Norte";"Abalr.Transversal";2;0;0;0;0;0;0;0;0;0;2;0;0;0;0
"11/04/2014";"11:07:00";"30";"com vítima";"98,9";"BR-392/RS";"Norte";"Saída de Pista";0;0;0;1;0;0;0;0;0;0;1;1;0;0;0
"11/04/2014";"12:25:00";"40";"com vítima";"46,8";"BR-392/RS";"Norte";"Saída de Pista";1;0;0;1;0;0;0;0;0;0;4;1;0;0;0
"11/04/2014";"13:58:00";"49";"sem vítima";"31,9";"BR-392/RS";"Sul";"Saída de Pista";1;0;0;0;0;0;0;0;0;0;1;0;0;0;0
"11/04/2014";"19:47:00";"80";"sem vítima";"24,3";"BR-392/RS";"Norte";"Saída de Pista";0;0;0;1;0;0;0;0;0;0;2;0;0;0;0
"11/04/2014";"20:09:00";"81";"sem vítima";"55,9";"BR-392/RS";"Sul";"Saída de Pista";1;0;1;0;0;0;0;0;0;0;3;0;0;0;0
"11/04/2014";"22:59:00";"92";"sem vítima";"52,3";"BR-392/RS";"Sul";"Colisão Traseira";1;0;0;0;0;0;0;0;0;0;1;0;0;0;0
"12/04/2014";"08:01:00";"19";"com vítima";"54,2";"BR-293/RS";"Norte";"Saída de Pista";1;0;0;1;0;0;0;0;0;0;2;1;0;0;0
"13/04/2014";"22:10:00";"88";"sem vítima";"93";"BR-392/RS";"Sul";"Colisão Traseira";2;0;0;0;0;0;0;0;0;0;2;0;0;0;0
"14/04/2014";"05:32:00";"14";"sem vítima";"11,3";"BR-293/RS";"Norte";"Colisão com Objeto Fixo";1;0;1;0;0;0;0;0;0;0;3;0;0;0;0
"14/04/2014";"07:34:00";"24";"sem vítima";"406,5";"BR-116/RS";"Sul";"Saída de Pista";1;0;0;0;0;0;0;0;0;0;2;0;0;0;0
"15/04/2014";"05:59:00";"13";"com vítima";"611,7";"BR-116/RS";"Sul";"Atropelamento de Animal";1;0;1;0;0;0;0;0;0;0;3;1;0;0;0
"15/04/2014";"08:26:00";"20";"sem vítima";"66,9";"BR-392/RS";"Norte";"Tombamento";1;0;1;0;0;0;0;0;0;0;2;0;0;0;0
"15/04/2014";"20:09:00";"99";"com vítima";"0,7";"BR-392/RS";"Norte";"Atropelamento de Animal";0;0;1;0;0;0;0;0;0;0;0;1;0;0;0
"16/04/2014";"15:46:00";"64";"com vítima";"81,6";"BR-392/RS";"Sul";"Abalr.Sentido Oposto";1;0;0;0;1;0;0;0;0;0;1;1;0;0;0
"16/04/2014";"19:10:00";"83";"sem vítima";"7,8";"BR-392/RS";"Sul";"Abalr.Transversal";1;0;1;0;0;0;0;0;0;0;3;0;0;0;0
"16/04/2014";"20:25:00";"90";"sem vítima";"46,4";"BR-293/RS";"Norte";"Saída de Pista";1;0;0;0;0;0;0;0;0;0;2;0;0;0;0
"16/04/2014";"20:47:00";"92";"sem vítima";"627,9";"BR-116/RS";"Sul";"Atropelamento de Animal";0;0;0;0;1;0;0;0;0;0;18;0;0;0;0
"16/04/2014";"21:07:00";"96";"com vítima";"402";"BR-116/RS";"Sul";"Saída de Pista";0;0;0;2;0;0;0;0;0;0;0;2;0;0;0
"17/04/2014";"10:46:00";"37";"com vítima";"486,5";"BR-116/RS";"Norte";"Colisão Traseira";0;1;1;0;0;0;0;0;0;0;1;0;0;0;1
"17/04/2014";"11:14:00";"43";"sem vítima";"514,9";"BR-116/RS";"Sul";"Colisão Traseira";2;0;0;0;0;0;0;0;0;0;3;0;0;0;0
"18/04/2014";"01:44:00";"7";"sem vítima";"192,2";"BR-392/RS";"Norte";"Saída de Pista";2;0;0;0;0;0;0;0;0;0;8;0;0;0;0
"18/04/2014";"07:41:00";"15";"com vítima";"13,8";"BR-392/RS";"Sul";"Saída de Pista";1;0;0;0;0;0;0;0;0;0;4;1;0;0;0
"18/04/2014";"10:37:00";"30";"sem vítima";"407,8";"BR-116/RS";"Sul";"Saída de Pista";2;0;0;0;0;0;0;0;0;0;2;0;0;0;0
"18/04/2014";"11:36:00";"38";"sem vítima";"118,5";"BR-392/RS";"Sul";"Colisão com Objeto Fixo";0;0;2;0;0;0;0;0;0;0;2;0;0;0;0
"18/04/2014";"16:38:00";"56";"com vítima";"194";"BR-392/RS";"Sul";"Tombamento";1;0;0;1;0;0;0;0;0;0;1;0;0;2;0
"18/04/2014";"16:42:00";"58";"sem vítima";"529,2";"BR-116/RS";"Sul";"Abalr.Transversal";2;0;0;0;0;0;0;0;0;0;2;0;0;0;0
"19/04/2014";"09:08:00";"22";"sem vítima";"526,5";"BR-116/RS";"Norte";"Abalr.Transversal";2;0;0;0;0;0;0;0;0;0;3;0;0;0;0
"19/04/2014";"10:36:00";"26";"sem vítima";"83,3";"BR-392/RS";"Sul";"Abalr. Mesmo sentido";1;0;0;0;0;0;0;0;0;0;4;0;0;0;0
"19/04/2014";"15:05:00";"40";"com vítima";"572,4";"BR-116/RS";"Norte";"Abalr.Sentido Oposto";1;0;0;0;0;0;0;0;0;0;0;0;1;0;0
"19/04/2014";"18:18:00";"59";"sem vítima";"563,4";"BR-116/RS";"Sul";"Abalr.Transversal";2;0;0;0;0;0;0;0;0;0;7;0;0;0;0
"20/04/2014";"20:00:00";"77";"com vítima";"135,3";"BR-392/RS";"Sul";"Colisão Traseira";1;0;0;1;0;0;0;0;0;0;1;3;1;0;1
"20/04/2014";"20:31:00";"81";"com vítima";"429,2";"BR-116/RS";"Sul";"Abalr.Transversal";1;0;0;0;1;0;0;0;0;0;2;1;2;0;0
"20/04/2014";"23:13:00";"85";"com vítima";"24,6";"BR-392/RS";"Norte";"Tombamento";1;0;0;0;0;0;0;0;0;0;0;0;2;2;1
"21/04/2014";"11:17:00";"27";"com vítima";"27,7";"BR-392/RS";"Norte";"Abalr.Transversal";2;0;1;0;0;0;0;0;0;0;3;2;0;0;0
"21/04/2014";"13:28:00";"38";"sem vítima";"482,5";"BR-116/RS";"Sul";"Tombamento";1;0;0;0;0;0;0;0;0;0;2;0;0;0;0
"21/04/2014";"16:53:00";"60";"com vítima";"512,5";"BR-116/RS";"Sul";"Colisão Traseira";2;0;0;0;0;0;0;0;0;0;1;1;1;0;0
"21/04/2014";"17:10:00";"62";"com vítima";"50,3";"BR-392/RS";"Sul";"Tombamento";1;0;1;0;0;0;0;0;0;0;2;1;0;0;0
"21/04/2014";"18:48:00";"70";"com vítima";"87";"BR-392/RS";"Sul";"Colisão Traseira";0;0;0;1;0;0;0;0;0;0;0;0;2;0;0
"21/04/2014";"19:29:00";"75";"com vítima";"568,4";"BR-116/RS";"Sul";"Saída de Pista";0;0;1;0;0;0;0;0;0;0;0;0;1;0;0
"21/04/2014";"23:27:00";"103";"com vítima";"64,1";"BR-392/RS";"Norte";"Saída de Pista";2;0;0;0;0;0;0;0;0;0;2;0;1;0;0
"22/04/2014";"09:20:00";"45";"com vítima";"524,5";"BR-116/RS";"Norte";"Colisão Traseira";2;0;0;0;0;0;0;0;0;0;2;0;2;0;0
"22/04/2014";"10:59:00";"53";"com vítima";"524,4";"BR-116/RS";"Sul";"Colisão Traseira";0;0;1;1;0;0;0;0;0;0;1;0;0;2;0
"22/04/2014";"11:19:00";"56";"com vítima";"91,5";"BR-392/RS";"Sul";"Abalr.Mesmo Sentido";1;0;2;0;0;0;0;0;0;0;2;1;0;0;0
"22/04/2014";"12:14:00";"60";"sem vítima";"454,6";"BR-116/RS";"Sul";"Atropelamento";1;0;1;0;0;0;0;0;0;0;3;0;0;0;0
"22/04/2014";"17:06:00";"90";"sem vítima";"177,2";"BR-392/RS";"Sul";"Saída de Pista";1;0;0;0;0;0;0;0;0;0;3;0;0;0;0
"22/04/2014";"18:58:00";"100";"com vítima";"468,1";"BR-116/RS";"Sul";"Abalr.Transversal";1;0;0;0;0;0;0;0;0;0;0;1;0;0;0
"23/04/2014";"04:24:00";"6";"com vítima";"85,1";"BR-392/RS";"Sul";"Saída de Pista";1;0;0;1;0;0;0;0;0;0;1;2;0;0;0
"23/04/2014";"09:06:00";"22";"com vítima";"525";"BR-116/RS";"Sul";"Colisão Traseira";0;0;0;1;0;0;0;0;0;0;0;0;1;0;0
"23/04/2014";"12:40:00";"40";"com vítima";"483,9";"BR-116/RS";"Sul";"Colisão Traseira";1;0;0;0;0;0;0;0;0;0;4;1;0;0;0
"25/04/2014";"07:01:00";"12";"com vítima";"451,8";"BR-116/RS";"Norte";"Abalr.Sentido Oposto";2;0;0;1;0;0;0;0;0;0;3;0;0;1;0
"25/04/2014";"15:12:00";"62";"sem vítima";"26,4";"BR-392/RS";"Sul";"Tombamento";0;0;1;0;0;0;0;0;0;0;1;0;0;0;0
"25/04/2014";"17:07:00";"74";"sem vítima";"71,9";"BR-293/RS";"Norte";"Saída de Pista";1;0;1;0;0;0;0;0;0;0;2;0;0;0;0
"25/04/2014";"19:34:00";"85";"com vítima";"524";"BR-116/RS";"Norte";"Outros tipos de acidente";1;0;0;0;0;0;0;0;0;0;0;2;0;0;0
"25/04/2014";"23:26:00";"99";"sem vítima";"400,5";"BR-116/RS";"Norte";"Tombamento";2;0;0;0;0;0;0;0;0;0;4;0;0;0;0
"26/04/2014";"07:09:00";"10";"com vítima";"5,2";"BR-392/RS";"Sul";"Abalr.Transversal";0;0;0;1;0;0;0;0;0;0;0;0;1;0;0
"26/04/2014";"18:59:00";"67";"sem vítima";"637,3";"BR-116/RS";"Sul";"Colisão Traseira";1;0;1;0;0;0;0;0;0;0;5;0;0;0;0
"28/04/2014";"07:46:00";"20";"sem vítima";"497,4";"BR-116/RS";"Norte";"Abalr.Mesmo Sentido";0;0;1;0;0;0;0;0;0;0;1;0;0;0;0
"28/04/2014";"11:35:00";"41";"com vítima";"8,4";"BR-392/RS";"Norte";"Colisão Traseira";1;0;1;0;0;0;0;0;0;0;1;0;1;0;0
"28/04/2014";"22:45:00";"85";"sem vítima";"555,4";"BR-116/RS";"Norte";"Atropelamento de Animal";1;0;0;0;0;0;0;0;0;0;1;0;0;0;0
"29/04/2014";"06:05:00";"20";"com vítima";"511,8";"BR-116/RS";"Sul";"Colisão Traseira";1;0;0;0;0;0;0;0;0;0;0;1;0;1;0
"29/04/2014";"13:13:00";"47";"sem vítima";"66,1";"BR-392/RS";"Sul";"Colisão Traseira";1;0;1;0;0;0;0;0;0;0;2;0;0;0;0
"29/04/2014";"18:53:00";"81";"com vítima";"520,9";"BR-116/RS";"Sul";"Abalr.Transversal";1;0;1;0;0;0;0;0;0;0;2;1;0;0;0
"29/04/2014";"22:25:00";"94";"sem vítima";"500";"BR-116/RS";"Sul";"Abalr.Sentido Oposto";0;0;2;0;0;0;0;0;0;0;2;0;0;0;0
"30/04/2014";"17:22:00";"57";"sem vítima";"4,8";"BR-392/RS";"Sul";"Colisão Traseira";1;0;0;0;0;0;0;0;0;0;1;0;0;0;0
"01/05/2014";"04:52:00";"15";"sem vítima";"26,9";"BR-392/RS";"Sul";"Saída de Pista";2;0;0;0;0;0;0;0;0;0;5;0;0;0;0
"02/05/2014";"08:31:00";"21";"com vítima";"32,5";"BR-293/RS";"Norte";"Saída de Pista";0;0;1;0;0;1;0;0;0;0;0;0;2;0;0
"04/05/2014";"14:53:00";"43";"sem vítima";"7,4";"BR-392/RS";"Norte";"Abalr.Transversal";1;0;1;0;0;0;0;0;0;0;2;0;0;0;0
"05/05/2014";"08:05:00";"15";"com vítima";"117,6";"BR-392/RS";"Norte";"Saída de Pista";1;0;1;1;0;0;0;0;0;0;2;0;1;0;0
"06/05/2014";"09:02:00";"21";"com vítima";"48,5";"BR-392/RS";"Sul";"Colisão Traseira";1;0;0;0;0;0;0;0;0;0;1;0;1;0;0
"07/05/2014";"08:38:00";"13";"com vítima";"400,8";"BR-116/RS";"Norte";"Saída de Pista";1;0;1;0;1;0;0;0;0;0;3;0;1;0;0
"07/05/2014";"13:38:00";"44";"com vítima";"7,2";"BR-392/RS";"Sul";"Abalr.Transversal";0;0;0;1;0;0;0;0;0;0;0;1;0;0;0
"07/05/2014";"14:28:00";"51";"com vítima";"547,6";"BR-116/RS";"Norte";"Abalr.Sentido Oposto";3;0;1;0;0;0;0;0;0;0;3;1;0;0;0
"07/05/2014";"21:34:00";"91";"com vítima";"53,8";"BR-392/RS";"Norte";"Colisão Traseira";0;0;0;1;0;0;0;0;0;0;0;0;2;0;0
"08/05/2014";"11:04:00";"39";"sem vítima";"514,3";"BR-116/RS";"Norte";"Saída de Pista";1;0;0;0;0;0;0;0;0;0;1;0;0;0;0
"08/05/2014";"16:00:00";"61";"com vítima";"88,4";"BR-392/RS";"Norte";"Abalr.Transversal";1;0;0;0;0;0;0;0;0;0;0;1;1;1;0
"08/05/2014";"18:28:00";"75";"sem vítima";"502,3";"BR-116/RS";"Sul";"Colisão Traseira";1;0;0;0;0;0;0;0;0;0;2;0;0;0;0
"08/05/2014";"19:08:00";"81";"com vítima";"502,3";"BR-116/RS";"Norte";"Colisão Traseira";0;0;1;1;0;0;0;0;0;0;1;0;0;0;1
"09/05/2014";"03:08:00";"12";"com vítima";"656,4";"BR-116/RS";"Norte";"Atropelamento de Animal";3;0;0;0;0;0;0;0;0;0;6;0;1;0;0
"09/05/2014";"23:24:00";"107";"com vítima";"513,4";"BR-116/RS";"Sul";"Colisão Frontal";2;0;0;0;0;0;0;0;0;0;1;3;3;0;0
"10/05/2014";"13:48:00";"47";"sem vítima";"545,2";"BR-116/RS";"Sul";"Colisão Traseira";2;0;0;0;0;0;0;0;0;0;4;0;0;0;0
"10/05/2014";"14:57:00";"52";"sem vítima";"23,2";"BR-392/RS";"Sul";"Outros tipos de acidente";0;0;2;0;0;0;0;0;0;0;2;0;0;0;0
"10/05/2014";"15:26:00";"53";"sem vítima";"51,1";"BR-392/RS";"Norte";"Saída de Pista";2;0;2;0;0;0;0;0;0;0;12;0;0;0;0
"11/05/2014";"07:12:00";"9";"sem vítima";"588,6";"BR-116/RS";"Sul";"Abalr.Sentido Oposto";0;0;2;0;0;0;0;0;0;0;2;0;0;0;0
"11/05/2014";"10:16:00";"18";"com vítima";"427,5";"BR-116/RS";"Norte";"Abalr.Transversal";3;0;0;0;0;0;0;0;0;0;5;2;0;0;0
"12/05/2014";"18:33:00";"84";"com vítima";"109,2";"BR-392/RS";"Norte";"Abalr.Mesmo Sentido";0;0;0;1;0;0;0;0;0;0;0;0;1;0;0
"13/05/2014";"16:36:00";"52";"sem vítima";"85,3";"BR-392/RS";"Sul";"Tombamento";0;0;2;0;0;0;0;0;0;0;2;0;0;0;0
"13/05/2014";"17:05:00";"54";"sem vítima";"26,9";"BR-293/RS";"Norte";"Colisão Traseira";1;0;1;0;0;0;0;0;0;0;3;0;0;0;0
"13/05/2014";"19:22:00";"61";"com vítima";"26,5";"BR-392/RS";"Sul";"Atropelamento";0;0;1;1;0;0;0;0;0;0;1;2;0;0;0
"14/05/2014";"00:11:00";"1";"sem vítima";"410,1";"BR-116/RS";"Sul";"Saída de Pista";0;0;0;0;1;0;0;0;0;0;1;0;0;0;0
"14/05/2014";"09:30:00";"21";"sem vítima";"72,2";"BR-392/RS";"Sul";"Saída de Pista";1;0;1;0;0;0;0;0;0;0;3;0;0;0;0
"15/05/2014";"06:55:00";"22";"com vítima";"550,8";"BR-116/RS";"Sul";"Abalr.Sentido Oposto";1;0;1;0;0;0;0;0;0;0;2;1;0;0;0
"15/05/2014";"07:04:00";"23";"sem vítima";"59,3";"BR-293/RS";"Norte";"Abalr.Mesmo Sentido";0;0;1;0;0;0;0;0;0;0;1;0;0;0;0
"15/05/2014";"10:34:00";"39";"sem vítima";"524";"BR-116/RS";"Norte";"Colisão Traseira";5;0;0;0;0;0;0;0;0;0;5;0;0;0;0
"15/05/2014";"13:22:00";"45";"com vítima";"462,9";"BR-116/RS";"Sul";"Outros tipos de acidente";1;0;0;0;0;0;0;0;0;0;0;0;2;0;0
"15/05/2014";"16:29:00";"60";"sem vítima";"476,3";"BR-116/RS";"Sul";"Saída de Pista";0;0;1;0;0;0;0;0;0;0;1;0;0;0;0
"15/05/2014";"16:38:00";"62";"sem vítima";"545";"BR-116/RS";"Sul";"Saída de Pista";1;0;0;0;0;0;0;0;0;0;1;0;0;0;0
"16/05/2014";"09:28:00";"22";"sem vítima";"451,4";"BR-116/RS";"Norte";"Abalr.Transversal";2;0;0;0;0;0;0;0;0;0;3;0;0;0;0
"16/05/2014";"10:49:00";"29";"sem vítima";"474";"BR-116/RS";"Norte";"Colisão Traseira";0;0;1;0;0;0;0;0;0;0;1;0;0;0;0
"17/05/2014";"05:25:00";"16";"sem vítima";"31,7";"BR-392/RS";"Sul";"Saída de Pista";1;0;0;0;0;0;0;0;0;0;4;0;0;0;0
"17/05/2014";"06:51:00";"21";"sem vítima";"113";"BR-293/RS";"Norte";"Saída de Pista";1;0;1;0;0;0;0;0;0;0;4;0;0;0;0
"17/05/2014";"08:18:00";"25";"sem vítima";"400,8";"BR-116/RS";"Norte";"Saída de Pista";1;0;0;0;0;0;0;0;0;0;1;0;0;0;0
"17/05/2014";"10:34:00";"35";"com vítima";"71,6";"BR-392/RS";"Norte";"Colisão Traseira";0;0;0;1;0;0;0;0;0;0;2;2;0;0;0
"17/05/2014";"14:27:00";"50";"sem vítima";"48,5";"BR-392/RS";"Norte";"Saída de Pista";1;0;0;0;0;0;0;0;0;0;1;0;0;0;0
"17/05/2014";"19:52:00";"74";"sem vítima";"520,9";"BR-116/RS";"Sul";"Abalr.Transversal";1;0;0;0;0;0;0;0;0;0;3;0;0;0;0
"18/05/2014";"05:54:00";"6";"sem vítima";"513,4";"BR-116/RS";"Sul";"Tombamento";1;0;0;0;0;0;0;0;0;0;1;0;0;0;0
"18/05/2014";"17:50:00";"60";"com vítima";"529,1";"BR-116/RS";"Norte";"Abalr.Transversal";1;0;1;0;0;0;0;0;0;0;2;1;0;0;0
"19/05/2014";"06:39:00";"13";"sem vítima";"1,1";"BR-392/RS";"Norte";"Abalr.Transversal";1;0;0;0;0;0;0;0;0;0;1;0;0;0;0
"20/05/2014";"15:14:00";"51";"com vítima";"36,5";"BR-392/RS";"Sul";"Tombamento";1;0;0;0;0;0;0;0;0;0;1;1;0;0;0
"21/05/2014";"12:56:00";"45";"com vítima";"15,5";"BR-293/RS";"Norte";"Abalr.Transversal";1;0;1;0;0;0;0;0;0;0;1;2;1;1;0
"21/05/2014";"17:22:00";"55";"com vítima";"59";"BR-392/RS";"Sul";"Saída de Pista";0;0;1;1;0;0;0;0;0;0;1;0;0;1;0
"21/05/2014";"17:52:00";"59";"com vítima";"483,8";"BR-116/RS";"Norte";"Abalr.Transversal";1;0;1;0;0;0;0;0;0;0;1;0;1;1;1
"22/05/2014";"06:38:00";"13";"sem vítima";"498,7";"BR-116/RS";"Norte";"Colisão Traseira";1;0;0;0;0;0;0;0;0;0;2;0;0;0;0
"22/05/2014";"07:48:00";"15";"com vítima";"45,1";"BR-293/RS";"Norte";"Saída de Pista";1;0;0;0;0;0;0;0;0;0;1;1;1;0;0
"22/05/2014";"17:20:00";"50";"sem vítima";"564,8";"BR-116/RS";"Sul";"Abalr.Transversal";1;0;1;0;0;0;0;0;0;0;2;0;0;0;0
"22/05/2014";"17:26:00";"53";"sem vítima";"63";"BR-392/RS";"Sul";"Colisão Traseira";1;0;0;0;0;0;0;0;0;0;2;0;0;0;0
"22/05/2014";"19:23:00";"63";"sem vítima";"120,4";"BR-392/RS";"Norte";"Abalr.Mesmo Sentido";1;0;0;1;0;0;0;0;0;0;3;0;0;0;0
"22/05/2014";"22:43:00";"77";"com vítima";"15,7";"BR-392/RS";"Norte";"Atropelamento";0;0;0;1;0;0;0;0;0;0;0;0;1;0;0
"22/05/2014";"23:22:00";"82";"sem vítima";"26";"BR-293/RS";"Norte";"Colisão com Objeto Fixo";0;0;1;0;0;0;0;0;0;0;1;0;0;0;0
"23/05/2014";"09:13:00";"24";"com vítima";"516,9";"BR-116/RS";"Norte";"Abalr.Transversal";0;0;0;1;0;0;0;0;0;0;0;1;0;0;0
"24/05/2014";"07:35:00";"16";"sem vítima";"402,9";"BR-116/RS";"Norte";"Saída de Pista";1;0;1;0;0;0;0;0;0;0;3;0;0;0;0
"24/05/2014";"18:53:00";"96";"com vítima";"74,8";"BR-392/RS";"Sul";"Abalr.Mesmo Sentido";1;0;2;0;0;0;0;0;0;0;1;0;2;0;0
"24/05/2014";"18:59:00";"97";"com vítima";"468,5";"BR-116/RS";"Norte";"Atropelamento de Animal";1;0;1;0;0;0;0;0;0;0;1;0;1;0;0
"24/05/2014";"22:52:00";"111";"sem vítima";"566";"BR-116/RS";"Sul";"Atropelamento de Animal";1;0;0;0;0;0;0;0;0;0;2;0;0;0;0
"25/05/2014";"08:48:00";"25";"sem vítima";"5,5";"BR-392/RS";"Sul";"Saída de Pista";0;0;1;0;0;0;0;0;0;0;1;0;0;0;0
"25/05/2014";"19:03:00";"97";"sem vítima";"570,3";"BR-116/RS";"Sul";"Saída de Pista";1;0;1;0;0;0;0;0;0;0;2;0;0;0;0
"26/05/2014";"04:06:00";"11";"com vítima";"52,7";"BR-392/RS";"Sul";"Colisão Traseira";0;0;0;1;0;1;0;0;0;0;1;1;0;0;0
"26/05/2014";"10:36:00";"45";"sem vítima";"66,4";"BR-392/RS";"Sul";"Abalr.Transversal";3;0;0;0;0;0;0;0;0;0;5;0;0;0;0
"26/05/2014";"15:13:00";"73";"sem vítima";"61,3";"BR-293/RS";"Norte";"Tombamento";1;0;1;0;0;0;0;0;0;0;2;0;0;0;0
"26/05/2014";"17:08:00";"91";"com vítima";"90,1";"BR-392/RS";"Sul";"Colisão Traseira";1;0;1;0;0;0;0;0;0;0;1;4;0;0;0
"26/05/2014";"18:15:00";"97";"sem vítima";"88,4";"BR-392/RS";"Norte";"Abalr.Transversal";0;0;2;0;0;0;0;0;0;0;3;0;0;0;0
"27/05/2014";"11:50:00";"53";"com vítima";"524,4";"BR-116/RS";"Norte";"Abalr.Transversal";2;0;0;0;0;0;0;0;0;0;4;1;0;0;0
"27/05/2014";"12:17:00";"55";"sem vítima";"524,4";"BR-116/RS";"Sul";"Abalr.Mesmo Sentido";1;0;0;0;0;0;0;0;0;0;1;0;0;0;0
"27/05/2014";"22:58:00";"110";"com vítima";"34,3";"BR-392/RS";"Sul";"Colisão Traseira";1;0;0;0;0;0;0;0;0;0;0;1;0;0;0
"28/05/2014";"04:24:00";"12";"com vítima";"126,5";"BR-392/RS";"Norte";"Saída de Pista";1;0;0;0;0;0;0;0;0;0;0;0;0;2;0
"28/05/2014";"17:26:00";"114";"sem vítima";"36";"BR-392/RS";"Norte";"Colisão Traseira";1;0;0;0;0;0;0;0;0;0;3;0;0;0;0
"29/05/2014";"06:39:00";"14";"sem vítima";"406,3";"BR-116/RS";"Norte";"Abalr.Sentido Oposto";1;0;0;0;0;0;0;0;0;0;1;0;0;0;0
"29/05/2014";"14:21:00";"70";"sem vítima";"525,5";"BR-116/RS";"Sul";"Colisão Traseira";2;0;0;0;0;0;0;0;0;0;2;0;0;0;0
"30/05/2014";"02:30:00";"5";"com vítima";"526,6";"BR-116/RS";"Norte";"Atropelamento de Animal";1;0;0;0;0;0;0;0;0;0;0;3;0;0;0
"30/05/2014";"06:08:00";"6";"sem vítima";"525,8";"BR-116/RS";"Sul";"Colisão Traseira";1;0;0;0;0;0;0;0;0;0;1;0;0;0;0
"30/05/2014";"07:33:00";"9";"sem vítima";"595,8";"BR-116/RS";"Sul";"Saída de Pista";2;0;0;0;0;0;0;0;0;0;7;0;0;0;0
"30/05/2014";"13:54:00";"59";"com vítima";"404,2";"BR-116/RS";"Sul";"Abalr.Sentido Oposto";1;0;1;0;0;0;0;0;0;0;1;0;0;0;1
"30/05/2014";"16:28:00";"82";"com vítima";"614,7";"BR-116/RS";"Norte";"Abalr.Transversal";1;0;0;1;0;0;0;0;0;0;1;0;1;0;0
"30/05/2014";"18:18:00";"98";"sem vítima";"499";"BR-116/RS";"Norte";"Colisão Traseira";1;0;1;0;0;0;0;0;0;0;3;0;0;0;0
"31/05/2014";"02:36:00";"11";"sem vítima";"400,5";"BR-116/RS";"Sul";"Colisão com Objeto Fixo";1;0;0;0;0;0;0;0;0;0;3;0;0;0;0
"31/05/2014";"07:37:00";"19";"com vítima";"76,7";"BR-392/RS";"Norte";"Saída de Pista";0;0;1;0;0;0;0;0;0;0;0;1;0;0;0
"31/05/2014";"21:25:00";"113";"sem vítima";"66,9";"BR-392/RS";"Norte";"Abalr.Transversal";1;0;0;0;0;0;0;0;0;0;1;0;0;0;0
"01/06/2014";"17:04:00";"75";"com vítima";"532,5";"BR-116/RS";"Sul";"Saída de Pista";1;0;0;0;0;0;0;0;0;0;0;0;0;4;0
"02/06/2014";"16:58:00";"85";"com vítima";"487,7";"BR-116/RS";"Sul";"Saída de Pista";1;0;0;1;0;0;0;0;0;0;1;0;1;0;0
"02/06/2014";"18:38:00";"103";"sem vítima";"513";"BR-116/RS";"Norte";"Atropelamento de Animal";1;0;0;0;0;0;0;0;0;0;4;0;0;0;0
"03/06/2014";"00:17:00";"8";"com vítima";"103";"BR-392/RS";"Norte";"Colisão Traseira";1;0;1;0;0;0;0;0;0;0;1;0;2;0;0
"03/06/2014";"08:35:00";"30";"sem vítima";"66,9";"BR-392/RS";"Norte";"Colisão Traseira";0;0;1;0;0;0;0;0;0;0;1;0;0;0;0
"03/06/2014";"14:47:00";"74";"com vítima";"525,4";"BR-116/RS";"Sul";"Colisão Traseira";1;0;0;0;0;0;0;0;0;0;0;1;0;0;0
"03/06/2014";"18:39:00";"103";"sem vítima";"524";"BR-116/RS";"Sul";"Abalr.Mesmo Sentido";1;0;0;0;0;0;0;0;0;0;1;0;0;0;0
"04/06/2014";"02:52:00";"20";"sem vítima";"18,3";"BR-392/RS";"Sul";"Saída de Pista";1;0;0;0;0;0;0;0;0;0;1;0;0;0;0
"04/06/2014";"07:46:00";"32";"com vítima";"475,5";"BR-116/RS";"Norte";"Colisão Traseira";0;0;0;1;0;0;0;0;0;0;0;1;0;0;0
"04/06/2014";"08:12:00";"39";"com vítima";"193,4";"BR-392/RS";"Sul";"Tombamento";1;0;1;0;0;0;0;0;0;0;1;1;0;0;0
"04/06/2014";"18:37:00";"103";"sem vítima";"519,9";"BR-116/RS";"Sul";"Abalr.Transversal";1;0;1;0;0;0;0;0;0;0;5;0;0;0;0
"04/06/2014";"20:02:00";"116";"sem vítima";"85,5";"BR-392/RS";"Norte";"Colisão com Objeto Fixo";1;0;0;0;0;0;0;0;0;0;4;0;0;0;0