data;horario;n_da_ocorrencia;tipo_de_ocorrencia;km;trecho;sentido;tipo_de_acidente;automovel;bicicleta;caminhao;moto;onibus;outros;tracao_animal;transporte_de_cargas_especiais;trator_maquinas;utilitarios;ilesos;levemente_feridos;moderadamente_feridos;gravemente_feridos;mortos
"04/06/2015";"03:49:00";"14";"sem vítima";"5,5";"BR-392/RS";"Sul";"Saída de Pista";2;0;0;0;0;0;0;0;0;0;2;0;0;0;0
"04/06/2015";"08:52:00";"49";"sem vítima";"529,2";"BR-116/RS";"Norte";"Abalr. Transversal";2;0;0;0;0;0;0;0;0;0;5;0;0;0;0
"04/06/2015";"10:27:00";"60";"sem vítima";"417,1";"BR-116/RS";"Sul";"Colisão Traseira";2;0;0;0;0;0;0;0;0;0;7;0;0;0;0
"04/06/2015";"10:47:00";"62";"sem vítima";"417";"BR-116/RS";"Sul";"Colisão Traseira";0;0;2;0;0;0;0;0;0;0;2;0;0;0;0
"04/06/2015";"10:48:00";"63";"com vítima";"416";"BR-116/RS";"Sul";"Colisão Traseira";1;0;0;0;0;0;0;0;0;0;1;1;0;0;0
"04/06/2015";"11:32:00";"71";"com vítima";"522,8";"BR-116/RS";"Norte";"Abalr. Transversal";1;0;0;0;0;0;0;0;0;0;1;0;0;1;0
"04/06/2015";"18:36:00";"96";"sem vítima";"99,5";"BR-392/RS";"Sul";"Tombamento";1;0;0;0;0;0;0;0;0;0;1;0;0;0;0
"04/06/2015";"18:56:00";"100";"sem vítima";"118";"BR-392/RS";"Norte";"Abalr. Transversal";1;0;0;0;0;0;0;0;0;0;1;0;0;0;0
"04/06/2015";"20:12:00";"104";"com vítima";"4,2";"BR-392/RS";"Norte";"Atropelamento de Animal";1;0;0;0;0;0;0;0;0;0;2;2;0;0;0
"05/06/2015";"06:20:00";"10";"com vítima";"32,2";"BR-392/RS";"Sul";"Saída de Pista";0;0;1;0;0;0;0;0;0;0;0;1;0;0;0
"05/06/2015";"11:04:00";"36";"sem vítima";"576,9";"BR-116/RS";"Norte";"Saída de Pista";1;0;2;0;0;0;0;0;0;0;3;0;0;0;0
"05/06/2015";"16:10:00";"58";"sem vítima";"406,1";"BR-116/RS";"Sul";"Colisão Traseira";0;0;2;0;0;0;0;0;0;0;2;0;0;0;0
"05/06/2015";"18:33:00";"74";"sem vítima";"91,1";"BR-392/RS";"Sul";"Colisão Frontal";1;0;0;0;0;0;0;0;0;0;1;0;0;0;0
"05/06/2015";"21:21:00";"83";"sem vítima";"22,3";"BR-392/RS";"Sul";"Abalr. Mesmo Sentido";0;0;2;0;0;0;0;0;0;0;4;0;0;0;0
"05/06/2015";"22:10:00";"88";"sem vítima";"418,4";"BR-116/RS";"Sul";"Colisão Frontal";0;0;2;0;0;0;0;0;0;0;2;0;0;0;0
"06/06/2015";"10:11:00";"49";"sem vítima";"516,8";"BR-116/RS";"Sul";"Colisão Frontal";1;0;1;0;0;0;0;0;0;0;2;0;0;0;0
"06/06/2015";"13:30:00";"70";"com vítima";"37,9";"BR-392/RS";"Sul";"Saída de Pista";0;0;0;1;1;0;0;0;0;0;1;0;0;0;1
"06/06/2015";"15:08:00";"80";"com vítima";"499";"BR-116/RS";"Sul";"Saída de Pista";2;0;0;0;0;0;0;0;0;0;2;1;0;0;0
"06/06/2015";"18:32:00";"105";"sem vítima";"28,4";"BR-392/RS";"Norte";"Atropelamento";0;0;1;0;0;0;0;0;0;0;1;0;0;0;0
"07/06/2015";"21:26:00";"105";"com vítima";"83,2";"BR-392/RS";"Sul";"Colisão Traseira";1;0;0;1;0;0;0;0;0;0;1;1;0;0;0
"08/06/2015";"18:09:00";"86";"com vítima";"501,3";"BR-116/RS";"Sul";"Atropelamento";2;0;0;0;0;0;0;0;0;0;1;2;0;0;0
"09/06/2015";"04:49:00";"16";"sem vítima";"473";"BR-116/RS";"Sul";"Saída de Pista";2;0;0;0;0;0;0;0;0;0;2;0;0;0;0
"09/06/2015";"06:49:00";"19";"sem vítima";"20,3";"BR-392/RS";"Sul";"Saída de Pista";0;0;2;0;0;0;0;0;0;0;3;0;0;0;0
"09/06/2015";"16:18:00";"70";"com vítima";"526,5";"BR-116/RS";"Norte";"Abalr. Sentido Oposto";1;0;1;0;0;0;0;0;0;0;1;2;2;0;0
"10/06/2015";"02:04:00";"10";"sem vítima";"10";"BR-392/RS";"Sul";"Abalr. Transversal";0;0;3;0;0;0;0;0;0;0;3;0;0;0;0
"10/06/2015";"23:11:00";"117";"com vítima";"535";"BR-116/RS";"Norte";"Saída de Pista";2;0;1;0;0;0;0;0;0;0;2;1;0;0;0
"11/06/2015";"23:28:00";"100";"sem vítima";"544";"BR-116/RS";"Norte";"Saída de Pista";1;0;0;0;0;0;0;0;0;0;2;0;0;0;0
"12/06/2015";"11:14:00";"61";"com vítima";"81,9";"BR-392/RS";"Norte";"Abalr. Mesmo Sentido";1;0;0;0;0;0;0;0;0;0;0;0;1;0;0
"12/06/2015";"13:24:00";"76";"com vítima";"516,8";"BR-116/RS";"Norte";"Colisão Frontal";2;0;0;0;0;0;0;0;0;0;5;1;0;0;0
"12/06/2015";"23:45:00";"128";"com vítima";"513,3";"BR-116/RS";"Sul";"Outros tipos de acidente";1;0;0;0;0;0;0;0;0;0;0;1;0;0;0
"13/06/2015";"14:20:00";"68";"com vítima";"416,1";"BR-116/RS";"Norte";"Abalr. Mesmo Sentido";0;0;1;1;0;0;0;0;0;0;1;1;0;0;0
"14/06/2015";"06:15:00";"13";"sem vítima";"99,5";"BR-392/RS";"Sul";"Colisão com Objeto Fixo";1;0;1;0;0;0;0;0;0;0;4;0;0;0;0
"14/06/2015";"06:22:00";"14";"sem vítima";"95,2";"BR-392/RS";"Norte";"Colisão Frontal";2;0;0;0;0;0;0;0;0;0;2;0;0;0;0
"14/06/2015";"16:00:00";"51";"sem vítima";"10,5";"BR-392/RS";"Norte";"Abalr. Mesmo Sentido";1;0;0;0;0;0;0;0;0;0;1;0;0;0;0
"15/06/2015";"00:29:00";"1";"sem vítima";"83,5";"BR-392/RS";"Sul";"Saída de Pista";1;0;1;0;0;0;0;0;0;0;2;0;0;0;0
"15/06/2015";"07:53:00";"29";"com vítima";"529";"BR-116/RS";"Sul";"Abalr. Transversal";1;0;0;0;0;1;0;0;0;0;0;2;2;0;0
"15/06/2015";"16:35:00";"80";"sem vítima";"75,7";"BR-392/RS";"Norte";"Abalr. Mesmo Sentido";1;0;0;0;0;0;0;0;0;0;1;0;0;0;0
"15/06/2015";"20:27:00";"103";"sem vítima";"35,1";"BR-392/RS";"Norte";"Atropelamento de Animal";1;0;2;0;0;0;0;0;0;0;6;0;0;0;0
"16/06/2015";"09:02:00";"44";"sem vítima";"510,7";"BR-116/RS";"Sul";"Abalr. Transversal";1;0;0;0;0;0;0;0;0;0;1;0;0;0;0
"16/06/2015";"16:26:00";"98";"sem vítima";"415,6";"BR-116/RS";"Norte";"Colisão Traseira";1;0;1;0;0;0;0;0;0;0;2;0;0;0;0
"17/06/2015";"07:43:00";"17";"sem vítima";"9,9";"BR-392/RS";"Sul";"Abalr. Mesmo Sentido";1;0;1;0;0;0;0;0;0;0;3;0;0;0;0
"17/06/2015";"13:42:00";"60";"com vítima";"113";"BR-392/RS";"Norte";"Abalr. Transversal";0;0;0;1;0;0;0;0;0;0;0;0;1;0;0
"17/06/2015";"22:03:00";"101";"com vítima";"2,5";"BR-392/RS";"Sul";"Colisão Frontal";1;0;0;1;0;0;0;0;0;0;3;0;2;0;0
"19/06/2015";"07:39:00";"21";"com vítima";"528,5";"BR-116/RS";"Sul";"Abalr. Transversal";2;0;0;0;0;0;0;0;0;0;4;1;0;0;0
"19/06/2015";"11:53:00";"56";"com vítima";"61,1";"BR-392/RS";"Sul";"Abalr. Mesmo Sentido";1;0;0;0;0;0;0;0;0;0;2;1;2;0;0
"20/06/2015";"03:40:00";"11";"com vítima";"411,7";"BR-116/RS";"Norte";"Colisão Frontal";2;0;0;0;0;0;0;0;0;0;2;1;0;0;0
"20/06/2015";"18:27:00";"80";"sem vítima";"72,5";"BR-392/RS";"Sul";"Tombamento";0;0;2;0;0;0;0;0;0;0;2;0;0;0;0
"21/06/2015";"09:10:00";"32";"com vítima";"411,5";"BR-116/RS";"Norte";"Saída de Pista";0;0;1;0;0;0;0;0;0;0;0;1;0;0;0
"21/06/2015";"22:50:00";"92";"com vítima";"18";"BR-392/RS";"Sul";"Abalr. Mesmo Sentido";3;0;3;0;0;0;0;0;0;0;7;0;3;0;0
"22/06/2015";"18:29:00";"92";"com vítima";"626,4";"BR-116/RS";"Norte";"Atropelamento de Animal";1;1;0;0;0;0;0;0;0;0;1;0;1;0;0
"23/06/2015";"13:53:00";"69";"com vítima";"494,5";"BR-116/RS";"Norte";"Capotamento";0;0;1;0;0;0;0;0;0;0;0;1;0;0;0
"23/06/2015";"19:53:00";"96";"sem vítima";"516,8";"BR-116/RS";"Sul";"Abalr. Transversal";0;0;0;0;1;0;0;0;0;0;1;0;0;0;0
"24/06/2015";"04:35:00";"16";"com vítima";"487,7";"BR-116/RS";"Sul";"Saída de Pista";1;0;0;1;0;0;0;0;0;0;1;0;1;0;0
"25/06/2015";"08:32:00";"26";"sem vítima";"407,5";"BR-116/RS";"Norte";"Saída de Pista";1;0;1;0;0;0;0;0;0;0;9;0;0;0;0
"26/06/2015";"17:45:00";"76";"sem vítima";"66,5";"BR-392/RS";"Sul";"Colisão Traseira";0;0;1;0;1;0;0;0;0;0;8;0;0;0;0
"26/06/2015";"21:45:00";"101";"com vítima";"120,3";"BR-392/RS";"Sul";"Atropelamento";1;0;1;0;0;0;0;0;0;0;2;0;1;0;0
"27/06/2015";"06:45:00";"24";"com vítima";"570,6";"BR-116/RS";"Sul";"Saída de Pista";1;0;0;0;0;0;0;0;0;0;0;2;1;0;0
"27/06/2015";"15:09:00";"67";"com vítima";"99,5";"BR-392/RS";"Sul";"Saída de Pista";1;0;0;0;0;0;0;0;0;0;0;0;1;0;0
"28/06/2015";"07:46:00";"23";"sem vítima";"101,2";"BR-392/RS";"Norte";"Saída de Pista";1;0;1;0;0;0;0;0;0;0;2;0;0;0;0
"28/06/2015";"13:36:00";"49";"com vítima";"448,7";"BR-116/RS";"Norte";"Saída de Pista";1;0;1;0;0;0;0;0;0;0;1;1;0;0;0
"30/06/2015";"08:07:00";"21";"sem vítima";"413,4";"BR-116/RS";"Sul";"Saída de Pista";1;0;0;0;0;0;0;0;0;0;1;0;0;0;0
"30/06/2015";"19:34:00";"82";"com vítima";"514";"BR-116/RS";"Sul";"Colisão Frontal";0;0;1;0;0;0;0;0;0;0;0;1;0;0;0
"30/06/2015";"19:57:00";"83";"com vítima";"122,2";"BR-392/RS";"Norte";"Abalr. Transversal";0;0;0;1;0;0;0;0;0;0;0;1;0;0;0
"01/07/2015";"14:36:00";"60";"sem vítima";"95,8";"BR-392/RS";"Sul";"Colisão Traseira";0;0;2;0;0;0;0;0;0;0;2;0;0;0;0
"02/07/2015";"15:20:00";"79";"com vítima";"517";"BR-116/RS";"Norte";"Abalr. Transversal";1;0;0;1;0;0;0;0;0;0;2;0;1;0;0
"02/07/2015";"18:13:00";"92";"sem vítima";"515,8";"BR-116/RS";"Sul";"Abalr. Transversal";1;0;0;0;0;0;0;0;0;0;3;0;0;0;0
"03/07/2015";"06:08:00";"17";"com vítima";"63,1";"BR-392/RS";"Norte";"Saída de Pista";0;0;0;1;0;0;0;0;0;0;0;0;1;0;0
"03/07/2015";"17:29:00";"85";"sem vítima";"88,2";"BR-392/RS";"Norte";"Colisão Traseira";2;0;0;0;0;0;0;0;0;0;7;0;0;0;0
"03/07/2015";"17:39:00";"86";"com vítima";"654";"BR-116/RS";"Norte";"Abalr. Transversal";0;0;0;1;0;0;0;0;0;0;0;1;0;0;0
"03/07/2015";"19:18:00";"94";"sem vítima";"124,3";"BR-392/RS";"Sul";"Colisão Frontal";1;0;0;0;1;0;0;0;0;0;2;0;0;0;0
"05/07/2015";"19:25:00";"74";"sem vítima";"494,5";"BR-116/RS";"Sul";"Saída de Pista";2;0;0;0;0;0;0;0;0;0;2;0;0;0;0
"05/07/2015";"22:22:00";"90";"sem vítima";"141,3";"BR-392/RS";"Sul";"Colisão Frontal";0;0;1;0;0;0;0;0;0;0;1;0;0;0;0
"06/07/2015";"07:38:00";"15";"sem vítima";"8,5";"BR-392/RS";"Sul";"Abalr. Mesmo Sentido";1;0;1;0;0;0;0;0;0;0;3;0;0;0;0
"06/07/2015";"16:01:00";"65";"sem vítima";"524,4";"BR-116/RS";"Norte";"Tombamento";1;0;1;0;0;0;0;0;0;0;3;0;0;0;0
"07/07/2015";"08:07:00";"24";"com vítima";"58,5";"BR-392/RS";"Sul";"Outros tipos de acidente";1;0;0;0;0;0;0;0;0;0;0;0;1;0;0
"08/07/2015";"14:07:00";"60";"com vítima";"96,5";"BR-392/RS";"Sul";"Abalr. Sentido Oposto";1;0;0;0;1;0;0;0;0;0;1;0;0;1;1
"08/07/2015";"17:54:00";"83";"sem vítima";"154";"BR-392/RS";"Sul";"Abalr. Transversal";2;0;0;0;0;0;0;0;0;0;3;0;0;0;0
"09/07/2015";"17:36:00";"78";"sem vítima";"466,4";"BR-116/RS";"Norte";"Saída de Pista";1;0;1;0;0;0;0;0;0;0;3;0;0;0;0
"09/07/2015";"21:35:00";"98";"com vítima";"600,9";"BR-116/RS";"Sul";"Atropelamento de Animal";0;1;1;0;0;0;0;0;0;0;1;0;0;0;1
"10/07/2015";"15:36:00";"86";"com vítima";"68";"BR-392/RS";"Norte";"Colisão Traseira";1;0;0;0;0;0;0;0;0;0;0;2;1;0;0
"11/07/2015";"19:00:00";"78";"sem vítima";"624,3";"BR-116/RS";"Norte";"Atropelamento de Animal";1;0;1;0;0;0;0;0;0;0;3;0;0;0;0
"13/07/2015";"14:12:00";"54";"com vítima";"475,5";"BR-116/RS";"Norte";"Colisão Frontal";1;0;0;0;0;0;0;0;0;0;0;1;0;0;0
"13/07/2015";"17:03:00";"69";"sem vítima";"555,8";"BR-116/RS";"Sul";"Saída de Pista";1;0;1;0;0;0;0;0;0;0;4;0;0;0;0
"14/07/2015";"05:00:00";"13";"sem vítima";"529";"BR-116/RS";"Norte";"Atropelamento de Animal";1;0;0;0;0;0;0;0;0;0;2;0;0;0;0
"14/07/2015";"09:04:00";"38";"sem vítima";"522,9";"BR-116/RS";"Norte";"Colisão Frontal";2;0;0;0;0;0;0;0;0;0;3;0;0;0;0
"15/07/2015";"11:15:00";"53";"sem vítima";"194,1";"BR-392/RS";"Norte";"Saída de Pista";1;0;0;0;0;0;0;0;0;0;1;0;0;0;0
"15/07/2015";"19:29:00";"88";"sem vítima";"42,7";"BR-392/RS";"Sul";"Colisão Traseira";1;0;0;0;0;0;0;0;0;0;1;0;0;0;0
"17/07/2015";"14:01:00";"71";"com vítima";"464,8";"BR-116/RS";"Sul";"Abalr. Transversal";0;0;2;0;0;0;0;0;0;0;1;0;0;0;1
"17/07/2015";"18:13:00";"88";"sem vítima";"571,3";"BR-116/RS";"Sul";"Colisão Frontal";1;0;1;0;0;0;0;0;0;0;2;0;0;0;0
"18/07/2015";"05:49:00";"17";"sem vítima";"410,2";"BR-116/RS";"Sul";"Saída de Pista";0;0;1;0;0;0;0;0;0;0;1;0;0;0;0
"18/07/2015";"08:58:00";"34";"com vítima";"7,8";"BR-392/RS";"Sul";"Abalr. Transversal";0;0;1;1;0;0;0;0;0;0;1;0;0;1;0
"18/07/2015";"12:22:00";"52";"sem vítima";"517";"BR-116/RS";"Norte";"Abalr. Transversal";1;0;1;0;0;0;0;0;0;0;2;0;0;0;0
"18/07/2015";"14:47:00";"61";"com vítima";"434,9";"BR-116/RS";"Sul";"Saída de Pista";1;0;0;1;0;0;0;0;0;0;1;0;1;0;0
"19/07/2015";"06:16:00";"17";"sem vítima";"471,1";"BR-116/RS";"Sul";"Colisão Traseira";1;0;1;0;0;0;0;0;0;0;2;0;0;0;0
"20/07/2015";"07:34:00";"21";"sem vítima";"1,3";"BR-392/RS";"Norte";"Atropelamento";0;0;2;0;0;0;0;0;0;0;2;0;0;0;0
"20/07/2015";"19:29:00";"93";"com vítima";"411";"BR-116/RS";"Sul";"Saída de Pista";1;0;0;0;0;0;0;0;0;0;0;1;0;0;0
"21/07/2015";"05:17:00";"26";"com vítima";"163";"BR-392/RS";"Norte";"Saída de Pista";1;0;0;1;0;0;0;0;0;0;1;0;0;1;0
"21/07/2015";"11:31:00";"51";"sem vítima";"516,9";"BR-116/RS";"Norte";"Abalr. Transversal";0;0;1;0;1;0;0;0;0;0;9;0;0;0;0
"22/07/2015";"08:03:00";"34";"com vítima";"516,8";"BR-116/RS";"Norte";"Abalr. Transversal";1;0;2;0;0;0;0;0;0;0;2;0;0;1;0
"22/07/2015";"13:13:00";"67";"sem vítima";"117,5";"BR-392/RS";"Sul";"Outros tipos de acidente";0;0;2;0;0;0;0;0;0;0;2;0;0;0;0
"22/07/2015";"20:25:00";"103";"sem vítima";"93,7";"BR-392/RS";"Sul";"Colisão Traseira";1;0;0;0;0;0;0;0;0;0;5;0;0;0;0
"24/07/2015";"00:51:00";"7";"sem vítima";"7,8";"BR-392/RS";"Norte";"Outros tipos de acidente";0;0;1;0;0;0;0;0;0;0;1;0;0;0;0
"24/07/2015";"14:20:00";"56";"com vítima";"115,5";"BR-392/RS";"Norte";"Atropelamento";2;0;0;0;0;0;0;0;0;0;2;0;1;0;0
"24/07/2015";"21:14:00";"89";"com vítima";"45,9";"BR-392/RS";"Sul";"Atropelamento de Animal";2;0;0;0;0;0;0;0;0;0;1;1;0;0;0
"25/07/2015";"12:13:00";"51";"sem vítima";"568,5";"BR-116/RS";"Sul";"Saída de Pista";1;0;1;0;0;0;0;0;0;0;3;0;0;0;0
"26/07/2015";"16:13:00";"52";"sem vítima";"66,5";"BR-392/RS";"Sul";"Saída de Pista";1;0;0;0;0;0;0;0;0;0;1;0;0;0;0
"27/07/2015";"15:41:00";"63";"com vítima";"517";"BR-116/RS";"Norte";"Abalr. Transversal";1;0;1;0;0;0;0;0;0;0;1;0;1;0;0
"27/07/2015";"18:25:00";"78";"com vítima";"410,5";"BR-116/RS";"Sul";"Atropelamento de Animal";1;0;0;0;0;0;0;0;0;0;0;1;0;0;0
"29/07/2015";"05:11:00";"20";"com vítima";"457,7";"BR-116/RS";"Norte";"Saída de Pista";1;0;0;0;0;0;0;0;0;0;0;1;0;0;0
"31/07/2015";"21:04:00";"123";"com vítima";"515,8";"BR-116/RS";"Sul";"Atropelamento";1;0;0;0;0;0;0;0;0;0;0;0;0;1;0
"01/08/2015";"18:10:00";"65";"sem vítima";"632,5";"BR-116/RS";"Sul";"Colisão Traseira";0;0;1;0;0;0;0;0;0;0;1;0;0;0;0
"02/08/2015";"06:35:00";"14";"sem vítima";"107,4";"BR-392/RS";"Sul";"Saída de Pista";0;0;2;0;0;0;0;0;0;0;2;0;0;0;0
"02/08/2015";"22:26:00";"85";"com vítima";"5,7";"BR-392/RS";"Sul";"Atropelamento";0;0;2;0;0;0;0;0;0;0;1;0;0;0;1
"03/08/2015";"02:53:00";"10";"sem vítima";"5,7";"BR-392/RS";"Sul";"Abalr. Mesmo Sentido";3;0;1;0;0;0;0;0;0;0;8;0;0;0;0
"03/08/2015";"03:21:00";"11";"sem vítima";"442,2";"BR-116/RS";"Sul";"Tombamento";1;0;1;0;0;0;0;0;0;0;3;0;0;0;0
"03/08/2015";"14:04:00";"50";"com vítima";"84,8";"BR-392/RS";"Norte";"Saída de Pista";1;0;0;0;0;0;0;0;0;0;0;1;0;0;0
"04/08/2015";"07:09:00";"16";"sem vítima";"18,1";"BR-392/RS";"Sul";"Abalr. Transversal";1;0;1;0;0;0;0;0;0;0;4;0;0;0;0
"04/08/2015";"08:42:00";"20";"sem vítima";"4,1";"BR-392/RS";"Norte";"Abalr. Transversal";2;0;0;0;0;0;0;0;0;0;7;0;0;0;0
"04/08/2015";"14:35:00";"55";"com vítima";"4,8";"BR-392/RS";"Sul";"Abalr. Transversal";0;0;1;1;0;0;0;0;0;0;2;0;1;0;0
"05/08/2015";"03:24:00";"9";"sem vítima";"58,1";"BR-392/RS";"Sul";"Saída de Pista";1;0;0;0;0;0;0;0;0;0;1;0;0;0;0
"05/08/2015";"18:25:00";"69";"sem vítima";"529";"BR-116/RS";"Sul";"Abalr. Transversal";1;0;0;0;0;0;0;0;0;0;2;0;0;0;0
"06/08/2015";"16:27:00";"76";"com vítima";"498,8";"BR-116/RS";"Sul";"Colisão Traseira";1;0;0;0;0;0;0;0;0;0;0;1;0;0;0
"08/08/2015";"15:04:00";"50";"com vítima";"530,7";"BR-116/RS";"Norte";"Saída de Pista";2;0;0;0;0;0;0;0;0;0;0;0;3;1;0
"08/08/2015";"17:16:00";"62";"sem vítima";"17,3";"BR-392/RS";"Norte";"Atropelamento";1;0;1;0;0;0;0;0;0;0;3;0;0;0;0
"09/08/2015";"10:51:00";"43";"com vítima";"93,4";"BR-392/RS";"Sul";"Abalr. Transversal";1;0;0;1;0;0;0;0;0;0;1;1;0;0;0
"10/08/2015";"22:27:00";"98";"com vítima";"10,3";"BR-392/RS";"Sul";"Saída de Pista";1;0;0;0;0;0;0;0;0;0;0;1;0;0;0
"12/08/2015";"12:12:00";"43";"com vítima";"482";"BR-116/RS";"Sul";"Tombamento";0;0;1;0;0;0;0;0;0;0;1;1;0;0;0
"12/08/2015";"20:24:00";"74";"sem vítima";"454,6";"BR-116/RS";"Norte";"Abalr. Transversal";2;0;0;0;0;0;0;0;0;0;4;0;0;0;0
"13/08/2015";"10:56:00";"35";"com vítima";"81,3";"BR-392/RS";"Norte";"Atropelamento";1;0;0;0;0;0;0;0;0;0;1;0;1;0;0
"14/08/2015";"05:38:00";"15";"sem vítima";"37,8";"BR-392/RS";"Sul";"Saída de Pista";1;0;1;0;0;0;0;0;0;0;2;0;0;0;0
"14/08/2015";"18:48:00";"74";"sem vítima";"485,5";"BR-116/RS";"Sul";"Atropelamento";0;0;1;0;0;0;0;0;0;0;1;0;0;0;0
"15/08/2015";"00:10:00";"1";"com vítima";"583,9";"BR-116/RS";"Sul";"Saída de Pista";1;0;0;0;0;0;0;0;0;0;0;1;0;0;0
"16/08/2015";"18:27:00";"65";"com vítima";"532,4";"BR-116/RS";"Norte";"Colisão Frontal";2;0;0;0;0;0;0;0;0;0;2;4;1;0;0
"18/08/2015";"02:27:00";"11";"com vítima";"654";"BR-116/RS";"Sul";"Colisão com Objeto Fixo";1;0;1;0;0;0;0;0;0;0;1;1;0;0;0
"18/08/2015";"04:00:00";"13";"com vítima";"0,8";"BR-392/RS";"Norte";"Abalr. Transversal";1;0;0;0;0;0;0;0;0;0;0;0;1;0;0
"18/08/2015";"05:53:00";"20";"sem vítima";"404,3";"BR-116/RS";"Norte";"Atropelamento de Animal";1;0;0;0;0;0;0;0;0;0;2;0;0;0;0
"18/08/2015";"16:03:00";"75";"com vítima";"525,9";"BR-116/RS";"Norte";"Abalr. Transversal";1;0;0;0;0;0;1;0;0;0;1;0;1;0;0
"18/08/2015";"17:14:00";"81";"sem vítima";"485,9";"BR-116/RS";"Norte";"Colisão Traseira";0;0;2;0;0;0;0;0;0;0;3;0;0;0;0
"21/08/2015";"00:18:00";"2";"com vítima";"464,3";"BR-116/RS";"Sul";"Saída de Pista";1;0;0;1;0;0;0;0;0;0;2;0;1;0;0
"21/08/2015";"10:22:00";"42";"sem vítima";"582,2";"BR-116/RS";"Norte";"Saída de Pista";1;0;0;0;0;0;0;0;0;0;2;0;0;0;0
"21/08/2015";"17:32:00";"64";"com vítima";"60";"BR-392/RS";"Sul";"Colisão Traseira";1;0;0;0;0;0;0;0;0;0;1;1;0;0;0
"22/08/2015";"09:57:00";"37";"sem vítima";"66,4";"BR-392/RS";"Norte";"Abalr. Mesmo Sentido";1;0;1;0;0;0;0;0;0;0;2;0;0;0;0
"22/08/2015";"16:31:00";"62";"com vítima";"16,5";"BR-392/RS";"Norte";"Colisão com Objeto Fixo";0;0;0;1;0;0;0;0;0;0;0;1;0;0;0
"22/08/2015";"20:07:00";"79";"com vítima";"0,1";"BR-392/RS";"Norte";"Saída de Pista";0;0;1;0;0;0;0;0;0;0;0;0;0;0;1
"24/08/2015";"05:30:00";"17";"com vítima";"528,8";"BR-116/RS";"Sul";"Colisão Traseira";2;0;0;1;0;1;0;0;0;0;5;1;0;0;1
"24/08/2015";"08:48:00";"35";"sem vítima";"462";"BR-116/RS";"Norte";"Saída de Pista";1;0;1;0;0;0;0;0;0;0;2;0;0;0;0
"25/08/2015";"10:24:00";"38";"sem vítima";"421,7";"BR-116/RS";"Norte";"Saída de Pista";1;0;0;0;0;0;0;0;0;0;1;0;0;0;0
"25/08/2015";"11:42:00";"51";"sem vítima";"522,9";"BR-116/RS";"Norte";"Abalr. Transversal";0;0;2;0;0;0;0;0;0;0;2;0;0;0;0
"27/08/2015";"03:10:00";"9";"com vítima";"574,8";"BR-116/RS";"Sul";"Saída de Pista";0;0;1;0;0;0;0;0;0;0;0;1;0;0;0
"27/08/2015";"08:42:00";"30";"com vítima";"459,7";"BR-116/RS";"Sul";"Saída de Pista";1;0;0;1;0;0;0;0;0;0;2;0;2;0;0
"27/08/2015";"13:34:00";"53";"com vítima";"86,6";"BR-392/RS";"Norte";"Colisão Traseira";1;0;1;0;0;0;0;0;0;0;3;0;1;0;0
"27/08/2015";"13:54:00";"55";"sem vítima";"521,3";"BR-116/RS";"Sul";"Colisão Traseira";0;0;1;0;0;0;0;0;0;0;1;0;0;0;0
"27/08/2015";"18:48:00";"79";"com vítima";"409";"BR-116/RS";"Norte";"Colisão Traseira";0;0;1;1;0;0;0;0;0;0;0;0;1;0;0
"27/08/2015";"22:30:00";"86";"com vítima";"515";"BR-116/RS";"Norte";"Saída de Pista";1;0;0;1;0;0;0;0;0;0;1;1;0;0;0
"28/08/2015";"13:07:00";"62";"com vítima";"619,5";"BR-116/RS";"Sul";"Saída de Pista";0;0;2;0;0;0;0;0;0;0;1;0;0;1;0
"28/08/2015";"23:37:00";"115";"com vítima";"452,8";"BR-116/RS";"Sul";"Atropelamento de Animal";1;0;0;0;0;0;0;0;0;0;0;2;0;0;0
"29/08/2015";"20:18:00";"80";"com vítima";"127,5";"BR-392/RS";"Norte";"Saída de Pista";2;0;0;0;0;0;0;0;0;0;1;0;1;0;0
"31/08/2015";"09:56:00";"38";"com vítima";"414,4";"BR-116/RS";"Sul";"Saída de Pista";1;0;1;0;0;0;0;0;0;0;1;0;1;0;0
"31/08/2015";"14:46:00";"63";"com vítima";"612,1";"BR-116/RS";"Norte";"Saída de Pista";1;0;0;1;0;0;0;0;0;0;1;1;0;0;0
"01/09/2015";"02:34:00";"10";"sem vítima";"526,5";"BR-116/RS";"Sul";"Saída de Pista";1;0;1;0;0;0;0;0;0;0;2;0;0;0;0
"01/09/2015";"12:05:00";"51";"com vítima";"468,2";"BR-116/RS";"Norte";"Saída de Pista";2;0;0;0;0;0;0;0;0;0;1;1;0;0;0
"01/09/2015";"20:50:00";"93";"sem vítima";"406,9";"BR-116/RS";"Sul";"Atropelamento";0;0;2;0;0;0;0;0;0;0;2;0;0;0;0
"02/09/2015";"11:29:00";"43";"sem vítima";"567";"BR-116/RS";"Norte";"Colisão com Objeto Fixo";0;0;1;0;0;0;0;0;0;0;1;0;0;0;0
"02/09/2015";"16:13:00";"64";"com vítima";"521,1";"BR-116/RS";"Norte";"Abalr. Transversal";0;0;2;0;0;0;0;0;0;0;0;0;0;2;0
"02/09/2015";"19:01:00";"81";"com vítima";"540";"BR-116/RS";"Norte";"Atropelamento de Animal";0;0;2;0;0;0;0;0;0;0;1;1;0;0;0
"03/09/2015";"00:45:00";"8";"sem vítima";"21,1";"BR-392/RS";"Sul";"Saída de Pista";0;0;1;0;1;0;0;0;0;0;3;0;0;0;0