data;horario;n_da_ocorrencia;tipo_de_ocorrencia;km;trecho;sentido;tipo_de_acidente;automovel;bicicleta;caminhao;moto;onibus;outros;tracao_animal;transporte_de_cargas_especiais;trator_maquinas;utilitarios;ilesos;levemente_feridos;moderadamente_feridos;gravemente_feridos;mortos
"03/09/2015";"20:34:00";"91";"sem vítima";"529,2";"BR-116/RS";"Norte";"Abalr. Transversal";0;0;1;0;0;0;0;0;0;0;1;0;0;0;0
"04/09/2015";"05:45:00";"17";"com vítima";"520,2";"BR-116/RS";"Norte";"Atropelamento de Animal";1;0;0;0;0;0;0;0;0;0;0;1;0;0;0
"05/09/2015";"06:46:00";"19";"sem vítima";"143,2";"BR-392/RS";"Norte";"Saída de Pista";2;0;0;0;0;0;0;0;0;0;5;0;0;0;0
"05/09/2015";"12:20:00";"55";"sem vítima";"487,5";"BR-116/RS";"Sul";"Saída de Pista";0;0;1;0;0;1;0;0;0;0;2;0;0;0;0
"06/09/2015";"02:38:00";"14";"com vítima";"4,7";"BR-392/RS";"Sul";"Saída de Pista";1;0;0;0;0;0;0;0;0;0;1;0;1;0;0
"06/09/2015";"12:11:00";"46";"sem vítima";"531,3";"BR-116/RS";"Norte";"Colisão com Objeto Fixo";1;0;0;0;0;0;0;0;0;0;1;0;0;0;0
"06/09/2015";"14:39:00";"51";"com vítima";"160,3";"BR-392/RS";"Norte";"Colisão com Objeto Fixo";1;0;1;0;0;0;0;0;0;0;1;1;0;0;0
"06/09/2015";"19:20:00";"70";"sem vítima";"536,1";"BR-116/RS";"Norte";"Atropelamento de Animal";0;0;1;0;0;0;0;0;0;0;1;0;0;0;0
"06/09/2015";"20:49:00";"78";"com vítima";"40,1";"BR-392/RS";"Sul";"Tombamento";1;0;0;0;0;0;0;0;0;0;0;1;0;0;0
"07/09/2015";"06:33:00";"19";"sem vítima";"438,4";"BR-116/RS";"Norte";"Saída de Pista";1;0;1;0;0;0;0;0;0;0;5;0;0;0;0
"07/09/2015";"07:08:00";"21";"com vítima";"2,8";"BR-392/RS";"Norte";"Colisão com Objeto Fixo";1;0;0;1;0;0;0;0;0;0;2;0;1;0;0
"08/09/2015";"12:46:00";"52";"sem vítima";"427,5";"BR-116/RS";"Norte";"Abalr. Mesmo Sentido";0;0;1;0;0;0;0;0;0;0;2;0;0;0;0
"08/09/2015";"20:50:00";"91";"sem vítima";"634,8";"BR-116/RS";"Sul";"Colisão Traseira";0;0;2;0;0;0;0;0;0;0;2;0;0;0;0
"09/09/2015";"08:43:00";"27";"sem vítima";"403,7";"BR-116/RS";"Norte";"Abalr. Sentido Oposto";1;0;0;0;0;0;0;0;0;0;2;0;0;0;0
"09/09/2015";"16:21:00";"67";"sem vítima";"153,9";"BR-392/RS";"Sul";"Colisão Traseira";2;0;0;0;0;0;0;0;0;0;3;0;0;0;0
"09/09/2015";"21:41:00";"88";"sem vítima";"509,1";"BR-116/RS";"Norte";"Saída de Pista";1;0;0;0;0;0;0;0;0;0;1;0;0;0;0
"10/09/2015";"04:56:00";"8";"sem vítima";"65,5";"BR-392/RS";"Sul";"Colisão Traseira";1;0;2;0;0;0;0;0;0;0;3;0;0;0;0
"10/09/2015";"11:20:00";"41";"sem vítima";"429,2";"BR-116/RS";"Norte";"Abalr. Transversal";1;0;1;0;0;0;0;0;0;0;3;0;0;0;0
"10/09/2015";"16:54:00";"72";"com vítima";"85";"BR-392/RS";"Sul";"Abalr. Sentido Oposto";1;0;1;0;0;0;0;0;0;0;3;1;1;0;0
"11/09/2015";"00:08:00";"1";"sem vítima";"62,5";"BR-392/RS";"Sul";"Colisão com Objeto Fixo";0;0;1;0;0;0;0;0;0;0;1;0;0;0;0
"11/09/2015";"16:17:00";"72";"sem vítima";"413";"BR-116/RS";"Sul";"Saída de Pista";2;0;0;0;0;0;0;0;0;0;3;0;0;0;0
"12/09/2015";"12:35:00";"41";"com vítima";"410,7";"BR-116/RS";"Sul";"Saída de Pista";1;0;1;0;0;0;0;0;0;0;1;1;0;0;0
"12/09/2015";"17:20:00";"57";"sem vítima";"118,6";"BR-392/RS";"Sul";"Abalr. Transversal";1;0;1;0;0;0;0;0;0;0;2;0;0;0;0
"14/09/2015";"01:07:00";"9";"com vítima";"17,8";"BR-392/RS";"Norte";"Saída de Pista";2;0;0;0;0;0;0;0;0;0;3;1;0;0;0
"14/09/2015";"14:15:00";"54";"com vítima";"66,7";"BR-392/RS";"Norte";"Tombamento";1;0;0;0;0;0;0;0;0;0;0;1;0;0;0
"14/09/2015";"20:35:00";"88";"sem vítima";"523,7";"BR-116/RS";"Sul";"Saída de Pista";2;0;0;0;0;0;0;0;0;0;2;0;0;0;0
"14/09/2015";"21:16:00";"92";"sem vítima";"457,5";"BR-116/RS";"Norte";"Abalr. Sentido Oposto";1;0;0;0;0;0;0;0;0;0;5;0;0;0;0
"14/09/2015";"21:57:00";"95";"sem vítima";"38";"BR-392/RS";"Norte";"Atropelamento de Animal";0;0;2;0;0;0;0;0;0;0;2;0;0;0;0
"15/09/2015";"14:33:00";"68";"sem vítima";"424,8";"BR-116/RS";"Sul";"Abalr. Transversal";2;0;0;0;0;0;0;0;0;0;4;0;0;0;0
"15/09/2015";"17:23:00";"81";"sem vítima";"123,4";"BR-392/RS";"Norte";"Colisão Traseira";1;0;0;0;0;0;0;0;0;0;1;0;0;0;0
"16/09/2015";"17:01:00";"69";"com vítima";"107,2";"BR-392/RS";"Sul";"Abalr. Mesmo Sentido";1;1;0;0;0;0;0;0;0;0;1;0;0;0;1
"16/09/2015";"23:10:00";"94";"sem vítima";"475,3";"BR-116/RS";"Norte";"Colisão Frontal";1;0;0;0;0;0;0;0;0;0;2;0;0;0;0
"18/09/2015";"07:26:00";"16";"com vítima";"5,2";"BR-392/RS";"Sul";"Abalr. Transversal";0;0;0;1;0;0;0;0;0;0;0;1;0;0;0
"19/09/2015";"05:12:00";"9";"sem vítima";"402,3";"BR-116/RS";"Sul";"Colisão Frontal";3;0;0;0;0;0;0;0;0;0;6;0;0;0;0
"19/09/2015";"22:35:00";"73";"sem vítima";"71,9";"BR-392/RS";"Sul";"Colisão Traseira";2;0;0;0;0;0;0;0;0;0;2;0;0;0;0
"20/09/2015";"18:49:00";"61";"sem vítima";"489,1";"BR-116/RS";"Sul";"Colisão Frontal";2;0;0;0;0;0;0;0;0;0;5;0;0;0;0
"20/09/2015";"20:38:00";"68";"com vítima";"486";"BR-116/RS";"Norte";"Colisão Frontal";1;0;0;0;0;0;0;0;0;0;2;0;1;0;0
"23/09/2015";"03:52:00";"7";"com vítima";"111";"BR-392/RS";"Sul";"Saída de Pista";1;0;0;0;0;0;0;0;0;0;0;2;0;0;0
"24/09/2015";"13:10:00";"59";"com vítima";"141,6";"BR-392/RS";"Norte";"Saída de Pista";1;0;0;0;0;0;0;0;0;0;0;1;1;0;0
"26/09/2015";"16:16:00";"68";"com vítima";"52,3";"BR-392/RS";"Norte";"Colisão Traseira";0;0;0;1;0;0;0;0;0;0;0;0;0;0;1
"27/09/2015";"10:55:00";"38";"sem vítima";"66,9";"BR-392/RS";"Sul";"Abalr. Transversal";1;0;1;0;0;0;0;0;0;0;2;0;0;0;0
"27/09/2015";"20:40:00";"79";"sem vítima";"582";"BR-116/RS";"Sul";"Atropelamento de Animal";0;0;1;0;0;0;0;0;0;0;1;0;0;0;0
"29/09/2015";"12:53:00";"51";"sem vítima";"586";"BR-116/RS";"Norte";"Colisão Traseira";1;0;1;0;0;0;0;0;0;0;5;0;0;0;0
"29/09/2015";"16:04:00";"61";"sem vítima";"526";"BR-116/RS";"Sul";"Colisão Traseira";0;0;2;0;0;0;0;0;0;0;2;0;0;0;0
"30/09/2015";"14:09:00";"46";"com vítima";"515";"BR-116/RS";"Norte";"Saída de Pista";1;0;1;0;0;0;0;0;0;0;1;2;0;0;0
"30/09/2015";"16:41:00";"55";"com vítima";"120,7";"BR-392/RS";"Norte";"Abalr. Transversal";1;0;1;0;0;0;0;0;0;0;1;1;1;0;0
"01/10/2015";"04:58:00";"17";"com vítima";"523";"BR-116/RS";"Sul";"Saída de Pista";0;0;0;1;1;0;0;0;0;0;1;1;0;0;0
"01/10/2015";"07:43:00";"24";"com vítima";"525,6";"BR-116/RS";"Sul";"Colisão Traseira";1;0;0;0;0;0;0;0;0;0;1;1;0;0;0
"01/10/2015";"08:55:00";"30";"sem vítima";"525,3";"BR-116/RS";"Sul";"Saída de Pista";1;0;0;0;0;1;0;0;0;0;1;0;0;0;0
"01/10/2015";"16:36:00";"69";"com vítima";"520,9";"BR-116/RS";"Sul";"Abalr. Transversal";1;0;0;1;0;0;0;0;0;0;1;0;1;0;0
"03/10/2015";"11:02:00";"36";"sem vítima";"460,7";"BR-116/RS";"Sul";"Saída de Pista";0;0;1;0;0;0;0;0;0;0;1;0;0;0;0
"04/10/2015";"07:24:00";"18";"com vítima";"15";"BR-392/RS";"Sul";"Saída de Pista";2;0;0;0;0;0;0;0;0;0;0;0;0;3;0
"04/10/2015";"23:15:00";"64";"com vítima";"455,3";"BR-116/RS";"Sul";"Atropelamento de Animal";1;0;0;0;0;0;0;0;0;0;0;1;0;0;0
"07/10/2015";"08:25:00";"22";"sem vítima";"452,5";"BR-116/RS";"Norte";"Saída de Pista";0;0;1;0;0;0;0;0;0;0;1;0;0;0;0
"07/10/2015";"12:59:00";"48";"sem vítima";"90,5";"BR-392/RS";"Sul";"Saída de Pista";1;0;1;0;0;0;0;0;0;0;2;0;0;0;0
"08/10/2015";"07:41:00";"19";"sem vítima";"84,9";"BR-392/RS";"Norte";"Saída de Pista";6;0;0;0;0;0;0;0;0;0;16;0;0;0;0
"08/10/2015";"17:33:00";"63";"sem vítima";"522,7";"BR-116/RS";"Sul";"Colisão Frontal";0;0;1;0;2;0;0;0;0;0;3;0;0;0;0
"08/10/2015";"19:50:00";"71";"com vítima";"43,9";"BR-392/RS";"Norte";"Colisão Traseira";0;0;0;1;0;0;0;0;0;0;0;0;1;0;0
"09/10/2015";"14:16:00";"58";"sem vítima";"63,2";"BR-392/RS";"Sul";"Colisão Frontal";2;0;1;0;0;0;0;0;0;0;12;0;0;0;0
"10/10/2015";"16:33:00";"66";"sem vítima";"514,9";"BR-116/RS";"Sul";"Capotamento";2;0;0;0;0;0;0;0;0;0;2;0;0;0;0
"11/10/2015";"09:58:00";"29";"sem vítima";"432,1";"BR-116/RS";"Norte";"Tombamento";0;0;2;0;0;0;0;0;0;0;2;0;0;0;0
"11/10/2015";"13:11:00";"47";"sem vítima";"402";"BR-116/RS";"Norte";"Saída de Pista";1;0;0;0;0;0;0;0;0;0;2;0;0;0;0
"12/10/2015";"01:58:00";"13";"sem vítima";"526,4";"BR-116/RS";"Sul";"Saída de Pista";1;0;1;0;0;0;0;0;0;0;3;0;0;0;0
"13/10/2015";"06:59:00";"25";"com vítima";"11,3";"BR-293/RS";"Norte";"Saída de Pista";0;0;0;0;1;0;0;0;0;0;1;0;1;0;0
"13/10/2015";"07:54:00";"26";"sem vítima";"496,9";"BR-116/RS";"Sul";"Saída de Pista";0;0;1;0;0;0;0;0;0;0;1;0;0;0;0
"13/10/2015";"10:47:00";"44";"sem vítima";"565";"BR-116/RS";"Norte";"Colisão Traseira";0;0;1;0;0;0;0;0;0;0;1;0;0;0;0
"14/10/2015";"04:37:00";"14";"com vítima";"6,3";"BR-392/RS";"Norte";"Colisão com Objeto Fixo";0;0;1;1;0;0;0;0;0;0;1;0;1;0;0
"14/10/2015";"16:57:00";"77";"sem vítima";"68";"BR-392/RS";"Norte";"Colisão Traseira";0;0;1;0;0;0;0;0;0;0;2;0;0;0;0
"14/10/2015";"18:09:00";"82";"sem vítima";"522";"BR-116/RS";"Norte";"Colisão com Objeto Fixo";1;0;0;0;0;0;0;0;0;0;2;0;0;0;0
"14/10/2015";"21:00:00";"98";"sem vítima";"51,5";"BR-392/RS";"Norte";"Outros tipos de acidente";0;0;1;0;0;0;0;0;0;0;1;0;0;0;0
"15/10/2015";"07:34:00";"21";"sem vítima";"43,7";"BR-392/RS";"Norte";"Saída de Pista";1;0;0;0;0;0;0;0;0;0;1;0;0;0;0
"17/10/2015";"14:48:00";"56";"com vítima";"640,1";"BR-116/RS";"Sul";"Colisão Frontal";0;0;0;1;0;0;0;0;0;0;0;0;1;0;0
"19/10/2015";"21:10:00";"92";"sem vítima";"23";"BR-392/RS";"Norte";"Abalr. Mesmo Sentido";1;0;1;0;0;0;0;0;0;0;3;0;0;0;0
"19/10/2015";"21:35:00";"93";"sem vítima";"5,3";"BR-392/RS";"Norte";"Colisão Frontal";0;0;1;0;0;0;0;0;0;0;1;0;0;0;0
"20/10/2015";"21:16:00";"90";"sem vítima";"12,1";"BR-392/RS";"Norte";"Abalr. Transversal";1;0;0;0;0;0;0;0;0;0;4;0;0;0;0
"21/10/2015";"08:43:00";"24";"com vítima";"481,7";"BR-116/RS";"Sul";"Saída de Pista";0;0;1;1;0;0;0;0;0;0;1;0;0;1;0
"21/10/2015";"11:27:00";"44";"com vítima";"87,1";"BR-392/RS";"Norte";"Colisão Traseira";1;0;1;0;0;0;0;0;0;0;2;1;0;0;0
"22/10/2015";"01:16:00";"12";"com vítima";"523,4";"BR-116/RS";"Sul";"Saída de Pista";0;0;1;1;0;0;0;0;0;0;2;1;0;0;0
"22/10/2015";"10:57:00";"47";"sem vítima";"524,4";"BR-116/RS";"Norte";"Tombamento";1;0;0;0;0;0;0;0;0;0;1;0;0;0;0
"24/10/2015";"02:10:00";"14";"com vítima";"33,8";"BR-392/RS";"Norte";"Atropelamento de Animal";1;0;0;0;0;0;0;0;0;0;0;1;0;0;0
"25/10/2015";"17:12:00";"62";"sem vítima";"55,8";"BR-392/RS";"Norte";"Saída de Pista";1;0;0;0;0;0;0;0;0;0;4;0;0;0;0
"27/10/2015";"14:11:00";"50";"com vítima";"522,9";"BR-116/RS";"Norte";"Colisão Frontal";0;1;0;1;0;0;0;0;0;0;0;2;0;0;0
"29/10/2015";"11:56:00";"45";"sem vítima";"4,3";"BR-392/RS";"Sul";"Abalr. Transversal";2;0;0;0;0;0;0;0;0;0;3;0;0;0;0
"29/10/2015";"21:08:00";"81";"com vítima";"30,2";"BR-392/RS";"Norte";"Atropelamento";1;0;0;1;0;0;0;0;0;0;0;2;0;0;0
"29/10/2015";"22:28:00";"84";"sem vítima";"530,1";"BR-116/RS";"Sul";"Abalr. Transversal";0;0;1;0;0;0;0;0;0;0;1;0;0;0;0
"30/10/2015";"20:48:00";"78";"sem vítima";"427,3";"BR-116/RS";"Norte";"Abalr. Transversal";2;0;0;0;0;0;0;0;0;0;2;0;0;0;0
"31/10/2015";"04:30:00";"9";"sem vítima";"100";"BR-392/RS";"Norte";"Saída de Pista";1;0;0;0;0;1;0;0;0;0;2;0;0;0;0
"31/10/2015";"14:39:00";"58";"sem vítima";"40,7";"BR-392/RS";"Sul";"Saída de Pista";1;0;1;0;0;0;0;0;0;0;3;0;0;0;0
"02/11/2015";"17:27:00";"43";"sem vítima";"563,4";"BR-116/RS";"Sul";"Abalr. Transversal";2;0;0;0;0;0;0;0;0;0;5;0;0;0;0
"03/11/2015";"13:30:00";"50";"sem vítima";"525,7";"BR-116/RS";"Sul";"Abalr. Transversal";1;0;0;0;0;0;0;0;0;0;2;0;0;0;0
"03/11/2015";"14:28:00";"57";"com vítima";"403,8";"BR-116/RS";"Sul";"Saída de Pista";1;0;0;0;0;0;0;0;0;0;0;1;0;0;0
"03/11/2015";"20:45:00";"92";"sem vítima";"85,7";"BR-392/RS";"Sul";"Saída de Pista";2;0;0;0;0;0;0;0;0;0;4;0;0;0;0
"03/11/2015";"22:06:00";"94";"sem vítima";"428,5";"BR-116/RS";"Sul";"Colisão Traseira";0;0;1;0;0;0;0;0;0;0;2;0;0;0;0
"04/11/2015";"10:56:00";"40";"sem vítima";"98,2";"BR-392/RS";"Sul";"Saída de Pista";2;0;0;0;0;0;0;0;0;0;5;0;0;0;0
"04/11/2015";"18:27:00";"73";"sem vítima";"520,6";"BR-116/RS";"Sul";"Colisão Traseira";1;0;1;0;0;0;0;0;0;0;2;0;0;0;0
"05/11/2015";"11:03:00";"34";"sem vítima";"7,5";"BR-392/RS";"Sul";"Colisão Traseira";2;0;0;0;0;0;0;0;0;0;4;0;0;0;0
"05/11/2015";"11:12:00";"35";"sem vítima";"145,6";"BR-392/RS";"Sul";"Colisão Traseira";2;0;0;0;0;0;0;0;0;0;7;0;0;0;0
"07/11/2015";"09:24:00";"29";"sem vítima";"498,2";"BR-116/RS";"Sul";"Colisão Traseira";1;0;0;0;0;0;0;0;0;0;1;0;0;0;0
"07/11/2015";"10:11:00";"34";"com vítima";"530";"BR-116/RS";"Norte";"Abalr. Transversal";1;0;0;1;0;0;0;0;0;0;1;0;1;0;0
"07/11/2015";"11:15:00";"40";"com vítima";"47,1";"BR-392/RS";"Norte";"Saída de Pista";1;0;0;0;0;0;0;0;0;0;0;1;0;0;0
"08/11/2015";"00:40:00";"8";"com vítima";"52,3";"BR-392/RS";"Norte";"Colisão Traseira";0;0;1;1;0;0;0;0;0;0;1;1;0;0;0
"08/11/2015";"06:46:00";"17";"com vítima";"6,5";"BR-392/RS";"Sul";"Saída de Pista";0;0;0;1;0;0;0;0;0;0;0;0;1;0;0
"08/11/2015";"21:42:00";"83";"com vítima";"21";"BR-392/RS";"Sul";"Atropelamento de Animal";0;0;1;0;1;0;0;0;0;0;13;3;1;1;0
"08/11/2015";"23:20:00";"90";"com vítima";"5";"BR-392/RS";"Sul";"Saída de Pista";0;1;1;0;0;0;0;0;0;0;1;0;1;0;0
"09/11/2015";"05:24:00";"14";"sem vítima";"124,9";"BR-392/RS";"Norte";"Abalr. Transversal";1;0;1;0;0;0;0;0;0;0;2;0;0;0;0
"11/11/2015";"13:46:00";"54";"com vítima";"463,4";"BR-116/RS";"Norte";"Saída de Pista";2;0;0;0;0;0;0;0;0;0;3;1;0;0;0
"11/11/2015";"21:32:00";"98";"sem vítima";"402,7";"BR-116/RS";"Norte";"Colisão Frontal";1;0;1;0;0;0;0;0;0;0;2;0;0;0;0
"12/11/2015";"23:55:00";"82";"sem vítima";"63,5";"BR-392/RS";"Sul";"Abalr. Sentido Oposto";2;0;0;0;0;0;0;0;0;0;2;0;0;0;0
"13/11/2015";"22:33:00";"96";"com vítima";"48,9";"BR-392/RS";"Norte";"Saída de Pista";2;0;0;0;0;0;0;0;0;0;1;1;0;0;0
"14/11/2015";"00:58:00";"8";"sem vítima";"51,5";"BR-392/RS";"Norte";"Colisão Traseira";1;0;0;0;0;0;0;0;0;0;1;0;0;0;0
"14/11/2015";"01:22:00";"10";"sem vítima";"93,7";"BR-392/RS";"Norte";"Colisão com Objeto Fixo";1;0;0;0;0;0;0;0;0;0;2;0;0;0;0
"15/11/2015";"15:33:00";"56";"sem vítima";"61,1";"BR-392/RS";"Norte";"Tombamento";1;0;1;0;0;0;0;0;0;0;4;0;0;0;0
"17/11/2015";"07:47:00";"16";"sem vítima";"8,5";"BR-392/RS";"Sul";"Abalr. Mesmo Sentido";1;0;0;0;0;0;0;0;0;0;2;0;0;0;0
"18/11/2015";"21:49:00";"89";"sem vítima";"430,4";"BR-116/RS";"Sul";"Colisão com Objeto Fixo";0;0;1;0;1;0;0;0;0;0;2;0;0;0;0
"18/11/2015";"22:07:00";"90";"sem vítima";"450";"BR-116/RS";"Sul";"Saída de Pista";1;0;1;0;0;0;0;0;0;0;2;0;0;0;0
"19/11/2015";"18:24:00";"74";"com vítima";"52,3";"BR-392/RS";"Norte";"Colisão Traseira";1;0;0;1;0;0;0;0;0;0;1;1;0;0;0
"20/11/2015";"12:02:00";"46";"sem vítima";"29,6";"BR-392/RS";"Norte";"Atropelamento";0;0;0;1;1;0;0;0;0;0;2;0;0;0;0
"20/11/2015";"23:31:00";"101";"sem vítima";"630,4";"BR-116/RS";"Norte";"Atropelamento de Animal";1;0;0;0;0;0;0;0;0;0;1;0;0;0;0
"21/11/2015";"11:32:00";"38";"sem vítima";"595,8";"BR-116/RS";"Sul";"Saída de Pista";1;0;1;0;0;0;0;0;0;0;4;0;0;0;0
"21/11/2015";"13:29:00";"45";"com vítima";"25,3";"BR-392/RS";"Sul";"Colisão Traseira";1;0;0;1;0;0;0;0;0;0;1;1;0;0;0
"22/11/2015";"13:49:00";"49";"com vítima";"526,3";"BR-116/RS";"Norte";"Saída de Pista";1;0;1;0;0;0;0;0;0;0;1;0;0;0;1
"22/11/2015";"14:49:00";"51";"sem vítima";"17,1";"BR-392/RS";"Sul";"Tombamento";2;0;0;0;0;0;0;0;0;0;2;0;0;0;0
"23/11/2015";"13:41:00";"56";"sem vítima";"589,9";"BR-116/RS";"Norte";"Saída de Pista";1;0;1;0;0;0;0;0;0;0;2;0;0;0;0
"23/11/2015";"16:57:00";"75";"sem vítima";"606,2";"BR-116/RS";"Sul";"Abalr. Transversal";1;0;0;0;0;0;0;0;0;0;3;0;0;0;0
"23/11/2015";"19:02:00";"82";"com vítima";"517,9";"BR-116/RS";"Sul";"Abalr. Mesmo Sentido";0;0;1;1;0;0;0;0;0;0;1;0;0;0;1
"24/11/2015";"07:49:00";"12";"sem vítima";"12";"BR-392/RS";"Norte";"Saída de Pista";1;0;1;0;0;0;0;0;0;0;6;0;0;0;0
"24/11/2015";"13:43:00";"53";"com vítima";"543,4";"BR-116/RS";"Sul";"Saída de Pista";0;0;1;1;0;0;0;0;0;0;1;0;0;1;1
"25/11/2015";"09:58:00";"30";"sem vítima";"51,1";"BR-392/RS";"Norte";"Saída de Pista";1;0;0;0;0;0;0;0;0;0;4;0;0;0;0
"27/11/2015";"14:00:00";"56";"com vítima";"60,9";"BR-392/RS";"Sul";"Saída de Pista";2;0;0;0;0;1;0;0;0;0;2;0;0;0;1
"27/11/2015";"17:21:00";"72";"com vítima";"12,5";"BR-392/RS";"Norte";"Saída de Pista";3;0;0;1;0;0;0;0;0;0;3;0;1;0;0
"27/11/2015";"18:30:00";"82";"com vítima";"63,4";"BR-392/RS";"Norte";"Saída de Pista";0;0;0;1;0;0;0;0;0;0;0;2;0;0;0
"27/11/2015";"21:00:00";"97";"com vítima";"530,4";"BR-116/RS";"Norte";"Atropelamento de Animal";0;0;0;1;0;0;0;0;0;0;0;0;1;0;0
"28/11/2015";"17:10:00";"70";"sem vítima";"42,7";"BR-392/RS";"Sul";"Colisão com Objeto Fixo";3;0;0;0;0;0;0;0;0;0;3;0;0;0;0
"29/11/2015";"15:19:00";"53";"sem vítima";"638,9";"BR-116/RS";"Sul";"Tombamento";0;0;1;1;0;0;0;0;0;0;2;0;0;0;0
"29/11/2015";"20:07:00";"81";"sem vítima";"611,5";"BR-116/RS";"Sul";"Abalr. Transversal";1;0;0;0;0;0;0;0;0;0;3;0;0;0;0
"30/11/2015";"22:57:00";"93";"com vítima";"482,1";"BR-116/RS";"Sul";"Saída de Pista";0;0;1;0;0;1;0;0;0;0;3;2;0;0;0
"01/12/2015";"15:23:00";"63";"com vítima";"0,4";"BR-392/RS";"Sul";"Abalr. Transversal";2;0;0;1;0;0;0;0;0;0;2;1;0;0;0
"03/12/2015";"02:05:00";"17";"com vítima";"4,9";"BR-392/RS";"Norte";"Saída de Pista";1;0;1;0;0;0;0;0;0;0;1;0;1;0;0
"03/12/2015";"18:26:00";"144";"com vítima";"528,4";"BR-116/RS";"Sul";"Abalr. Transversal";0;0;2;0;0;0;0;0;0;0;1;0;1;0;0
"04/12/2015";"07:45:00";"55";"sem vítima";"7,2";"BR-392/RS";"Sul";"Colisão Traseira";1;0;1;0;0;0;0;0;0;0;5;0;0;0;0
"04/12/2015";"15:30:00";"118";"sem vítima";"522";"BR-116/RS";"Sul";"Tombamento";1;0;0;0;0;0;0;0;0;0;1;0;0;0;0
"04/12/2015";"21:52:00";"159";"sem vítima";"427,5";"BR-116/RS";"Sul";"Abalr. Transversal";0;0;1;0;0;0;0;0;0;0;2;0;0;0;0
"04/12/2015";"23:38:00";"179";"sem vítima";"4,9";"BR-392/RS";"Norte";"Colisão Traseira";2;0;0;0;0;0;0;0;0;0;3;0;0;0;0
"05/12/2015";"10:10:00";"63";"sem vítima";"21";"BR-392/RS";"Sul";"Saída de Pista";2;0;0;0;0;0;0;0;0;0;2;0;0;0;0
"05/12/2015";"11:00:00";"68";"com vítima";"512";"BR-116/RS";"Sul";"Abalr. Mesmo Sentido";0;0;0;0;0;1;0;0;0;0;1;0;0;0;1
"06/12/2015";"04:49:00";"13";"sem vítima";"119,9";"BR-392/RS";"Norte";"Saída de Pista";2;0;0;0;0;0;0;0;0;0;3;0;0;0;0
"09/12/2015";"00:52:00";"9";"sem vítima";"464,8";"BR-116/RS";"Sul";"Abalr. Sentido Oposto";1;0;0;0;0;0;0;0;0;0;1;0;0;0;0
"09/12/2015";"16:55:00";"134";"com vítima";"65,9";"BR-392/RS";"Sul";"Abalr. Transversal";1;0;1;0;0;0;0;0;0;0;1;0;1;0;0
"09/12/2015";"17:38:00";"137";"com vítima";"464,8";"BR-116/RS";"Sul";"Abalr. Transversal";0;0;1;1;0;0;0;0;0;0;1;0;0;1;0
"10/12/2015";"02:17:00";"19";"sem vítima";"519,4";"BR-116/RS";"Norte";"Atropelamento de Animal";1;0;0;0;0;0;0;0;0;0;1;0;0;0;0
"10/12/2015";"19:22:00";"151";"com vítima";"544,5";"BR-116/RS";"Norte";"Saída de Pista";1;0;0;0;0;0;0;0;0;0;0;1;0;0;0
"11/12/2015";"07:33:00";"31";"com vítima";"487,8";"BR-116/RS";"Sul";"Atropelamento";0;0;0;1;0;0;0;0;0;0;0;1;0;0;0
"11/12/2015";"14:33:00";"90";"sem vítima";"40";"BR-392/RS";"Sul";"Outros tipos de acidente";1;0;1;0;0;0;0;0;0;0;3;0;0;0;0
"14/12/2015";"12:43:00";"106";"sem vítima";"585,5";"BR-116/RS";"Sul";"Saída de Pista";0;0;2;0;0;0;0;0;0;0;2;0;0;0;0
"14/12/2015";"13:48:00";"114";"com vítima";"543,6";"BR-116/RS";"Sul";"Saída de Pista";1;0;0;0;0;0;0;0;0;0;0;0;2;0;0
"15/12/2015";"02:07:00";"12";"sem vítima";"648";"BR-116/RS";"Norte";"Colisão Frontal";0;0;1;0;0;0;0;0;0;0;1;0;0;0;0
"15/12/2015";"16:08:00";"93";"com vítima";"66,4";"BR-392/RS";"Sul";"Colisão Traseira";1;0;0;0;0;0;0;0;0;0;0;0;1;0;0
"16/12/2015";"09:16:00";"66";"sem vítima";"504,2";"BR-116/RS";"Norte";"Saída de Pista";1;0;0;0;0;0;0;0;0;0;1;0;0;0;0
"16/12/2015";"12:04:00";"87";"sem vítima";"427,5";"BR-116/RS";"Sul";"Abalr. Transversal";0;0;2;0;0;0;0;0;0;0;3;0;0;0;0
"16/12/2015";"12:33:00";"89";"sem vítima";"516,9";"BR-116/RS";"Norte";"Abalr. Transversal";0;0;1;0;1;0;0;0;0;0;26;0;0;0;0
"16/12/2015";"22:26:00";"146";"com vítima";"523,2";"BR-116/RS";"Norte";"Colisão com Objeto Fixo";1;0;2;0;0;0;0;0;0;0;2;1;0;0;0
"17/12/2015";"12:43:00";"84";"com vítima";"34,6";"BR-392/RS";"Sul";"Saída de Pista";1;0;0;0;0;0;0;0;0;0;0;1;0;0;0
"18/12/2015";"23:00:00";"167";"sem vítima";"519,9";"BR-116/RS";"Norte";"Atropelamento";1;0;0;0;0;0;0;0;0;0;1;0;0;0;0
"23/12/2015";"07:27:00";"21";"sem vítima";"144,5";"BR-392/RS";"Sul";"Saída de Pista";1;0;1;0;0;0;0;0;0;0;3;0;0;0;0
"23/12/2015";"09:41:00";"57";"sem vítima";"170";"BR-392/RS";"Norte";"Saída de Pista";0;0;2;0;0;0;0;0;0;0;2;0;0;0;0