data;horario;n_da_ocorrencia;tipo_de_ocorrencia;km;trecho;sentido;tipo_de_acidente;automovel;bicicleta;caminhao;moto;onibus;outros;tracao_animal;transporte_de_cargas_especiais;trator_maquinas;utilitarios;ilesos;levemente_feridos;moderadamente_feridos;gravemente_feridos;mortos
"31/03/2016";"09:43:00";"50";"com vítima";"72";"BR-392/RS";"Norte";"Abalroamento - Transversal";1;0;1;0;0;0;0;0;0;0;1;0;2;0;2
"31/03/2016";"10:28:00";"53";"sem vítima";"494";"BR-116/RS";"Sul";"Saída de Pista";1;0;0;0;0;0;0;0;0;0;1;0;0;0;0
"31/03/2016";"18:48:00";"110";"sem vítima";"10";"BR-392/RS";"Norte";"Tombamento";2;0;0;0;0;0;0;0;0;0;4;0;0;0;0
"01/04/2016";"13:36:00";"80";"com vítima";"470,4";"BR-116/RS";"Norte";"Colisão Traseira";1;0;0;0;0;0;0;0;0;0;2;0;0;1;0
"01/04/2016";"17:14:00";"96";"com vítima";"439,2";"BR-116/RS";"Norte";"Tombamento";2;0;0;0;0;0;0;0;0;0;0;3;0;0;0
"01/04/2016";"17:36:00";"100";"com vítima";"522,9";"BR-116/RS";"Norte";"Abalroamento - Transversal";0;0;1;1;0;0;0;0;0;0;1;1;0;0;0
"02/04/2016";"14:41:00";"85";"com vítima";"483";"BR-116/RS";"Sul";"Tombamento";0;0;0;1;0;0;0;0;0;0;0;1;1;0;0
"02/04/2016";"17:13:00";"111";"sem vítima";"42";"BR-392/RS";"Norte";"Tombamento";2;0;0;0;0;0;0;0;0;0;4;0;0;0;0
"05/04/2016";"00:05:00";"2";"sem vítima";"419,5";"BR-116/RS";"Norte";"Abalroamento - Sentido Oposto";1;0;2;0;0;0;0;0;0;0;8;0;0;0;0
"05/04/2016";"08:56:00";"37";"com vítima";"33,6";"BR-392/RS";"Sul";"Saída de Pista";1;0;0;0;0;0;0;0;0;0;1;1;0;0;0
"05/04/2016";"12:02:00";"70";"com vítima";"1,3";"BR-392/RS";"Norte";"Atropelamento";0;0;0;1;0;0;0;0;0;0;0;1;1;0;0
"05/04/2016";"16:54:00";"109";"com vítima";"28";"BR-392/RS";"Norte";"Tombamento";1;1;0;0;0;0;0;0;0;0;4;1;0;0;0
"06/04/2016";"08:28:00";"36";"com vítima";"460,2";"BR-116/RS";"Sul";"Saída de Pista";0;0;0;1;0;0;0;0;0;0;0;1;0;0;0
"07/04/2016";"15:43:00";"114";"sem vítima";"148,4";"BR-392/RS";"Norte";"Colisão Traseira";2;0;0;0;0;0;0;0;0;0;4;0;0;0;0
"08/04/2016";"14:53:00";"107";"com vítima";"119,9";"BR-392/RS";"Sul";"Colisão Traseira";0;0;1;0;0;1;0;0;0;0;2;0;1;0;0
"10/04/2016";"07:59:00";"30";"sem vítima";"512";"BR-116/RS";"Sul";"Tombamento";1;0;0;0;0;0;0;0;0;0;1;0;0;0;0
"10/04/2016";"12:33:00";"59";"com vítima";"510,8";"BR-116/RS";"Norte";"Saída de Pista";1;0;0;0;1;0;0;0;0;0;3;1;0;0;0
"11/04/2016";"02:16:00";"14";"com vítima";"529,5";"BR-116/RS";"Sul";"Colisão com Objeto Fixo";0;0;1;0;0;0;0;0;0;0;0;0;0;0;2
"11/04/2016";"11:48:00";"75";"sem vítima";"568,5";"BR-116/RS";"Sul";"Saída de Pista";1;0;0;1;0;0;0;0;0;0;2;0;0;0;0
"11/04/2016";"14:19:00";"89";"com vítima";"618,3";"BR-116/RS";"Sul";"Abalroamento - Sentido Oposto";1;0;0;0;0;0;0;0;0;0;2;0;0;0;1
"11/04/2016";"15:42:00";"97";"sem vítima";"84,5";"BR-392/RS";"Norte";"Saída de Pista";1;0;1;0;0;0;0;0;0;0;4;0;0;0;0
"13/04/2016";"08:35:00";"33";"com vítima";"67,3";"BR-392/RS";"Norte";"Abalroamento - Transversal";1;0;1;0;1;0;0;0;0;0;33;1;0;0;0
"13/04/2016";"22:23:00";"129";"sem vítima";"404,5";"BR-116/RS";"Norte";"Atropelamento - Animal";2;0;0;0;0;0;0;0;0;0;5;0;0;0;0
"14/04/2016";"20:01:00";"169";"com vítima";"613";"BR-116/RS";"Sul";"Colisão Frontal";0;0;3;0;0;0;0;0;0;0;3;0;0;0;1
"16/04/2016";"05:48:00";"18";"sem vítima";"482,5";"BR-116/RS";"Sul";"Tombamento";1;0;1;0;0;0;0;0;0;0;4;0;0;0;0
"16/04/2016";"10:08:00";"59";"sem vítima";"193,9";"BR-392/RS";"Sul";"Tombamento";1;0;1;0;0;0;0;0;0;0;2;0;0;0;0
"16/04/2016";"17:12:00";"112";"com vítima";"6,5";"BR-392/RS";"Norte";"Abalroamento - Transversal";1;1;0;0;0;0;0;0;0;0;3;1;1;0;0
"16/04/2016";"19:43:00";"138";"sem vítima";"622,4";"BR-116/RS";"Norte";"Atropelamento - Animal";0;0;2;0;0;0;0;0;0;0;2;0;0;0;0
"16/04/2016";"20:56:00";"157";"com vítima";"530,4";"BR-116/RS";"Norte";"Atropelamento - Animal";1;1;0;0;0;0;0;0;0;0;2;0;1;0;0
"17/04/2016";"06:37:00";"25";"sem vítima";"54,2";"BR-392/RS";"Sul";"Saída de Pista";1;0;0;0;0;1;0;0;0;0;2;0;0;0;0
"17/04/2016";"20:29:00";"128";"com vítima";"581,1";"BR-116/RS";"Sul";"Colisão Traseira";1;0;0;1;0;0;0;0;0;0;1;0;0;1;0
"18/04/2016";"10:29:00";"66";"sem vítima";"180,2";"BR-392/RS";"Sul";"Colisão com Objeto Fixo";2;0;1;0;0;0;0;0;0;0;5;0;0;0;0
"19/04/2016";"04:06:00";"25";"com vítima";"526,5";"BR-116/RS";"Norte";"Tombamento";0;0;1;0;0;0;0;0;0;0;1;0;0;0;1
"19/04/2016";"06:17:00";"32";"sem vítima";"67,7";"BR-392/RS";"Norte";"Tombamento";0;0;1;0;0;0;0;0;0;0;1;0;0;0;0
"19/04/2016";"10:16:00";"69";"com vítima";"442";"BR-116/RS";"Norte";"Colisão Traseira";1;0;1;0;0;0;0;0;0;0;5;0;0;1;0
"19/04/2016";"10:43:00";"73";"sem vítima";"529,5";"BR-116/RS";"Norte";"Abalroamento - Transversal";1;0;0;0;0;0;0;0;0;0;2;0;0;0;0
"19/04/2016";"19:15:00";"135";"com vítima";"58,8";"BR-392/RS";"Norte";"Colisão Traseira";1;0;0;1;0;0;0;0;0;0;8;1;0;0;0
"20/04/2016";"17:19:00";"107";"sem vítima";"87,1";"BR-392/RS";"Norte";"Colisão Traseira";1;0;1;0;0;0;0;0;0;0;9;0;0;0;0
"21/04/2016";"14:19:00";"67";"sem vítima";"475,5";"BR-116/RS";"Norte";"Colisão Frontal";0;0;1;0;0;0;0;0;0;0;1;0;0;0;0
"22/04/2016";"13:07:00";"57";"com vítima";"530,2";"BR-116/RS";"Sul";"Abalroamento - Mesmo Sentido";0;0;2;0;0;0;0;0;0;0;1;0;1;0;0
"22/04/2016";"17:50:00";"86";"sem vítima";"107,3";"BR-392/RS";"Sul";"Tombamento";1;0;0;0;0;0;0;0;0;0;3;0;0;0;0
"22/04/2016";"20:27:00";"102";"com vítima";"154,1";"BR-392/RS";"Sul";"Abalroamento - Transversal";1;0;0;0;0;0;0;0;0;0;0;0;1;0;0
"22/04/2016";"23:25:00";"123";"sem vítima";"18,8";"BR-392/RS";"Norte";"Abalroamento - Transversal";1;0;2;0;0;0;0;0;0;0;3;0;0;0;0
"23/04/2016";"07:00:00";"32";"com vítima";"18,8";"BR-392/RS";"Norte";"Abalroamento - Transversal";0;0;0;1;0;0;0;0;0;0;0;0;2;0;0
"24/04/2016";"05:15:00";"19";"com vítima";"110,6";"BR-392/RS";"Norte";"Abalroamento - Sentido Oposto";0;0;1;0;0;0;0;0;0;0;0;1;0;0;0
"24/04/2016";"06:25:00";"22";"sem vítima";"611,3";"BR-116/RS";"Norte";"Saída de Pista";2;0;0;0;0;0;0;0;0;0;5;0;0;0;0
"24/04/2016";"09:54:00";"41";"com vítima";"108";"BR-392/RS";"Norte";"Saída de Pista";0;0;1;1;0;0;0;0;0;0;1;0;1;0;0
"24/04/2016";"20:00:00";"105";"com vítima";"526,4";"BR-116/RS";"Norte";"Abalroamento - Transversal";1;0;0;0;0;0;0;0;0;0;1;4;0;0;0
"24/04/2016";"23:46:00";"134";"com vítima";"165,3";"BR-392/RS";"Sul";"Saída de Pista";0;0;1;1;0;0;0;0;0;0;1;1;0;0;0
"25/04/2016";"13:22:00";"73";"sem vítima";"95,5";"BR-392/RS";"Sul";"Colisão Traseira";2;0;0;0;0;0;0;0;0;0;3;0;0;0;0
"25/04/2016";"15:09:00";"88";"sem vítima";"61,1";"BR-392/RS";"Sul";"Colisão Frontal";1;0;1;0;0;0;0;0;0;0;2;0;0;0;0
"25/04/2016";"20:19:00";"123";"sem vítima";"549";"BR-116/RS";"Sul";"Atropelamento - Animal";2;0;0;0;0;0;0;0;0;0;2;0;0;0;0
"27/04/2016";"05:24:00";"22";"com vítima";"657,1";"BR-116/RS";"Sul";"Saída de Pista";2;0;0;0;0;0;0;0;0;0;7;0;1;0;0
"27/04/2016";"15:45:00";"106";"sem vítima";"479,5";"BR-116/RS";"Norte";"Saída de Pista";1;0;0;0;0;0;1;0;0;0;4;0;0;0;0
"27/04/2016";"18:45:00";"130";"sem vítima";"524,2";"BR-116/RS";"Norte";"Colisão com Objeto Fixo";2;0;0;0;0;0;0;0;0;0;3;0;0;0;0
"28/04/2016";"06:57:00";"26";"sem vítima";"516,2";"BR-116/RS";"Norte";"Colisão Traseira";0;0;2;0;0;0;0;0;0;0;2;0;0;0;0
"29/04/2016";"17:28:00";"110";"com vítima";"28";"BR-392/RS";"Norte";"Saída de Pista";0;0;0;1;0;0;0;0;0;0;0;0;1;0;0
"29/04/2016";"19:02:00";"121";"com vítima";"8,9";"BR-392/RS";"Sul";"Colisão Frontal";0;0;1;1;0;0;0;0;0;0;1;0;1;0;0
"30/04/2016";"06:56:00";"31";"sem vítima";"35,8";"BR-392/RS";"Sul";"Colisão Traseira";2;0;1;0;0;0;0;0;0;0;4;0;0;0;0
"30/04/2016";"10:16:00";"58";"com vítima";"194";"BR-392/RS";"Sul";"Tombamento";1;0;0;0;0;0;0;0;0;0;1;1;0;0;0
"01/05/2016";"08:36:00";"52";"com vítima";"21,5";"BR-392/RS";"Sul";"Saída de Pista";1;0;1;0;0;0;0;0;0;0;1;0;1;0;0
"02/05/2016";"06:45:00";"21";"sem vítima";"23,9";"BR-392/RS";"Sul";"Saída de Pista";0;0;1;0;0;0;0;0;0;0;1;0;0;0;0
"02/05/2016";"07:12:00";"25";"sem vítima";"57,4";"BR-392/RS";"Sul";"Tombamento";0;0;1;0;0;0;0;0;0;0;1;0;0;0;0
"02/05/2016";"18:36:00";"132";"sem vítima";"123,6";"BR-392/RS";"Norte";"Colisão Traseira";0;0;1;0;0;0;0;0;0;0;1;0;0;0;0
"03/05/2016";"08:16:00";"33";"sem vítima";"49,3";"BR-392/RS";"Sul";"Saída de Pista";1;0;0;0;0;0;0;0;0;0;1;0;0;0;0
"03/05/2016";"15:31:00";"83";"com vítima";"467,2";"BR-116/RS";"Norte";"Tombamento";0;0;0;2;0;0;0;0;0;0;1;0;1;0;0
"03/05/2016";"16:31:00";"91";"sem vítima";"183,4";"BR-392/RS";"Sul";"Saída de Pista";1;0;0;0;0;0;0;0;0;0;4;0;0;0;0
"03/05/2016";"20:20:00";"115";"sem vítima";"413,1";"BR-116/RS";"Sul";"Colisão Traseira";0;0;1;0;0;0;0;0;0;0;1;0;0;0;0
"04/05/2016";"17:22:00";"111";"sem vítima";"416,5";"BR-116/RS";"Sul";"Saída de Pista";1;0;0;0;0;0;0;0;0;0;1;0;0;0;0
"05/05/2016";"22:10:00";"154";"com vítima";"599";"BR-116/RS";"Norte";"Colisão Frontal";1;0;1;0;0;0;0;0;0;0;5;1;0;0;0
"06/05/2016";"06:37:00";"18";"com vítima";"61,1";"BR-392/RS";"Sul";"Saída de Pista";1;0;1;0;0;0;0;0;0;0;1;0;0;1;1
"06/05/2016";"10:38:00";"62";"sem vítima";"139,4";"BR-392/RS";"Norte";"Saída de Pista";0;0;1;0;0;0;0;0;0;0;2;0;0;0;0
"07/05/2016";"18:33:00";"103";"com vítima";"467,8";"BR-116/RS";"Norte";"Colisão Traseira";1;0;1;0;0;0;0;0;0;0;5;1;0;0;0
"08/05/2016";"07:00:00";"31";"sem vítima";"11,8";"BR-392/RS";"Sul";"Tombamento";1;0;0;0;0;0;0;0;0;0;1;0;0;0;0
"08/05/2016";"09:30:00";"55";"com vítima";"77,4";"BR-392/RS";"Norte";"Saída de Pista";0;0;0;1;0;0;0;0;0;0;0;0;0;1;0
"08/05/2016";"11:05:00";"69";"com vítima";"118";"BR-392/RS";"Norte";"Abalroamento - Transversal";1;0;2;0;0;0;0;0;0;0;2;1;0;0;0
"08/05/2016";"11:26:00";"73";"com vítima";"106,3";"BR-392/RS";"Norte";"Colisão Traseira";1;0;0;0;0;0;0;0;0;0;0;0;1;1;0
"08/05/2016";"19:30:00";"123";"com vítima";"83,1";"BR-392/RS";"Sul";"Colisão Traseira";1;0;0;1;0;0;0;0;0;0;1;1;0;0;0
"09/05/2016";"07:55:00";"46";"sem vítima";"7,8";"BR-392/RS";"Norte";"Abalroamento - Transversal";1;0;1;0;0;0;0;0;0;0;2;0;0;0;0
"09/05/2016";"08:06:00";"51";"sem vítima";"61";"BR-392/RS";"Norte";"Tombamento";1;0;1;0;0;0;0;0;0;0;2;0;0;0;0
"09/05/2016";"22:00:00";"140";"sem vítima";"417,9";"BR-116/RS";"Sul";"Atropelamento - Animal";1;0;0;0;0;0;0;0;0;0;2;0;0;0;0
"10/05/2016";"08:23:00";"31";"sem vítima";"115,8";"BR-392/RS";"Norte";"Saída de Pista";1;0;0;1;0;0;0;0;0;0;2;0;0;0;0
"10/05/2016";"13:59:00";"77";"sem vítima";"563,3";"BR-116/RS";"Norte";"Tombamento";0;0;2;0;0;0;0;0;0;0;2;0;0;0;0
"11/05/2016";"13:16:00";"79";"com vítima";"93";"BR-392/RS";"Sul";"Tombamento";0;0;2;0;0;0;0;0;0;0;10;9;2;0;0
"12/05/2016";"07:55:00";"44";"com vítima";"103,6";"BR-392/RS";"Sul";"Tombamento";1;1;0;0;0;0;0;0;0;0;1;1;0;0;0
"12/05/2016";"12:21:00";"64";"sem vítima";"122,8";"BR-392/RS";"Norte";"Colisão Traseira";0;0;2;0;0;0;0;0;0;0;2;0;0;0;0
"12/05/2016";"15:51:00";"82";"sem vítima";"418";"BR-116/RS";"Norte";"Colisão Traseira";1;0;0;0;0;0;0;0;0;0;3;0;0;0;0
"12/05/2016";"19:13:00";"103";"com vítima";"77,3";"BR-392/RS";"Sul";"Abalroamento - Sentido Oposto";3;0;1;0;0;0;0;0;0;0;4;0;1;0;0
"13/05/2016";"10:47:00";"69";"com vítima";"585,6";"BR-116/RS";"Sul";"Colisão Traseira";1;0;1;0;0;0;0;0;0;0;0;3;0;0;0
"14/05/2016";"04:46:00";"15";"sem vítima";"65,4";"BR-392/RS";"Norte";"Abalroamento - Transversal";0;0;2;0;0;0;0;0;0;0;3;0;0;0;0
"14/05/2016";"17:23:00";"85";"com vítima";"66,9";"BR-392/RS";"Sul";"Abalroamento - Transversal";1;0;1;0;0;0;0;0;0;0;1;1;0;0;0
"14/05/2016";"20:48:00";"105";"sem vítima";"425,1";"BR-116/RS";"Norte";"Abalroamento - Transversal";1;0;0;0;0;0;0;0;0;0;2;0;0;0;0
"14/05/2016";"21:01:00";"107";"sem vítima";"4,5";"BR-392/RS";"Norte";"Colisão Traseira";1;0;1;0;0;0;0;0;0;0;2;0;0;0;0
"15/05/2016";"04:15:00";"19";"com vítima";"106,3";"BR-392/RS";"Sul";"Abalroamento - Sentido Oposto";1;0;1;0;0;0;0;0;0;0;3;0;1;0;0
"15/05/2016";"04:45:00";"20";"com vítima";"103,5";"BR-392/RS";"Norte";"Saída de Pista";1;0;0;0;0;0;0;0;0;0;0;1;1;0;1
"15/05/2016";"06:38:00";"24";"sem vítima";"1";"BR-392/RS";"Sul";"Saída de Pista";2;0;0;0;0;0;0;0;0;0;2;0;0;0;0
"15/05/2016";"09:41:00";"46";"sem vítima";"107,9";"BR-392/RS";"Norte";"Saída de Pista";0;0;1;0;0;0;0;0;0;0;1;0;0;0;0
"15/05/2016";"15:25:00";"78";"sem vítima";"44";"BR-392/RS";"Norte";"Saída de Pista";0;0;2;0;0;0;0;0;0;0;4;0;0;0;0
"16/05/2016";"19:08:00";"133";"sem vítima";"77,5";"BR-392/RS";"Norte";"Atropelamento - Animal";1;0;0;0;0;0;0;0;0;0;2;0;0;0;0
"18/05/2016";"07:04:00";"23";"sem vítima";"515,3";"BR-116/RS";"Norte";"Colisão Traseira";1;0;0;0;0;0;0;0;0;0;5;0;0;0;0
"19/05/2016";"09:39:00";"47";"sem vítima";"117,8";"BR-392/RS";"Sul";"Abalroamento - Transversal";0;0;3;0;0;0;0;0;0;0;3;0;0;0;0
"19/05/2016";"11:43:00";"62";"sem vítima";"135,1";"BR-392/RS";"Norte";"Atropelamento";2;0;0;0;0;0;0;0;0;0;3;0;0;0;0
"20/05/2016";"01:38:00";"11";"com vítima";"59,6";"BR-392/RS";"Sul";"Colisão com Objeto Fixo";0;0;0;1;0;0;0;0;0;0;0;0;0;1;0
"21/05/2016";"19:29:00";"111";"sem vítima";"26,9";"BR-392/RS";"Sul";"Tombamento";1;0;1;0;0;0;0;0;0;0;3;0;0;0;0
"22/05/2016";"21:24:00";"104";"sem vítima";"95";"BR-392/RS";"Sul";"Saída de Pista";1;0;0;0;0;0;0;0;0;0;5;0;0;0;0
"23/05/2016";"08:00:00";"24";"com vítima";"1,6";"BR-392/RS";"Sul";"Colisão Frontal";0;0;1;0;0;0;0;0;0;0;0;0;1;0;0
"24/05/2016";"02:45:00";"20";"com vítima";"481";"BR-116/RS";"Sul";"Atropelamento";3;0;1;0;0;0;0;0;0;0;4;0;1;0;0
"24/05/2016";"06:26:00";"35";"com vítima";"4,7";"BR-392/RS";"Sul";"Tombamento";1;1;0;0;0;0;0;0;0;0;3;0;1;0;0
"25/05/2016";"07:29:00";"27";"com vítima";"77,7";"BR-392/RS";"Norte";"Saída de Pista";0;1;1;0;0;0;0;0;0;0;1;0;0;1;0
"26/05/2016";"06:10:00";"13";"com vítima";"0,9";"BR-392/RS";"Norte";"Colisão Frontal";0;0;1;1;0;0;0;0;0;0;1;0;0;1;0
"27/05/2016";"01:30:00";"12";"sem vítima";"5,5";"BR-392/RS";"Norte";"Saída de Pista";1;0;0;1;0;0;0;0;0;0;4;0;0;0;0
"27/05/2016";"07:21:00";"21";"com vítima";"2,4";"BR-392/RS";"Sul";"Colisão Traseira";1;0;0;1;0;0;0;0;0;0;2;1;0;0;0
"27/05/2016";"14:44:00";"70";"sem vítima";"525";"BR-116/RS";"Norte";"Colisão Traseira";0;0;2;0;0;0;0;0;0;0;2;0;0;0;0
"27/05/2016";"20:14:00";"106";"sem vítima";"639";"BR-116/RS";"Norte";"Saída de Pista";0;0;1;0;0;0;0;0;0;0;1;0;0;0;0
"28/05/2016";"06:29:00";"24";"sem vítima";"128,8";"BR-392/RS";"Sul";"Colisão Frontal";1;0;0;0;0;0;0;0;0;0;1;0;0;0;0
"28/05/2016";"13:33:00";"54";"com vítima";"103";"BR-392/RS";"Sul";"Tombamento";1;0;0;0;0;0;0;0;0;0;1;1;0;0;0
"28/05/2016";"18:34:00";"83";"sem vítima";"428,5";"BR-116/RS";"Norte";"Atropelamento";1;0;0;0;0;0;0;0;0;0;1;0;0;0;0
"29/05/2016";"06:46:00";"26";"sem vítima";"482,4";"BR-116/RS";"Sul";"Tombamento";2;0;0;0;0;0;0;0;0;0;9;0;0;0;0
"29/05/2016";"11:57:00";"70";"com vítima";"537,1";"BR-116/RS";"Norte";"Saída de Pista";0;0;1;0;0;0;1;0;0;0;1;0;1;0;0
"29/05/2016";"13:19:00";"73";"com vítima";"421";"BR-116/RS";"Norte";"Outros tipos de acidente";0;0;0;1;0;0;0;0;0;0;0;2;0;0;0
"29/05/2016";"19:05:00";"107";"sem vítima";"415,2";"BR-116/RS";"Sul";"Saída de Pista";1;0;1;0;0;0;0;0;0;0;2;0;0;0;0
"30/05/2016";"15:14:00";"85";"com vítima";"73,4";"BR-392/RS";"Sul";"Colisão Traseira";1;0;0;0;0;0;0;0;0;0;1;0;1;1;0
"31/05/2016";"05:49:00";"15";"com vítima";"37,5";"BR-392/RS";"Sul";"Tombamento";2;0;0;0;0;0;0;0;0;0;7;0;1;0;0
"01/06/2016";"07:15:00";"39";"com vítima";"6,5";"BR-392/RS";"Sul";"Abalroamento - Transversal";0;0;0;1;0;0;0;0;0;0;0;2;0;0;0
"02/06/2016";"18:55:00";"129";"sem vítima";"525,5";"BR-116/RS";"Norte";"Colisão Traseira";1;0;1;0;0;0;0;0;0;0;2;0;0;0;0
"03/06/2016";"16:28:00";"84";"com vítima";"114,5";"BR-392/RS";"Sul";"Colisão Traseira";0;0;0;1;0;0;0;0;0;0;0;1;0;0;0
"04/06/2016";"10:51:00";"52";"sem vítima";"400,8";"BR-116/RS";"Norte";"Tombamento";1;0;1;0;0;0;0;0;0;0;2;0;0;0;0
"05/06/2016";"01:14:00";"11";"sem vítima";"177";"BR-392/RS";"Sul";"Saída de Pista";0;0;1;0;1;0;0;0;0;0;34;0;0;0;0
"05/06/2016";"11:42:00";"71";"sem vítima";"33,2";"BR-392/RS";"Norte";"Colisão Traseira";1;0;0;0;0;0;0;0;0;0;1;0;0;0;0
"05/06/2016";"17:01:00";"102";"sem vítima";"33,6";"BR-392/RS";"Sul";"Saída de Pista";1;0;0;0;0;0;0;0;0;0;2;0;0;0;0
"06/06/2016";"05:52:00";"31";"sem vítima";"27";"BR-392/RS";"Sul";"Saída de Pista";1;0;0;0;0;0;0;0;0;0;1;0;0;0;0
"06/06/2016";"11:09:00";"78";"com vítima";"519,5";"BR-116/RS";"Norte";"Abalroamento - Transversal";0;0;1;0;0;1;0;0;0;0;0;2;0;0;0
"06/06/2016";"11:56:00";"85";"sem vítima";"464,8";"BR-116/RS";"Sul";"Abalroamento - Transversal";1;0;0;0;0;0;0;0;0;0;1;0;0;0;0
"09/06/2016";"09:00:00";"60";"com vítima";"9,6";"BR-392/RS";"Sul";"Colisão Traseira";2;0;0;0;0;0;0;0;0;0;2;1;0;0;0
"09/06/2016";"15:14:00";"93";"sem vítima";"526,5";"BR-116/RS";"Norte";"Abalroamento - Transversal";2;0;0;0;0;1;0;0;0;0;4;0;0;0;0
"10/06/2016";"00:51:00";"2";"com vítima";"42,9";"BR-392/RS";"Norte";"Saída de Pista";1;0;1;0;0;0;0;0;0;0;1;0;0;1;0
"10/06/2016";"06:02:00";"25";"com vítima";"140,5";"BR-392/RS";"Norte";"Abalroamento - Transversal";0;0;0;0;1;0;0;0;0;0;10;0;4;0;0
"10/06/2016";"08:54:00";"45";"com vítima";"551";"BR-116/RS";"Sul";"Saída de Pista";2;0;0;0;0;0;0;0;0;0;1;1;0;0;0
"10/06/2016";"18:05:00";"110";"com vítima";"461,4";"BR-116/RS";"Sul";"Abalroamento - Sentido Oposto";1;0;0;0;0;0;0;0;0;0;1;0;0;2;0
"10/06/2016";"18:45:00";"115";"sem vítima";"74";"BR-392/RS";"Norte";"Colisão Traseira";0;0;0;2;0;0;0;0;0;0;2;0;0;0;0
"10/06/2016";"19:21:00";"117";"com vítima";"68";"BR-392/RS";"Norte";"Colisão Traseira";0;0;0;1;0;0;0;0;0;0;0;0;0;1;0
"12/06/2016";"16:01:00";"71";"com vítima";"18";"BR-392/RS";"Sul";"Abalroamento - Transversal";1;0;0;0;0;0;0;0;0;0;0;1;0;0;0
"13/06/2016";"02:57:00";"17";"com vítima";"574,5";"BR-116/RS";"Norte";"Atropelamento - Animal";0;0;1;0;0;1;0;0;0;0;2;1;2;0;0
"13/06/2016";"07:34:00";"35";"sem vítima";"41,5";"BR-392/RS";"Norte";"Saída de Pista";1;0;0;0;1;0;0;0;0;0;42;0;0;0;0
"13/06/2016";"17:56:00";"113";"sem vítima";"2,9";"BR-392/RS";"Norte";"Abalroamento - Transversal";1;0;1;0;0;0;0;0;0;0;2;0;0;0;0
"14/06/2016";"00:22:00";"3";"sem vítima";"43,2";"BR-392/RS";"Sul";"Colisão Traseira";0;0;1;0;0;0;0;0;0;0;1;0;0;0;0
"14/06/2016";"08:30:00";"35";"sem vítima";"486,5";"BR-116/RS";"Norte";"Abalroamento - Sentido Oposto";1;0;0;1;0;0;0;0;0;0;2;0;0;0;0
"15/06/2016";"08:01:00";"33";"sem vítima";"93,7";"BR-392/RS";"Sul";"Saída de Pista";1;0;0;0;0;0;0;0;0;0;1;0;0;0;0
"15/06/2016";"10:04:00";"47";"com vítima";"510,7";"BR-116/RS";"Sul";"Abalroamento - Transversal";1;1;0;0;0;0;0;0;0;0;2;1;0;0;0
"15/06/2016";"11:18:00";"59";"sem vítima";"150";"BR-392/RS";"Sul";"Tombamento";1;0;0;0;0;0;0;0;0;0;4;0;0;0;0
"15/06/2016";"17:38:00";"106";"sem vítima";"529,3";"BR-116/RS";"Norte";"Abalroamento - Transversal";1;0;0;0;0;0;0;0;0;0;2;0;0;0;0
"16/06/2016";"11:52:00";"59";"sem vítima";"123,2";"BR-392/RS";"Norte";"Abalroamento - Transversal";1;0;2;0;0;0;0;0;0;0;3;0;0;0;0
"16/06/2016";"23:43:00";"124";"com vítima";"6,2";"BR-392/RS";"Norte";"Saída de Pista";2;0;0;0;0;0;0;0;0;0;4;1;1;0;0
"17/06/2016";"20:22:00";"125";"com vítima";"5,4";"BR-392/RS";"Sul";"Colisão Frontal";1;0;1;0;0;0;0;0;0;0;3;0;1;1;0
"18/06/2016";"03:00:00";"27";"com vítima";"6,6";"BR-392/RS";"Norte";"Saída de Pista";1;0;0;1;0;0;0;0;0;0;1;1;0;0;0
"18/06/2016";"06:34:00";"36";"sem vítima";"411,1";"BR-116/RS";"Sul";"Abalroamento - Sentido Oposto";0;0;1;0;1;0;0;0;0;0;2;0;0;0;0
"18/06/2016";"06:44:00";"37";"com vítima";"19,2";"BR-392/RS";"Sul";"Tombamento";0;0;0;1;0;0;0;0;0;0;0;0;0;1;0
"18/06/2016";"07:29:00";"39";"com vítima";"7,7";"BR-392/RS";"Norte";"Colisão Frontal";0;0;1;0;0;0;0;0;0;0;0;1;1;0;0
"18/06/2016";"11:05:00";"64";"com vítima";"147,8";"BR-392/RS";"Sul";"Tombamento";1;0;1;0;0;0;0;0;0;0;1;0;0;2;0
"18/06/2016";"19:04:00";"105";"com vítima";"494,6";"BR-116/RS";"Norte";"Colisão Traseira";0;0;0;1;0;0;0;0;0;0;0;0;1;0;0
"19/06/2016";"00:29:00";"3";"sem vítima";"5,5";"BR-392/RS";"Norte";"Saída de Pista";1;0;0;0;0;0;0;0;0;0;2;0;0;0;0
"19/06/2016";"16:49:00";"83";"com vítima";"118,5";"BR-392/RS";"Norte";"Colisão com Objeto Fixo";1;0;0;0;1;0;0;0;0;0;2;2;0;0;0
"19/06/2016";"21:24:00";"99";"sem vítima";"66,8";"BR-392/RS";"Norte";"Abalroamento - Transversal";2;0;0;0;0;0;0;0;0;0;7;0;0;0;0
"21/06/2016";"06:21:00";"32";"com vítima";"7,5";"BR-392/RS";"Norte";"Abalroamento - Transversal";1;0;1;0;0;0;0;0;0;0;1;0;0;3;2