data;horario;n_da_ocorrencia;tipo_de_ocorrencia;km;trecho;sentido;tipo_de_acidente;automovel;bicicleta;caminhao;moto;onibus;outros;tracao_animal;transporte_de_cargas_especiais;trator_maquinas;utilitarios;ilesos;levemente_feridos;moderadamente_feridos;gravemente_feridos;mortos
"24/06/2016";"03:45:00";"10";"sem vítima";"71,9";"BR-392/RS";"Sul";"Saída de Pista";1;0;0;0;0;0;0;0;0;0;1;0;0;0;0
"24/06/2016";"04:32:00";"11";"sem vítima";"526";"BR-116/RS";"Sul";"Saída de Pista";1;0;0;0;0;0;0;0;0;0;2;0;0;0;0
"24/06/2016";"10:59:00";"52";"sem vítima";"4,3";"BR-392/RS";"Norte";"Abalroamento - Transversal";0;0;2;0;0;0;0;0;0;0;3;0;0;0;0
"24/06/2016";"11:16:00";"55";"sem vítima";"521,5";"BR-116/RS";"Norte";"Colisão Traseira";2;0;0;0;0;0;0;0;0;0;9;0;0;0;0
"24/06/2016";"21:32:00";"104";"sem vítima";"5,4";"BR-392/RS";"Norte";"Saída de Pista";1;0;1;0;0;0;0;0;0;0;2;0;0;0;0
"25/06/2016";"06:39:00";"37";"com vítima";"5,4";"BR-392/RS";"Sul";"Colisão Frontal";0;0;0;1;0;0;0;0;0;0;0;0;1;0;0
"25/06/2016";"10:53:00";"56";"com vítima";"1,6";"BR-392/RS";"Sul";"Saída de Pista";0;0;1;0;0;0;0;0;0;0;0;3;0;0;0
"26/06/2016";"06:42:00";"24";"com vítima";"451,5";"BR-116/RS";"Sul";"Outros tipos de acidente";0;0;1;1;0;0;0;0;0;0;1;0;1;0;0
"27/06/2016";"06:57:00";"15";"sem vítima";"522";"BR-116/RS";"Sul";"Tombamento";0;0;1;0;0;0;0;0;0;0;1;0;0;0;0
"27/06/2016";"12:20:00";"67";"com vítima";"64,2";"BR-392/RS";"Norte";"Atropelamento - Animal";1;1;0;0;0;0;0;0;0;0;2;0;0;0;1
"27/06/2016";"16:37:00";"95";"sem vítima";"17,9";"BR-392/RS";"Norte";"Saída de Pista";1;0;2;0;0;0;0;0;0;0;6;0;0;0;0
"28/06/2016";"03:34:00";"11";"sem vítima";"540,9";"BR-116/RS";"Sul";"Colisão com Objeto Fixo";1;0;0;0;0;0;0;0;0;0;2;0;0;0;0
"28/06/2016";"15:10:00";"73";"sem vítima";"13,3";"BR-392/RS";"Sul";"Tombamento";1;0;1;0;0;0;0;0;0;0;4;0;0;0;0
"29/06/2016";"17:36:00";"97";"sem vítima";"451,5";"BR-116/RS";"Norte";"Abalroamento - Transversal";0;0;1;0;0;0;0;0;0;0;1;0;0;0;0
"29/06/2016";"21:36:00";"110";"sem vítima";"66,7";"BR-392/RS";"Sul";"Tombamento";0;0;1;0;0;0;0;0;0;0;1;0;0;0;0
"30/06/2016";"17:59:00";"107";"com vítima";"530,1";"BR-116/RS";"Sul";"Abalroamento - Transversal";0;0;0;1;0;0;0;0;0;0;0;0;1;0;0
"01/07/2016";"19:53:00";"123";"com vítima";"526,4";"BR-116/RS";"Sul";"Colisão Traseira";1;0;1;0;0;0;0;0;0;0;1;0;2;0;0
"02/07/2016";"01:25:00";"8";"com vítima";"134";"BR-392/RS";"Norte";"Saída de Pista";1;0;1;0;0;0;0;0;0;0;1;0;1;0;0
"02/07/2016";"07:51:00";"20";"com vítima";"487,7";"BR-116/RS";"Sul";"Saída de Pista";1;0;0;0;0;0;0;0;0;0;0;1;0;0;0
"03/07/2016";"19:02:00";"112";"sem vítima";"655";"BR-116/RS";"Sul";"Colisão Traseira";0;0;2;0;0;0;0;0;0;0;2;0;0;0;0
"04/07/2016";"08:17:00";"38";"sem vítima";"446,3";"BR-116/RS";"Norte";"Capotamento";1;0;0;0;0;0;0;0;0;0;4;0;0;0;0
"04/07/2016";"17:54:00";"123";"sem vítima";"118";"BR-392/RS";"Norte";"Abalroamento - Transversal";1;0;1;0;0;0;0;0;0;0;3;0;0;0;0
"04/07/2016";"19:25:00";"131";"com vítima";"90";"BR-392/RS";"Sul";"Colisão Traseira";1;0;0;0;0;0;0;0;0;0;0;0;1;0;0
"05/07/2016";"16:23:00";"86";"sem vítima";"519,5";"BR-116/RS";"Sul";"Outros tipos de acidente";1;0;1;0;0;0;0;0;0;0;3;0;0;0;0
"05/07/2016";"22:39:00";"122";"sem vítima";"555,7";"BR-116/RS";"Sul";"Saída de Pista";1;0;1;0;0;0;0;0;0;0;2;0;0;0;0
"06/07/2016";"17:43:00";"93";"com vítima";"109,2";"BR-392/RS";"Norte";"Abalroamento - Mesmo Sentido";1;0;0;0;0;0;0;0;0;0;1;1;0;0;0
"07/07/2016";"11:33:00";"57";"sem vítima";"194,1";"BR-392/RS";"Sul";"Saída de Pista";1;0;1;0;0;0;0;0;0;0;2;0;0;0;0
"08/07/2016";"01:59:00";"14";"sem vítima";"7,2";"BR-392/RS";"Sul";"Colisão Traseira";2;0;0;0;0;0;0;0;0;0;4;0;0;0;0
"08/07/2016";"15:16:00";"113";"com vítima";"7,6";"BR-392/RS";"Norte";"Colisão Traseira";1;0;0;0;0;0;0;0;0;0;0;0;1;0;0
"08/07/2016";"18:38:00";"142";"com vítima";"427";"BR-116/RS";"Norte";"Colisão Frontal";1;0;1;0;0;0;0;0;0;0;1;0;2;0;1
"08/07/2016";"22:20:00";"172";"com vítima";"29,1";"BR-392/RS";"Norte";"Saída de Pista";1;0;0;0;0;0;0;0;0;0;2;1;2;0;0
"09/07/2016";"05:08:00";"15";"sem vítima";"523";"BR-116/RS";"Sul";"Colisão com Objeto Fixo";0;0;1;0;0;0;0;0;0;0;1;0;0;0;0
"09/07/2016";"21:42:00";"113";"sem vítima";"18,3";"BR-392/RS";"Norte";"Atropelamento - Animal";0;0;2;0;0;0;0;0;0;0;2;0;0;0;0
"12/07/2016";"08:05:00";"30";"sem vítima";"519,3";"BR-116/RS";"Norte";"Abalroamento - Transversal";1;0;0;0;0;0;0;0;0;0;1;0;0;0;0
"12/07/2016";"18:27:00";"106";"com vítima";"430,8";"BR-116/RS";"Norte";"Colisão Traseira";1;0;0;1;0;0;0;0;0;0;4;0;1;0;0
"12/07/2016";"22:04:00";"134";"sem vítima";"522";"BR-116/RS";"Norte";"Tombamento";1;0;1;0;0;0;0;0;0;0;2;0;0;0;0
"12/07/2016";"23:58:00";"141";"sem vítima";"613,1";"BR-116/RS";"Sul";"Atropelamento - Animal";2;0;0;0;0;0;0;0;0;0;2;0;0;0;0
"14/07/2016";"09:03:00";"37";"com vítima";"99";"BR-392/RS";"Sul";"Saída de Pista";1;0;0;0;0;0;0;0;0;0;0;1;0;0;0
"14/07/2016";"18:54:00";"100";"com vítima";"523,9";"BR-116/RS";"Norte";"Saída de Pista";1;0;1;0;0;0;0;0;0;0;1;1;0;0;0
"16/07/2016";"17:31:00";"106";"com vítima";"613,5";"BR-116/RS";"Sul";"Tombamento";1;0;0;0;0;0;0;0;0;0;1;2;0;0;0
"16/07/2016";"18:40:00";"114";"sem vítima";"405,5";"BR-116/RS";"Sul";"Atropelamento - Animal";1;0;1;0;0;0;0;0;0;0;2;0;0;0;0
"17/07/2016";"07:00:00";"17";"sem vítima";"480,8";"BR-116/RS";"Sul";"Colisão Traseira";4;0;0;0;0;0;0;0;0;0;8;0;0;0;0
"17/07/2016";"20:11:00";"99";"com vítima";"522";"BR-116/RS";"Norte";"Colisão com Objeto Fixo";0;0;1;0;0;0;0;0;0;0;0;1;0;0;0
"18/07/2016";"00:13:00";"1";"com vítima";"5,4";"BR-392/RS";"Norte";"Saída de Pista";1;0;0;1;0;0;0;0;0;0;4;1;0;0;0
"18/07/2016";"16:02:00";"89";"sem vítima";"414";"BR-116/RS";"Sul";"Saída de Pista";0;0;2;0;0;0;0;0;0;0;2;0;0;0;0
"19/07/2016";"11:25:00";"73";"sem vítima";"472,2";"BR-116/RS";"Norte";"Tombamento";1;0;0;0;0;0;0;0;0;0;1;0;0;0;0
"19/07/2016";"23:29:00";"149";"com vítima";"170,7";"BR-392/RS";"Sul";"Tombamento";1;0;0;1;0;0;0;0;0;0;2;1;0;0;0
"20/07/2016";"12:05:00";"67";"com vítima";"511";"BR-116/RS";"Sul";"Colisão Traseira";0;0;1;0;1;0;0;0;0;0;3;1;0;0;0
"20/07/2016";"19:21:00";"104";"sem vítima";"152";"BR-392/RS";"Sul";"Outros tipos de acidente";2;0;0;0;0;0;0;0;0;0;7;0;0;0;0
"21/07/2016";"18:49:00";"110";"com vítima";"47,1";"BR-392/RS";"Sul";"Saída de Pista";1;0;0;0;0;0;0;0;0;0;0;0;1;0;0
"21/07/2016";"21:45:00";"123";"com vítima";"5";"BR-392/RS";"Sul";"Saída de Pista";1;0;0;0;0;0;0;0;0;0;0;0;2;0;0
"24/07/2016";"13:13:00";"74";"sem vítima";"61,1";"BR-392/RS";"Norte";"Saída de Pista";0;0;2;0;0;0;0;0;0;0;3;0;0;0;0
"25/07/2016";"10:36:00";"44";"sem vítima";"510,8";"BR-116/RS";"Sul";"Abalroamento - Mesmo Sentido";1;0;1;0;0;0;0;0;0;0;2;0;0;0;0
"25/07/2016";"13:00:00";"55";"com vítima";"517";"BR-116/RS";"Sul";"Colisão Traseira";0;0;1;0;0;0;0;0;0;0;0;0;1;0;0
"25/07/2016";"18:23:00";"85";"sem vítima";"523,2";"BR-116/RS";"Norte";"Saída de Pista";1;0;1;0;0;0;0;0;0;0;2;0;0;0;0
"25/07/2016";"21:12:00";"103";"sem vítima";"568,5";"BR-116/RS";"Sul";"Saída de Pista";1;0;1;0;0;0;0;0;0;0;2;0;0;0;0
"26/07/2016";"07:18:00";"17";"com vítima";"482,2";"BR-116/RS";"Sul";"Saída de Pista";2;0;1;0;0;0;0;0;0;0;3;0;1;1;0
"26/07/2016";"13:31:00";"85";"sem vítima";"526,5";"BR-116/RS";"Norte";"Abalroamento - Transversal";2;0;4;0;0;0;0;0;0;0;8;0;0;0;0
"26/07/2016";"21:47:00";"138";"sem vítima";"74,6";"BR-392/RS";"Sul";"Abalroamento - Transversal";1;0;0;1;0;0;0;0;0;0;3;0;0;0;0
"28/07/2016";"06:07:00";"23";"sem vítima";"523";"BR-116/RS";"Sul";"Colisão com Objeto Fixo";2;0;0;0;0;0;0;0;0;0;2;0;0;0;0
"28/07/2016";"15:03:00";"83";"com vítima";"454,9";"BR-116/RS";"Sul";"Colisão Traseira";0;0;0;2;0;0;0;0;0;0;0;1;1;2;0
"29/07/2016";"14:49:00";"76";"sem vítima";"526,8";"BR-116/RS";"Norte";"Abalroamento - Transversal";0;0;2;0;0;0;0;0;0;0;2;0;0;0;0
"29/07/2016";"14:52:00";"77";"sem vítima";"33,8";"BR-392/RS";"Sul";"Saída de Pista";0;0;1;0;0;0;0;0;0;0;1;0;0;0;0
"29/07/2016";"18:16:00";"96";"com vítima";"17,3";"BR-392/RS";"Norte";"Atropelamento - Animal";1;0;0;0;0;0;0;0;0;0;1;0;0;0;1
"31/07/2016";"06:02:00";"28";"com vítima";"420,4";"BR-116/RS";"Sul";"Colisão Frontal";0;0;0;1;0;0;0;0;0;0;0;2;0;0;0
"31/07/2016";"21:05:00";"123";"sem vítima";"26,5";"BR-392/RS";"Norte";"Colisão com Objeto Fixo";1;0;0;0;0;0;0;0;0;0;2;0;0;0;0
"02/08/2016";"02:05:00";"24";"com vítima";"7";"BR-392/RS";"Sul";"Atropelamento de Animal";0;0;1;0;0;0;0;0;0;0;0;1;0;0;0
"02/08/2016";"21:30:00";"180";"com vítima";"501,8";"BR-116/RS";"Sul";"Tombamento";0;0;2;0;0;0;0;0;0;0;1;1;0;0;0
"03/08/2016";"07:33:00";"19";"sem vítima";"197,3";"BR-392/RS";"Sul";"Saída de Pista";1;0;1;0;0;0;0;0;0;0;2;0;0;0;0
"04/08/2016";"00:57:00";"10";"com vítima";"5,4";"BR-392/RS";"Norte";"Saída de Pista";1;0;2;0;0;0;0;0;0;0;2;0;1;1;1
"04/08/2016";"07:20:00";"28";"com vítima";"22,4";"BR-392/RS";"Sul";"Tombamento";2;0;0;0;0;0;0;0;0;0;0;0;0;1;1
"04/08/2016";"13:13:00";"85";"sem vítima";"35,1";"BR-392/RS";"Sul";"Saída de Pista";1;0;0;0;0;0;0;0;0;0;1;0;0;0;0
"05/08/2016";"21:31:00";"182";"sem vítima";"512,5";"BR-116/RS";"Norte";"Tombamento";1;0;0;2;0;0;0;0;0;0;4;0;0;0;0
"06/08/2016";"06:39:00";"18";"sem vítima";"512,5";"BR-116/RS";"Norte";"Saída de Pista";2;0;0;0;0;0;0;0;0;0;3;0;0;0;0
"07/08/2016";"20:29:00";"90";"com vítima";"114,5";"BR-392/RS";"Sul";"Abalr. Transversal";1;0;1;0;0;0;0;0;0;0;1;1;0;0;0
"08/08/2016";"20:26:00";"142";"com vítima";"494,5";"BR-116/RS";"Sul";"Colisão Traseira";1;0;1;0;0;0;0;0;0;0;1;0;2;0;0
"09/08/2016";"09:32:00";"47";"sem vítima";"607,8";"BR-116/RS";"Sul";"Abalr. Transversal";1;0;0;0;0;0;0;0;0;0;2;0;0;0;0
"09/08/2016";"19:46:00";"138";"sem vítima";"450,4";"BR-116/RS";"Sul";"Colisão Traseira";1;0;0;0;0;0;0;0;0;0;2;0;0;0;0
"10/08/2016";"12:40:00";"112";"sem vítima";"8,8";"BR-392/RS";"Norte";"Abalr. Mesmo Sentido";1;0;1;0;0;0;0;0;0;0;4;0;0;0;0
"10/08/2016";"19:28:00";"156";"sem vítima";"14,8";"BR-392/RS";"Sul";"Colisão Traseira";0;0;1;0;0;0;0;0;0;0;1;0;0;0;0
"11/08/2016";"08:27:00";"31";"sem vítima";"42,3";"BR-392/RS";"Sul";"Colisão Traseira";1;0;1;0;0;0;0;0;0;0;3;0;0;0;0
"11/08/2016";"19:24:00";"134";"sem vítima";"504,8";"BR-116/RS";"Sul";"Colisão Traseira";0;0;1;0;0;0;0;0;0;0;1;0;0;0;0
"11/08/2016";"22:37:00";"156";"sem vítima";"119,8";"BR-392/RS";"Sul";"Saída de Pista";1;0;1;0;0;0;0;0;0;0;6;0;0;0;0
"12/08/2016";"22:02:00";"161";"com vítima";"511,2";"BR-116/RS";"Norte";"Colisão com Objeto Fixo";1;0;0;0;0;0;0;0;0;0;0;1;0;0;0
"13/08/2016";"10:50:00";"69";"com vítima";"26,6";"BR-392/RS";"Sul";"Colisão Traseira";2;0;0;0;0;0;0;0;0;0;2;1;0;0;0
"14/08/2016";"09:27:00";"48";"sem vítima";"5,6";"BR-392/RS";"Sul";"Saída de Pista";1;0;0;0;0;0;0;0;0;0;2;0;0;0;0
"14/08/2016";"18:01:00";"120";"sem vítima";"530";"BR-116/RS";"Norte";"Abalr. Transversal";2;0;0;0;0;0;0;0;0;0;6;0;0;0;0
"15/08/2016";"06:36:00";"25";"com vítima";"32";"BR-392/RS";"Sul";"Tombamento";0;0;0;1;0;0;0;0;0;0;1;1;0;0;0
"15/08/2016";"16:16:00";"108";"sem vítima";"44";"BR-392/RS";"Norte";"Saída de Pista";2;0;2;0;0;0;0;0;0;0;5;0;0;0;0
"16/08/2016";"13:15:00";"99";"sem vítima";"61,2";"BR-392/RS";"Sul";"Colisão Traseira";1;0;1;0;0;0;0;0;0;0;4;0;0;0;0
"17/08/2016";"13:24:00";"105";"com vítima";"38,5";"BR-392/RS";"Norte";"Saída de Pista";0;0;0;1;0;0;0;0;0;0;0;0;1;0;0
"17/08/2016";"19:09:00";"152";"sem vítima";"62";"BR-392/RS";"Norte";"Colisão Traseira";1;0;0;0;0;0;0;0;0;0;1;0;0;0;0
"17/08/2016";"22:19:00";"167";"sem vítima";"61";"BR-392/RS";"Sul";"Saída de Pista";1;0;0;1;0;0;0;0;0;0;4;0;0;0;0
"18/08/2016";"00:35:00";"2";"sem vítima";"132,1";"BR-392/RS";"Sul";"Saída de Pista";0;0;1;0;0;0;0;0;0;0;1;0;0;0;0
"18/08/2016";"17:00:00";"126";"sem vítima";"530,1";"BR-116/RS";"Norte";"Abalr. Transversal";0;0;2;0;0;0;0;0;0;0;2;0;0;0;0
"20/08/2016";"06:12:00";"25";"com vítima";"8,6";"BR-392/RS";"Sul";"Saída de Pista";1;0;0;1;0;0;0;0;0;0;2;1;0;0;0
"20/08/2016";"22:18:00";"136";"sem vítima";"501,4";"BR-116/RS";"Norte";"Abalr. Sentido Oposto";1;0;0;0;0;0;0;0;0;0;2;0;0;0;0
"21/08/2016";"13:08:00";"74";"com vítima";"125";"BR-392/RS";"Norte";"Abalr. Transversal";1;0;0;1;0;0;0;0;0;0;0;1;1;0;0
"21/08/2016";"17:37:00";"99";"sem vítima";"541";"BR-116/RS";"Norte";"Colisão com Objeto Fixo";2;0;0;0;0;0;0;0;0;0;2;0;0;0;0
"23/08/2016";"12:27:00";"84";"com vítima";"97,7";"BR-392/RS";"Norte";"Colisão Frontal";0;0;0;1;0;0;0;0;0;0;0;1;0;1;0
"23/08/2016";"22:33:00";"146";"sem vítima";"9,9";"BR-392/RS";"Sul";"Abalr. Transversal";1;0;0;0;0;0;0;0;0;0;1;0;0;0;0
"26/08/2016";"15:01:00";"95";"sem vítima";"622,3";"BR-116/RS";"Sul";"Saída de Pista";0;0;2;0;0;0;0;0;0;0;5;0;0;0;0
"26/08/2016";"22:34:00";"150";"com vítima";"451,7";"BR-116/RS";"Norte";"Abalr. Transversal";1;0;1;0;0;0;0;0;0;0;0;0;0;2;0
"28/08/2016";"05:42:00";"22";"sem vítima";"108";"BR-392/RS";"Norte";"Colisão Traseira";1;0;0;0;0;0;0;0;0;0;1;0;0;0;0
"28/08/2016";"14:33:00";"68";"com vítima";"51,8";"BR-392/RS";"Norte";"Saída de Pista";0;0;0;1;0;0;0;0;0;0;0;2;0;0;0
"28/08/2016";"18:18:00";"85";"com vítima";"563";"BR-116/RS";"Sul";"Abalr. Transversal";1;0;1;0;0;0;0;0;0;0;1;1;0;0;0
"28/08/2016";"23:15:00";"105";"sem vítima";"529,5";"BR-116/RS";"Sul";"Colisão com Objeto Fixo";1;0;1;0;0;0;0;0;0;0;7;0;0;0;0
"29/08/2016";"15:12:00";"96";"com vítima";"481,5";"BR-116/RS";"Sul";"Abalr. Transversal";0;0;0;1;0;0;0;0;0;0;0;1;1;0;0
"30/08/2016";"09:00:00";"39";"com vítima";"7,4";"BR-392/RS";"Sul";"Abalr. Transversal";1;0;1;0;0;0;0;0;0;0;2;1;1;0;0
"30/08/2016";"10:11:00";"68";"sem vítima";"517";"BR-116/RS";"Sul";"Abalr. Transversal";0;0;2;1;0;0;0;0;0;0;3;0;0;0;0
"30/08/2016";"18:40:00";"131";"com vítima";"637";"BR-116/RS";"Norte";"Saída de Pista";1;0;1;0;0;0;0;0;0;0;2;0;0;1;0
"31/08/2016";"20:02:00";"129";"sem vítima";"17,5";"BR-392/RS";"Norte";"Colisão com Objeto Fixo";1;0;2;0;0;0;0;0;0;0;3;0;0;0;0
"01/09/2016";"18:16:00";"98";"com vítima";"31,9";"BR-392/RS";"Norte";"Saída de Pista";0;1;0;1;0;0;0;0;0;0;0;0;2;0;0
"03/09/2016";"01:09:00";"7";"com vítima";"46,2";"BR-392/RS";"Norte";"Saída de Pista";0;1;1;0;0;0;0;0;0;0;1;1;0;0;0
"03/09/2016";"05:32:00";"15";"com vítima";"91";"BR-392/RS";"Norte";"Saída de Pista";1;0;0;0;0;1;0;0;0;0;0;1;0;2;2
"03/09/2016";"13:26:00";"71";"com vítima";"61";"BR-392/RS";"Norte";"Colisão Frontal";0;0;0;1;0;0;0;0;0;0;0;1;0;0;0
"03/09/2016";"16:34:00";"84";"sem vítima";"67";"BR-392/RS";"Sul";"Abalr. Transversal";1;0;0;0;0;0;0;0;0;0;1;0;0;0;0
"03/09/2016";"17:41:00";"95";"com vítima";"530";"BR-116/RS";"Norte";"Abalr. Transversal";0;0;0;2;0;0;0;0;0;0;1;0;1;0;0
"03/09/2016";"19:37:00";"104";"com vítima";"490,7";"BR-116/RS";"Norte";"Colisão Traseira";0;0;0;1;0;0;0;0;0;0;0;0;1;0;0
"05/09/2016";"11:13:00";"82";"sem vítima";"571,5";"BR-116/RS";"Sul";"Saída de Pista";1;0;0;0;0;0;0;0;0;0;1;0;0;0;0
"05/09/2016";"20:50:00";"148";"sem vítima";"72,1";"BR-392/RS";"Sul";"Colisão Traseira";1;0;1;0;0;0;0;0;0;0;2;0;0;0;0
"06/09/2016";"00:29:00";"5";"com vítima";"493,3";"BR-116/RS";"Norte";"Outros tipos de acidente";1;0;0;0;0;0;0;0;0;0;0;1;0;0;0
"06/09/2016";"17:08:00";"135";"sem vítima";"510,7";"BR-116/RS";"Sul";"Abalr. Transversal";1;0;0;0;0;0;0;0;0;0;1;0;0;0;0
"07/09/2016";"07:06:00";"20";"com vítima";"65,5";"BR-392/RS";"Norte";"Abalr. Transversal";1;0;0;1;0;0;0;0;0;0;1;1;0;0;0
"08/09/2016";"18:57:00";"110";"com vítima";"12";"BR-392/RS";"Sul";"Atropelamento";1;0;0;0;0;0;0;0;0;0;1;0;0;1;0
"10/09/2016";"07:08:00";"22";"com vítima";"526,5";"BR-116/RS";"Sul";"Tombamento";1;0;0;0;0;0;0;0;0;0;0;1;0;1;0
"11/09/2016";"14:32:00";"83";"sem vítima";"449,3";"BR-116/RS";"Sul";"Saída de Pista";0;0;1;0;0;0;0;0;0;0;1;0;0;0;0
"12/09/2016";"03:19:00";"11";"com vítima";"430,4";"BR-116/RS";"Sul";"Colisão com Objeto Fixo";0;0;0;1;0;0;0;0;0;0;0;1;0;0;0
"13/09/2016";"08:20:00";"45";"com vítima";"526,7";"BR-116/RS";"Norte";"Colisão Traseira";1;0;0;0;0;0;0;0;0;0;0;0;0;1;0
"14/09/2016";"07:44:00";"46";"sem vítima";"418,9";"BR-116/RS";"Sul";"Saída de Pista";0;0;1;0;0;0;0;0;0;0;1;0;0;0;0
"14/09/2016";"12:39:00";"115";"com vítima";"454,4";"BR-116/RS";"Sul";"Colisão Traseira";0;0;2;0;0;0;0;0;0;0;1;1;0;0;0
"17/09/2016";"07:44:00";"28";"com vítima";"126,3";"BR-392/RS";"Norte";"Saída de Pista";2;0;0;0;0;0;0;0;0;0;1;0;1;0;0
"18/09/2016";"08:43:00";"46";"com vítima";"98,3";"BR-392/RS";"Sul";"Colisão Frontal";2;0;0;0;0;0;0;0;0;0;2;0;4;0;0
"19/09/2016";"06:21:00";"14";"com vítima";"474,7";"BR-116/RS";"Sul";"Colisão Frontal";0;1;0;1;0;0;0;0;0;0;0;0;2;0;0
"20/09/2016";"15:29:00";"59";"com vítima";"119,9";"BR-392/RS";"Norte";"Tombamento";1;0;0;0;0;0;0;0;0;0;0;1;0;0;0
"21/09/2016";"00:33:00";"2";"sem vítima";"5,1";"BR-392/RS";"Norte";"Abalr. Mesmo Sentido";1;0;0;0;0;0;0;0;0;0;1;0;0;0;0
"21/09/2016";"08:06:00";"40";"sem vítima";"0,5";"BR-392/RS";"Sul";"Saída de Pista";2;0;0;0;0;0;0;0;0;0;5;0;0;0;0
"23/09/2016";"21:02:00";"133";"sem vítima";"413,2";"BR-116/RS";"Norte";"Colisão Frontal";1;0;0;0;0;0;0;0;0;0;1;0;0;0;0
"27/09/2016";"23:42:00";"139";"com vítima";"615";"BR-116/RS";"Sul";"Colisão Traseira";1;0;0;1;0;0;0;0;0;0;1;1;0;0;0
"28/09/2016";"15:31:00";"100";"com vítima";"56,9";"BR-392/RS";"Norte";"Saída de Pista";1;0;0;1;0;0;0;0;0;0;1;1;0;0;0
"29/09/2016";"00:42:00";"3";"sem vítima";"7,8";"BR-392/RS";"Norte";"Tombamento";0;0;2;0;0;0;0;0;0;0;2;0;0;0;0
"29/09/2016";"03:56:00";"15";"com vítima";"5,2";"BR-392/RS";"Norte";"Colisão Traseira";3;0;0;0;0;0;0;0;0;0;6;1;0;0;0
"29/09/2016";"12:59:00";"96";"sem vítima";"582";"BR-116/RS";"Norte";"Colisão Traseira";2;0;0;0;0;0;0;0;0;0;6;0;0;0;0
"29/09/2016";"19:16:00";"126";"com vítima";"35";"BR-392/RS";"Sul";"Outros tipos de acidente";1;0;0;0;0;0;0;0;0;0;0;3;0;0;0
"29/09/2016";"19:29:00";"129";"sem vítima";"37";"BR-392/RS";"Sul";"Outros tipos de acidente";2;0;0;0;0;0;0;0;0;0;5;0;0;0;0
"30/09/2016";"07:56:00";"29";"sem vítima";"88,9";"BR-392/RS";"Norte";"Abalr. Transversal";1;0;0;0;0;0;0;0;0;0;1;0;0;0;0
"30/09/2016";"22:03:00";"123";"sem vítima";"540,5";"BR-116/RS";"Sul";"Capotamento";1;0;0;0;0;0;0;0;0;0;2;0;0;0;0
"01/10/2016";"11:41:00";"59";"com vítima";"27,4";"BR-392/RS";"Sul";"Saída de Pista";1;0;0;0;0;0;0;0;0;0;0;0;1;0;0
"01/10/2016";"13:51:00";"67";"com vítima";"490,6";"BR-116/RS";"Sul";"Abalr. Transversal";1;0;0;1;0;0;0;0;0;0;1;0;0;1;0
"02/10/2016";"04:56:00";"11";"sem vítima";"485,8";"BR-116/RS";"Sul";"Abalr. Transversal";0;0;0;0;1;0;0;0;0;0;22;0;0;0;0
"03/10/2016";"08:24:00";"39";"com vítima";"526,5";"BR-116/RS";"Sul";"Colisão Traseira";0;0;1;2;0;0;0;0;0;0;2;0;0;0;1
"03/10/2016";"22:10:00";"131";"com vítima";"519,3";"BR-116/RS";"Sul";"Abalr. Transversal";0;0;2;0;0;0;0;0;0;0;0;0;2;0;0
"04/10/2016";"06:10:00";"21";"sem vítima";"637,3";"BR-116/RS";"Norte";"Saída de Pista";1;0;0;0;0;0;0;0;0;0;1;0;0;0;0
"04/10/2016";"08:33:00";"36";"com vítima";"656,1";"BR-116/RS";"Sul";"Saída de Pista";1;0;1;0;0;0;0;0;0;0;2;0;2;0;0
"04/10/2016";"15:00:00";"108";"sem vítima";"427";"BR-116/RS";"Sul";"Abalr. Transversal";1;0;1;0;0;0;0;0;0;0;2;0;0;0;0
"04/10/2016";"16:41:00";"118";"com vítima";"20,1";"BR-392/RS";"Norte";"Abalr. Mesmo Sentido";0;0;0;1;0;0;0;0;0;0;0;0;1;0;0
"04/10/2016";"18:34:00";"130";"sem vítima";"66,9";"BR-392/RS";"Sul";"Abalr. Transversal";1;0;1;0;0;0;0;0;0;0;2;0;0;0;0
"06/10/2016";"16:53:00";"74";"sem vítima";"531,9";"BR-116/RS";"Sul";"Saída de Pista";0;0;1;0;0;0;0;0;0;0;1;0;0;0;0
"07/10/2016";"10:41:00";"44";"sem vítima";"52,4";"BR-392/RS";"Sul";"Tombamento";0;0;1;0;0;0;0;0;0;0;1;0;0;0;0
"07/10/2016";"17:52:00";"82";"sem vítima";"612";"BR-116/RS";"Sul";"Abalr. Transversal";2;0;0;0;0;0;0;0;0;0;5;0;0;0;0
"08/10/2016";"14:35:00";"99";"com vítima";"400,7";"BR-116/RS";"Norte";"Tombamento";0;0;1;0;0;0;0;0;0;0;1;0;0;1;0
"10/10/2016";"06:51:00";"22";"sem vítima";"522,9";"BR-116/RS";"Norte";"Abalr. Transversal";1;0;0;0;0;0;0;0;0;0;3;0;0;0;0
"10/10/2016";"19:12:00";"150";"com vítima";"529,2";"BR-116/RS";"Sul";"Abalr. Transversal";1;0;0;0;0;0;0;0;0;0;0;3;0;0;0
"13/10/2016";"06:40:00";"19";"com vítima";"404,7";"BR-116/RS";"Sul";"Saída de Pista";1;0;0;1;0;0;0;0;0;0;2;0;1;0;0
"13/10/2016";"08:37:00";"32";"sem vítima";"478,9";"BR-116/RS";"Sul";"Saída de Pista";1;0;0;0;0;0;0;0;0;0;1;0;0;0;0