data;horario;n_da_ocorrencia;tipo_de_ocorrencia;km;trecho;sentido;tipo_de_acidente;automovel;bicicleta;caminhao;moto;onibus;outros;tracao_animal;transporte_de_cargas_especiais;trator_maquinas;utilitarios;ilesos;levemente_feridos;moderadamente_feridos;gravemente_feridos;mortos
"18/03/2019";"04:51:00";"8";"com vítima";"554,3";"BR-116/RS";"Norte";"Atropelamento de Animal";0;0;0;1;0;0;0;0;0;0;0;0;1;0;0
"21/03/2019";"18:20:00";"120";"com vítima";"71,3";"BR-392/RS";"Norte";"Colisão Traseira";1;0;0;1;0;0;0;0;0;0;1;0;0;0;1
"22/03/2019";"20:34:00";"127";"com vítima";"90,5";"BR-392/RS";"Sul";"Colisão Frontal";1;0;1;0;0;0;0;0;0;0;1;0;0;1;0
"22/03/2019";"21:54:00";"134";"com vítima";"11,9";"BR-392/RS";"Sul";"Atropelamento";1;0;0;0;0;0;0;0;0;0;1;0;0;0;1
"24/03/2019";"00:03:00";"1";"com vítima";"658,5";"BR-116/RS";"Sul";"Colisão Traseira";0;0;0;1;0;1;0;0;0;0;1;0;0;1;0
"24/03/2019";"19:06:00";"86";"com vítima";"60,4";"BR-392/RS";"Sul";"Colisão Traseira";1;0;0;1;0;0;0;0;0;0;4;1;0;0;0
"24/03/2019";"23:14:00";"115";"sem vítima";"5,3";"BR-392/RS";"Norte";"Abalr. Transversal";2;0;0;0;0;0;0;0;0;0;3;0;0;0;0
"25/03/2019";"07:13:00";"21";"com vítima";"514,1";"BR-116/RS";"Sul";"Colisão com Objeto Fixo";1;0;0;0;0;0;0;0;0;0;0;0;1;0;0
"25/03/2019";"17:26:00";"104";"sem vítima";"36";"BR-392/RS";"Sul";"Colisão Traseira";1;0;2;0;0;0;0;0;0;0;3;0;0;0;0
"26/03/2019";"12:48:00";"72";"com vítima";"90,5";"BR-392/RS";"Sul";"Colisão Frontal";2;0;0;0;0;0;0;0;0;0;0;0;1;0;1
"27/03/2019";"18:18:00";"123";"sem vítima";"519";"BR-116/RS";"Sul";"Saída de Pista";1;0;0;0;0;0;0;0;0;0;1;0;0;0;0
"28/03/2019";"02:44:00";"8";"com vítima";"9";"BR-392/RS";"Sul";"Colisão Traseira";0;0;3;0;0;0;0;0;0;0;0;2;1;0;0
"28/03/2019";"11:01:00";"48";"sem vítima";"79,3";"BR-392/RS";"Sul";"Tombamento";0;0;1;0;0;0;0;0;0;0;1;0;0;0;0
"29/03/2019";"03:04:00";"11";"com vítima";"115,7";"BR-392/RS";"Norte";"Colisão Frontal";0;0;1;1;0;0;0;0;0;0;1;0;0;2;0
"29/03/2019";"11:35:00";"79";"com vítima";"67";"BR-392/RS";"Norte";"Abalr. Transversal";0;0;1;1;0;0;0;0;0;0;1;1;0;0;0
"29/03/2019";"19:22:00";"146";"com vítima";"88,6";"BR-392/RS";"Norte";"Colisão Traseira";1;0;0;2;0;0;0;0;0;0;2;0;0;1;0
"29/03/2019";"20:21:00";"150";"com vítima";"493,9";"BR-116/RS";"Sul";"Saída de Pista";1;0;0;0;0;0;0;0;0;0;0;1;0;0;0
"29/03/2019";"21:26:00";"157";"com vítima";"521";"BR-116/RS";"Sul";"Abalr. Transversal";1;0;0;1;0;0;0;0;0;0;2;1;0;0;0
"30/03/2019";"00:32:00";"2";"com vítima";"66,5";"BR-392/RS";"Norte";"Abalr. Transversal";1;0;1;0;0;0;0;0;0;0;7;0;1;0;0
"30/03/2019";"07:17:00";"17";"com vítima";"26,6";"BR-392/RS";"Sul";"Saída de Pista";1;0;0;0;0;0;0;0;0;0;1;0;1;0;0
"30/03/2019";"08:10:00";"27";"com vítima";"513,9";"BR-116/RS";"Sul";"Abalr. Transversal";0;0;1;1;0;0;0;0;0;0;1;1;0;0;0
"30/03/2019";"14:35:00";"82";"com vítima";"507,4";"BR-116/RS";"Sul";"Colisão Frontal";1;0;1;0;1;0;0;0;0;0;12;0;2;1;0
"30/03/2019";"20:12:00";"106";"com vítima";"530,8";"BR-116/RS";"Norte";"Atropelamento";2;0;0;0;0;0;0;0;0;0;2;0;0;0;1
"04/04/2019";"18:54:00";"141";"com vítima";"41";"BR-392/RS";"Norte";"Colisão Traseira";0;1;0;1;0;0;0;0;0;0;1;1;0;0;0
"04/04/2019";"20:06:00";"148";"com vítima";"4,9";"BR-392/RS";"Norte";"Colisão Traseira";1;0;1;0;0;0;0;0;0;0;1;0;1;0;0
"04/04/2019";"22:36:00";"160";"sem vítima";"17,7";"BR-392/RS";"Norte";"Saída de Pista";1;0;0;0;0;0;0;0;0;0;2;0;0;0;0
"06/04/2019";"19:17:00";"92";"sem vítima";"57,4";"BR-392/RS";"Sul";"Atropelamento de Animal";1;0;0;0;0;0;0;0;0;0;5;0;0;0;0
"06/04/2019";"19:33:00";"95";"sem vítima";"530,8";"BR-116/RS";"Norte";"Abalr. Transversal";2;0;0;0;0;0;0;0;0;0;4;0;0;0;0
"07/04/2019";"00:18:00";"4";"com vítima";"66,9";"BR-392/RS";"Sul";"Abalr. Transversal";1;0;0;1;0;0;0;0;0;0;3;1;0;1;0
"07/04/2019";"18:57:00";"103";"com vítima";"47,4";"BR-392/RS";"Norte";"Atropelamento";0;0;0;0;0;0;0;0;0;1;2;0;1;0;0
"07/04/2019";"20:49:00";"112";"com vítima";"530,1";"BR-116/RS";"Sul";"Abalr. Transversal";1;0;0;1;0;0;0;0;0;0;1;0;2;0;0
"08/04/2019";"16:30:00";"131";"com vítima";"58,4";"BR-392/RS";"Sul";"Tombamento";0;0;2;1;0;0;0;0;0;0;2;2;0;0;0
"08/04/2019";"21:28:00";"180";"sem vítima";"487,5";"BR-116/RS";"Sul";"Colisão Frontal";0;0;2;0;0;0;0;0;0;0;2;0;0;0;0
"11/04/2019";"08:04:00";"38";"com vítima";"131,1";"BR-392/RS";"Sul";"Saída de Pista";0;0;1;0;0;0;0;0;0;0;0;0;1;0;0
"11/04/2019";"17:31:00";"89";"com vítima";"516,6";"BR-116/RS";"Sul";"Atropelamento";0;1;0;0;1;0;0;0;0;0;1;1;0;0;0
"13/04/2019";"01:41:00";"9";"com vítima";"112,4";"BR-392/RS";"Sul";"Colisão Frontal";0;0;1;1;0;0;0;0;0;0;1;0;0;0;1
"13/04/2019";"08:05:00";"25";"sem vítima";"600";"BR-116/RS";"Norte";"Saída de Pista";1;0;0;0;0;0;0;0;0;0;3;0;0;0;0
"13/04/2019";"15:14:00";"74";"com vítima";"189,1";"BR-392/RS";"Sul";"Abalr. Transversal";1;0;1;0;0;0;0;0;0;0;1;3;0;0;0
"14/04/2019";"00:56:00";"1";"com vítima";"440,2";"BR-116/RS";"Norte";"Saída de Pista";0;0;0;0;1;0;0;0;0;0;30;9;2;1;2
"14/04/2019";"06:45:00";"16";"com vítima";"471,3";"BR-116/RS";"Norte";"Saída de Pista";0;0;0;1;0;0;0;0;0;0;1;0;1;0;0
"16/04/2019";"07:41:00";"21";"sem vítima";"43,2";"BR-392/RS";"Sul";"Tombamento";1;0;0;0;0;0;0;0;0;0;2;0;0;0;0
"17/04/2019";"00:09:00";"1";"sem vítima";"27";"BR-392/RS";"Norte";"Atropelamento de Animal";0;0;1;0;0;0;0;0;0;0;1;0;0;0;0
"17/04/2019";"16:16:00";"109";"sem vítima";"6,8";"BR-392/RS";"Sul";"Saída de Pista";1;0;0;0;0;0;0;0;0;0;1;0;0;0;0
"17/04/2019";"19:35:00";"127";"com vítima";"529";"BR-116/RS";"Norte";"Abalr. Transversal";0;0;2;0;0;0;0;0;0;0;1;0;1;0;0
"20/04/2019";"21:50:00";"130";"com vítima";"516,2";"BR-116/RS";"Norte";"Atropelamento de Animal";0;0;0;1;0;0;0;0;0;0;0;1;0;0;0
"21/04/2019";"14:12:00";"62";"com vítima";"575";"BR-116/RS";"Norte";"Capotamento";1;0;0;0;0;0;0;0;0;0;1;0;1;0;0
"21/04/2019";"17:30:00";"83";"com vítima";"495,9";"BR-116/RS";"Norte";"Saída de Pista";1;0;0;0;0;0;0;0;0;0;0;2;2;0;0
"21/04/2019";"18:37:00";"90";"sem vítima";"34,9";"BR-392/RS";"Sul";"Atropelamento de Animal";1;0;0;0;0;0;0;0;0;0;5;0;0;0;0
"22/04/2019";"14:00:00";"62";"sem vítima";"116,4";"BR-392/RS";"Norte";"Colisão Traseira";1;0;1;0;0;0;0;0;0;0;2;0;0;0;0
"24/04/2019";"18:35:00";"118";"com vítima";"428";"BR-116/RS";"Norte";"Abalr. Transversal";1;0;0;1;0;0;0;0;0;0;1;0;1;0;0
"25/04/2019";"18:39:00";"119";"com vítima";"572,1";"BR-116/RS";"Norte";"Colisão Frontal";2;0;0;0;0;0;0;0;0;0;0;0;3;0;0
"26/04/2019";"07:45:00";"27";"com vítima";"4,7";"BR-392/RS";"Norte";"Abalr. Transversal";1;0;0;1;0;0;0;0;0;0;1;1;0;0;0
"26/04/2019";"19:06:00";"96";"com vítima";"28";"BR-392/RS";"Norte";"Atropelamento";1;1;0;0;0;0;0;0;0;0;1;0;0;1;0
"26/04/2019";"19:52:00";"103";"sem vítima";"18";"BR-392/RS";"Sul";"Abalr. Transversal";2;0;0;0;0;0;0;0;0;0;7;0;0;0;0
"26/04/2019";"21:07:00";"116";"sem vítima";"12";"BR-392/RS";"Norte";"Colisão Traseira";0;0;2;0;0;0;0;0;0;0;2;0;0;0;0
"30/04/2019";"17:44:00";"102";"sem vítima";"488,5";"BR-116/RS";"Norte";"Saída de Pista";0;0;1;0;0;0;0;0;0;0;1;0;0;0;0
"02/05/2019";"06:39:00";"17";"com vítima";"43,9";"BR-392/RS";"Sul";"Colisão Traseira";1;0;1;1;0;0;0;0;0;0;1;1;1;0;0
"03/05/2019";"17:51:00";"103";"com vítima";"526,8";"BR-116/RS";"Norte";"Abalr. Transversal";1;1;0;0;0;0;0;0;0;0;1;1;0;0;0
"04/05/2019";"16:58:00";"51";"sem vítima";"107,3";"BR-392/RS";"Norte";"Abalr. Transversal";1;0;1;0;0;0;0;0;0;0;5;0;0;0;0
"05/05/2019";"05:16:00";"7";"com vítima";"24,7";"BR-392/RS";"Sul";"Tombamento";0;0;0;1;0;0;0;0;0;0;0;1;0;0;0
"05/05/2019";"12:05:00";"53";"com vítima";"427";"BR-116/RS";"Sul";"Abalr. Transversal";1;0;0;1;0;0;0;0;0;0;1;0;1;0;0
"05/05/2019";"18:15:00";"81";"sem vítima";"122,3";"BR-392/RS";"Sul";"Abalr. Mesmo Sentido";2;0;0;0;0;0;0;0;0;0;3;0;0;0;0
"06/05/2019";"11:14:00";"74";"com vítima";"66,9";"BR-392/RS";"Sul";"Abalr. Transversal";1;0;0;1;0;0;0;0;0;0;1;1;0;0;0
"06/05/2019";"13:33:00";"82";"com vítima";"4,1";"BR-392/RS";"Sul";"Abalr. Transversal";1;0;0;1;0;0;0;0;0;0;1;1;0;0;0
"06/05/2019";"17:09:00";"97";"sem vítima";"521";"BR-116/RS";"Sul";"Abalr. Transversal";2;0;0;0;0;0;0;0;0;0;3;0;0;0;0
"08/05/2019";"19:52:00";"110";"sem vítima";"562,9";"BR-116/RS";"Sul";"Colisão Frontal";0;0;1;0;1;0;0;0;0;0;29;0;0;0;0
"08/05/2019";"23:34:00";"137";"com vítima";"94,1";"BR-392/RS";"Norte";"Saída de Pista";0;0;0;1;0;0;0;0;0;0;0;0;2;0;0
"09/05/2019";"13:31:00";"52";"com vítima";"44,2";"BR-392/RS";"Sul";"Abalr. Mesmo Sentido";1;0;0;1;0;0;0;0;0;0;2;0;1;0;0
"10/05/2019";"16:02:00";"108";"com vítima";"38";"BR-392/RS";"Norte";"Tombamento";0;0;0;1;0;0;0;0;0;0;0;1;0;0;0
"10/05/2019";"18:36:00";"124";"com vítima";"8,9";"BR-392/RS";"Norte";"Abalr. Mesmo Sentido";0;1;0;1;0;0;0;0;0;0;1;1;0;0;0
"10/05/2019";"20:28:00";"139";"com vítima";"142,5";"BR-392/RS";"Norte";"Tombamento";0;0;1;0;0;0;0;0;0;0;0;0;1;0;0
"10/05/2019";"21:22:00";"147";"com vítima";"407";"BR-116/RS";"Sul";"Abalr. Mesmo Sentido";2;0;0;0;0;0;0;0;0;0;3;1;0;0;0
"11/05/2019";"20:01:00";"101";"sem vítima";"32,2";"BR-392/RS";"Sul";"Capotamento";1;0;0;0;0;0;0;0;0;0;1;0;0;0;0
"11/05/2019";"20:35:00";"103";"com vítima";"84,5";"BR-392/RS";"Norte";"Colisão com Objeto Fixo";0;0;0;1;0;0;0;0;0;0;0;0;1;0;0
"13/05/2019";"00:08:00";"1";"com vítima";"528,3";"BR-116/RS";"Norte";"Colisão Traseira";2;0;0;0;0;0;0;0;0;0;3;1;0;0;0
"13/05/2019";"06:18:00";"17";"com vítima";"521,3";"BR-116/RS";"Sul";"Colisão Traseira";2;0;1;0;0;0;0;0;0;0;2;1;0;0;0
"14/05/2019";"18:42:00";"85";"com vítima";"27,2";"BR-392/RS";"Norte";"Atropelamento";0;1;1;0;0;0;0;0;0;0;1;0;0;0;1
"16/05/2019";"00:48:00";"3";"sem vítima";"8,9";"BR-392/RS";"Sul";"Abalr. Transversal";0;0;1;0;0;1;0;0;0;0;2;0;0;0;0
"16/05/2019";"16:17:00";"90";"com vítima";"110,9";"BR-392/RS";"Norte";"Abalr. Transversal";1;0;1;0;0;0;0;0;0;0;1;0;1;0;0
"16/05/2019";"16:23:00";"91";"sem vítima";"34,7";"BR-392/RS";"Norte";"Abalr. Mesmo Sentido";2;0;0;0;0;0;0;0;0;0;2;0;0;0;0
"16/05/2019";"22:20:00";"133";"com vítima";"18";"BR-392/RS";"Sul";"Abalr. Transversal";2;0;0;0;0;0;0;0;0;0;1;0;1;0;0
"18/05/2019";"18:01:00";"92";"com vítima";"529,3";"BR-116/RS";"Norte";"Colisão Frontal";1;0;0;1;0;0;0;0;0;0;1;0;0;2;0
"19/05/2019";"04:57:00";"13";"com vítima";"16,5";"BR-392/RS";"Sul";"Colisão Frontal";1;0;1;0;0;0;0;0;0;0;1;0;2;0;0
"19/05/2019";"21:39:00";"160";"sem vítima";"5,5";"BR-392/RS";"Norte";"Saída de Pista";1;0;0;0;0;0;0;0;0;0;2;0;0;0;0
"20/05/2019";"03:39:00";"5";"sem vítima";"568,2";"BR-116/RS";"Norte";"Atropelamento de Animal";1;0;0;0;0;0;0;0;0;0;3;0;0;0;0
"21/05/2019";"07:35:00";"17";"com vítima";"411,4";"BR-116/RS";"Norte";"Saída de Pista";0;0;1;0;0;0;0;0;0;0;1;0;1;0;0
"21/05/2019";"11:04:00";"49";"com vítima";"12,5";"BR-392/RS";"Sul";"Saída de Pista";1;0;2;0;0;0;0;0;0;0;2;0;0;1;0
"22/05/2019";"15:31:00";"105";"com vítima";"521";"BR-116/RS";"Sul";"Colisão Traseira";1;0;0;1;0;0;0;0;0;0;1;1;0;0;0
"23/05/2019";"19:25:00";"137";"com vítima";"433,4";"BR-116/RS";"Sul";"Colisão Frontal";1;0;1;0;1;0;0;0;0;0;16;10;3;1;1
"26/05/2019";"05:47:00";"9";"com vítima";"71,2";"BR-392/RS";"Norte";"Saída de Pista";1;0;0;0;0;0;0;0;0;0;1;1;0;0;0
"26/05/2019";"07:48:00";"18";"com vítima";"65,2";"BR-392/RS";"Norte";"Tombamento";0;0;0;1;0;0;0;0;0;0;0;0;2;0;0
"26/05/2019";"07:55:00";"19";"com vítima";"71,6";"BR-392/RS";"Norte";"Saída de Pista";0;0;0;0;0;1;0;0;0;0;0;1;0;0;0
"26/05/2019";"11:22:00";"34";"com vítima";"530,1";"BR-116/RS";"Sul";"Abalr. Transversal";1;0;0;1;0;0;0;0;0;0;0;2;1;0;0
"27/05/2019";"01:48:00";"3";"com vítima";"514";"BR-116/RS";"Norte";"Tombamento";1;1;0;0;0;0;0;0;0;0;1;0;1;0;0
"27/05/2019";"08:40:00";"54";"sem vítima";"5,6";"BR-392/RS";"Norte";"Colisão Traseira";2;0;0;0;0;0;0;0;0;0;2;0;0;0;0
"30/05/2019";"21:59:00";"123";"sem vítima";"639,1";"BR-116/RS";"Norte";"Atropelamento de Animal";1;0;0;0;0;0;0;0;0;0;2;0;0;0;0
"01/06/2019";"19:51:00";"98";"com vítima";"19,4";"BR-392/RS";"Sul";"Colisão Traseira";1;0;0;0;0;0;1;0;0;0;1;1;0;0;0
"04/06/2019";"07:57:00";"30";"com vítima";"525,5";"BR-116/RS";"Norte";"Colisão Traseira";0;0;1;0;1;1;0;0;0;0;21;1;1;0;0
"06/06/2019";"18:30:00";"95";"sem vítima";"525,2";"BR-116/RS";"Sul";"Colisão Traseira";3;0;0;0;0;0;0;0;0;0;6;0;0;0;0
"07/06/2019";"23:46:00";"149";"com vítima";"512,4";"BR-116/RS";"Norte";"Tombamento";0;1;0;0;0;0;0;0;0;0;0;0;1;0;0
"08/06/2019";"15:55:00";"93";"com vítima";"530,2";"BR-116/RS";"Norte";"Abalr. Transversal";1;0;0;1;0;0;0;0;0;0;1;1;0;0;0
"08/06/2019";"17:08:00";"100";"com vítima";"521";"BR-116/RS";"Norte";"Abalr. Transversal";1;0;0;1;0;0;0;0;0;0;2;0;1;0;0
"10/06/2019";"06:03:00";"24";"com vítima";"516,5";"BR-116/RS";"Norte";"Tombamento";0;0;0;1;0;0;0;0;0;0;0;0;1;0;0
"10/06/2019";"07:03:00";"27";"com vítima";"7,9";"BR-392/RS";"Norte";"Colisão Traseira";1;0;0;1;0;0;0;0;0;0;1;1;0;0;0
"10/06/2019";"09:16:00";"39";"com vítima";"9";"BR-392/RS";"Norte";"Tombamento";0;0;0;1;0;0;0;0;0;0;0;1;0;0;0
"10/06/2019";"17:20:00";"87";"com vítima";"530,5";"BR-116/RS";"Sul";"Abalr. Transversal";1;0;0;1;0;0;0;0;0;0;1;0;1;0;0
"11/06/2019";"21:29:00";"124";"com vítima";"9,3";"BR-392/RS";"Norte";"Colisão Frontal";0;0;3;0;0;0;0;0;0;0;2;0;0;1;0
"12/06/2019";"04:33:00";"5";"sem vítima";"49,1";"BR-392/RS";"Norte";"Colisão com Objeto Fixo";1;0;0;0;0;0;0;0;0;0;2;0;0;0;0
"12/06/2019";"07:43:00";"17";"com vítima";"83";"BR-392/RS";"Norte";"Abalr. Transversal";1;0;0;1;0;0;0;0;0;0;1;0;1;0;0
"12/06/2019";"18:51:00";"94";"com vítima";"626";"BR-116/RS";"Sul";"Abalr. Transversal";1;0;1;0;0;0;0;0;0;0;1;1;0;0;0
"14/06/2019";"21:22:00";"111";"com vítima";"119,5";"BR-392/RS";"Sul";"Saída de Pista";0;0;1;0;0;0;0;0;0;0;0;0;2;1;0
"15/06/2019";"10:03:00";"58";"com vítima";"5,5";"BR-392/RS";"Norte";"Saída de Pista";1;0;0;0;0;0;0;0;0;0;0;1;0;0;0
"15/06/2019";"19:22:00";"127";"com vítima";"52,9";"BR-392/RS";"Norte";"Colisão Frontal";1;0;0;1;0;0;0;0;0;0;1;2;2;0;0
"17/06/2019";"03:26:00";"10";"com vítima";"657,5";"BR-116/RS";"Sul";"Saída de Pista";1;0;0;0;0;0;0;0;0;0;0;0;1;0;0
"17/06/2019";"19:28:00";"91";"com vítima";"612,1";"BR-116/RS";"Sul";"Abalr. Transversal";1;0;0;1;0;0;0;0;0;0;1;0;1;0;0
"18/06/2019";"06:42:00";"12";"com vítima";"4,3";"BR-392/RS";"Norte";"Abalr. Transversal";0;0;1;1;0;0;0;0;0;0;1;0;0;0;1
"18/06/2019";"14:32:00";"53";"com vítima";"31,7";"BR-392/RS";"Norte";"Saída de Pista";1;0;0;0;0;0;0;0;0;0;0;0;1;1;0
"20/06/2019";"16:42:00";"93";"com vítima";"28,7";"BR-392/RS";"Sul";"Capotamento";1;0;0;0;0;0;0;0;0;0;2;0;3;0;0
"22/06/2019";"14:24:00";"79";"com vítima";"41";"BR-392/RS";"Norte";"Tombamento";0;0;0;1;0;0;0;0;0;0;0;2;0;0;0
"22/06/2019";"21:00:00";"109";"com vítima";"8,9";"BR-392/RS";"Sul";"Abalr. Transversal";1;0;0;0;0;1;0;0;0;0;2;0;1;1;0
"23/06/2019";"08:28:00";"33";"sem vítima";"405";"BR-116/RS";"Norte";"Abalr. Mesmo Sentido";0;0;1;0;1;0;0;0;0;0;48;0;0;0;0
"25/06/2019";"16:36:00";"78";"sem vítima";"521";"BR-116/RS";"Sul";"Abalr. Transversal";2;0;0;0;0;0;0;0;0;0;2;0;0;0;0
"29/06/2019";"14:24:00";"63";"com vítima";"452,5";"BR-116/RS";"Norte";"Saída de Pista";0;0;1;0;0;0;0;0;0;0;0;0;1;0;0
"29/06/2019";"15:16:00";"69";"com vítima";"122";"BR-392/RS";"Norte";"Colisão Frontal";2;0;0;0;0;0;0;0;0;0;0;2;0;0;0
"01/07/2019";"16:53:00";"108";"com vítima";"5,2";"BR-392/RS";"Sul";"Abalr. Transversal";0;0;0;1;1;0;0;0;0;0;1;0;1;0;0
"01/07/2019";"18:23:00";"114";"com vítima";"402,2";"BR-116/RS";"Sul";"Colisão Frontal";1;0;1;0;0;0;0;0;0;0;2;0;1;0;0
"07/07/2019";"15:41:00";"80";"com vítima";"525,9";"BR-116/RS";"Sul";"Saída de Pista";1;0;0;0;0;0;0;0;0;0;0;0;1;0;0
"07/07/2019";"18:30:00";"90";"com vítima";"525,4";"BR-116/RS";"Sul";"Atropelamento";1;0;0;0;0;0;0;0;0;0;1;0;0;1;0
"10/07/2019";"20:23:00";"134";"com vítima";"514";"BR-116/RS";"Norte";"Abalr. Transversal";1;0;0;1;0;0;0;0;0;0;1;0;1;0;0
"11/07/2019";"14:09:00";"68";"com vítima";"99,5";"BR-392/RS";"Sul";"Abalr. Transversal";1;0;0;1;0;0;0;0;0;0;1;0;1;0;0
"11/07/2019";"16:36:00";"76";"com vítima";"115,7";"BR-392/RS";"Sul";"Colisão Traseira";2;0;0;0;0;0;0;0;0;0;1;1;0;0;0
"12/07/2019";"21:03:00";"92";"sem vítima";"429";"BR-116/RS";"Norte";"Saída de Pista";1;0;0;0;0;0;0;0;0;0;1;0;0;0;0
"14/07/2019";"14:13:00";"81";"com vítima";"196,3";"BR-392/RS";"Sul";"Tombamento";0;0;0;1;0;0;0;0;0;0;0;0;0;1;0
"17/07/2019";"13:49:00";"89";"com vítima";"9,5";"BR-392/RS";"Sul";"Colisão Traseira";1;0;0;1;0;0;0;0;0;0;2;0;0;1;0
"18/07/2019";"13:56:00";"78";"sem vítima";"517,1";"BR-116/RS";"Norte";"Colisão com Objeto Fixo";1;0;0;0;0;1;0;0;0;0;2;0;0;0;0
"19/07/2019";"23:43:00";"116";"com vítima";"40,9";"BR-392/RS";"Norte";"Saída de Pista";1;0;0;0;0;0;0;0;0;0;0;0;0;1;0
"20/07/2019";"19:55:00";"111";"com vítima";"112";"BR-392/RS";"Norte";"Tombamento";0;0;0;1;0;0;0;0;0;0;0;0;0;1;0
"23/07/2019";"20:27:00";"86";"com vítima";"429";"BR-116/RS";"Sul";"Saída de Pista";1;0;0;0;0;0;0;0;0;0;1;0;1;0;0
"25/07/2019";"07:04:00";"10";"com vítima";"635,8";"BR-116/RS";"Sul";"Saída de Pista";1;0;0;0;0;0;0;0;0;0;0;3;1;0;0
"25/07/2019";"09:10:00";"33";"com vítima";"21,8";"BR-392/RS";"Sul";"Saída de Pista";1;0;0;0;0;0;0;0;0;0;0;0;1;0;0
"25/07/2019";"17:11:00";"107";"com vítima";"418,6";"BR-116/RS";"Sul";"Colisão Frontal";1;0;1;0;0;0;0;0;0;0;1;1;0;1;2
"26/07/2019";"15:32:00";"107";"com vítima";"521";"BR-116/RS";"Norte";"Abalr. Transversal";1;0;0;1;0;0;0;0;0;0;1;1;0;0;0
"27/07/2019";"22:26:00";"106";"com vítima";"480,9";"BR-116/RS";"Norte";"Colisão Frontal";1;0;0;0;1;0;0;0;0;0;25;0;1;0;0
"03/08/2019";"05:02:00";"12";"com vítima";"400,7";"BR-116/RS";"Norte";"Capotamento";1;0;0;0;0;0;0;0;0;0;1;1;0;0;0
"03/08/2019";"14:35:00";"91";"com vítima";"81";"BR-392/RS";"Norte";"Colisão Traseira";1;0;1;0;0;0;0;0;0;0;3;1;0;0;0
"04/08/2019";"01:09:00";"9";"com vítima";"109,1";"BR-392/RS";"Norte";"Tombamento";0;0;0;1;0;0;0;0;0;0;0;0;2;0;0
"04/08/2019";"17:48:00";"114";"com vítima";"94,8";"BR-392/RS";"Sul";"Colisão Traseira";1;0;0;1;0;0;0;0;0;0;3;0;1;0;0
"05/08/2019";"16:46:00";"110";"com vítima";"16";"BR-392/RS";"Norte";"Saída de Pista";1;0;0;0;0;0;0;0;0;0;0;0;1;0;0
"06/08/2019";"15:28:00";"99";"com vítima";"111,3";"BR-392/RS";"Sul";"Tombamento";0;0;0;1;0;0;0;0;0;0;0;0;1;0;0
"06/08/2019";"16:40:00";"105";"com vítima";"5";"BR-392/RS";"Sul";"Abalr. Transversal";0;0;1;1;0;0;0;0;0;0;1;1;0;0;0
"07/08/2019";"18:35:00";"149";"sem vítima";"12";"BR-392/RS";"Norte";"Abalr. Mesmo Sentido";1;0;1;0;0;0;0;0;0;0;2;0;0;0;0
"09/08/2019";"23:08:00";"144";"sem vítima";"525,4";"BR-116/RS";"Sul";"Tombamento";0;0;1;0;0;0;0;0;0;0;1;0;0;0;0
"10/08/2019";"08:15:00";"26";"sem vítima";"400,9";"BR-116/RS";"Sul";"Colisão Traseira";1;0;0;0;0;0;0;0;0;1;3;0;0;0;0
"10/08/2019";"23:37:00";"142";"com vítima";"525";"BR-116/RS";"Norte";"Colisão com Objeto Fixo";0;0;0;1;0;0;0;0;0;0;0;1;0;0;0
"11/08/2019";"21:15:00";"136";"sem vítima";"71,8";"BR-392/RS";"Norte";"Saída de Pista";1;0;0;0;0;0;0;0;0;0;1;0;0;0;0
"12/08/2019";"07:05:00";"8";"com vítima";"4,3";"BR-392/RS";"Sul";"Abalr. Transversal";1;0;0;1;0;0;0;0;0;0;1;1;0;0;0
"13/08/2019";"21:45:00";"137";"sem vítima";"28";"BR-392/RS";"Sul";"Atropelamento de Animal";1;0;0;0;0;0;0;0;0;0;1;0;0;0;0
"14/08/2019";"19:30:00";"126";"com vítima";"408,2";"BR-116/RS";"Sul";"Abalr. Transversal";1;0;0;1;0;0;0;0;0;0;1;0;1;0;0
"15/08/2019";"05:46:00";"12";"sem vítima";"433,4";"BR-116/RS";"Sul";"Saída de Pista";0;0;1;0;0;0;0;0;0;0;1;0;0;0;0
"15/08/2019";"07:25:00";"19";"com vítima";"4,8";"BR-392/RS";"Sul";"Abalr. Transversal";1;0;0;1;0;0;0;0;0;0;1;0;1;0;0
"16/08/2019";"19:49:00";"111";"sem vítima";"530";"BR-116/RS";"Norte";"Saída de Pista";1;0;0;0;0;0;0;0;0;0;2;0;0;0;0
"17/08/2019";"10:45:00";"52";"com vítima";"529,6";"BR-116/RS";"Norte";"Colisão com Objeto Fixo";0;0;0;1;0;0;0;0;0;0;0;0;1;0;0
"18/08/2019";"09:34:00";"43";"sem vítima";"62";"BR-392/RS";"Norte";"Saída de Pista";1;0;0;0;0;0;0;0;0;0;1;0;0;0;0
"18/08/2019";"18:55:00";"99";"com vítima";"421,5";"BR-116/RS";"Norte";"Colisão Frontal";2;0;0;0;0;0;0;0;0;0;0;0;0;2;3
"19/08/2019";"18:54:00";"105";"com vítima";"516,9";"BR-116/RS";"Sul";"Colisão Traseira";1;0;0;1;0;0;0;0;0;0;1;0;1;0;0
"20/08/2019";"06:40:00";"22";"com vítima";"16,5";"BR-392/RS";"Sul";"Colisão Frontal";0;1;0;1;0;0;0;0;0;0;0;0;0;1;1