data;horario;n_da_ocorrencia;tipo_de_ocorrencia;km;trecho;sentido;tipo_de_acidente;automovel;bicicleta;caminhao;moto;onibus;outros;tracao_animal;transporte_de_cargas_especiais;trator_maquinas;utilitarios;ilesos;levemente_feridos;moderadamente_feridos;gravemente_feridos;mortos
"07/07/2020";"01:33:00";"7";"com vítima";"658";"BR-116/RS";"Sul";"Colisão Traseira";0;0;1;1;0;0;0;0;0;0;1;0;0;0;1
"08/07/2020";"17:04:00";"115";"com vítima";"150,3";"BR-392/RS";"Sul";"Tombamento";0;0;1;0;0;0;0;0;0;0;0;1;0;0;0
"09/07/2020";"18:15:00";"111";"sem vítima";"119,4";"BR-392/RS";"Sul";"Saída de Pista";1;0;0;0;0;0;0;0;0;0;1;0;0;0;0
"10/07/2020";"11:17:00";"57";"com vítima";"530,1";"BR-116/RS";"Norte";"Abalr. Transversal";2;0;0;0;0;0;0;0;0;0;0;2;0;0;0
"10/07/2020";"20:51:00";"128";"sem vítima";"76,4";"BR-392/RS";"Sul";"Atropelamento de Animal";1;0;0;0;0;0;0;0;0;0;2;0;0;0;0
"11/07/2020";"06:46:00";"14";"sem vítima";"16,2";"BR-392/RS";"Norte";"Colisão com Objeto Fixo";0;0;4;0;0;0;0;0;0;0;4;0;0;0;0
"13/07/2020";"08:23:00";"28";"com vítima";"122,2";"BR-392/RS";"Sul";"Abalr. Transversal";0;0;1;1;0;0;0;0;0;0;1;0;0;1;0
"13/07/2020";"08:33:00";"29";"sem vítima";"17,6";"BR-392/RS";"Sul";"Colisão Traseira";2;0;0;0;0;0;0;0;0;0;2;0;0;0;0
"13/07/2020";"21:51:00";"125";"sem vítima";"482";"BR-116/RS";"Sul";"Colisão com Objeto Fixo";1;0;0;0;0;0;0;0;0;0;1;0;0;0;0
"15/07/2020";"16:22:00";"100";"com vítima";"524";"BR-116/RS";"Sul";"Queda de moto";0;0;0;1;0;0;0;0;0;0;0;2;0;0;0
"16/07/2020";"11:24:00";"62";"com vítima";"67";"BR-392/RS";"Sul";"Abalr. Transversal";2;0;0;0;0;0;0;0;0;0;2;1;0;0;0
"16/07/2020";"18:08:00";"107";"com vítima";"514";"BR-116/RS";"Norte";"Abalr. Transversal";2;0;0;0;0;0;0;0;0;0;1;1;0;0;0
"18/07/2020";"12:45:00";"63";"com vítima";"18";"BR-392/RS";"Sul";"Abalr. Transversal";1;0;0;1;0;0;0;0;0;0;1;0;1;0;0
"19/07/2020";"16:24:00";"136";"com vítima";"71,3";"BR-392/RS";"Norte";"Saída de Pista";0;0;0;1;0;0;0;0;0;0;0;0;0;1;0
"19/07/2020";"21:59:00";"168";"sem vítima";"577,9";"BR-116/RS";"Sul";"Atropelamento de Animal";1;0;0;0;0;0;0;0;0;0;1;0;0;0;0
"20/07/2020";"11:48:00";"64";"com vítima";"104,6";"BR-392/RS";"Norte";"Saída de Pista";1;0;0;0;0;0;0;0;0;0;0;1;0;0;0
"22/07/2020";"19:18:00";"115";"com vítima";"529";"BR-116/RS";"Norte";"Abalr. Transversal";0;0;0;2;0;0;0;0;0;0;0;2;1;0;0
"25/07/2020";"06:55:00";"15";"sem vítima";"155,6";"BR-392/RS";"Norte";"Saída de Pista";0;0;1;0;0;0;0;0;0;0;1;0;0;0;0
"25/07/2020";"18:42:00";"94";"com vítima";"29,5";"BR-392/RS";"Sul";"Abalr. Transversal";0;0;0;1;0;0;1;0;0;0;1;0;0;0;1
"25/07/2020";"18:45:00";"95";"com vítima";"530";"BR-116/RS";"Norte";"Abalr. Transversal";1;0;0;1;0;0;0;0;0;0;2;1;0;0;0
"26/07/2020";"16:03:00";"69";"com vítima";"453,7";"BR-116/RS";"Norte";"Saída de Pista";1;0;0;0;0;0;0;0;0;0;0;1;0;0;0
"26/07/2020";"19:25:00";"83";"sem vítima";"46";"BR-392/RS";"Norte";"Atropelamento de Animal";1;0;0;0;0;0;0;0;0;0;2;0;0;0;0
"26/07/2020";"20:09:00";"91";"sem vítima";"571,6";"BR-116/RS";"Sul";"Atropelamento de Animal";1;0;0;0;0;0;0;0;0;0;4;0;0;0;0
"27/07/2020";"08:36:00";"33";"sem vítima";"72,4";"BR-392/RS";"Sul";"Abalr. Transversal";1;0;1;0;0;0;0;0;0;0;5;0;0;0;0
"27/07/2020";"15:12:00";"92";"com vítima";"0,4";"BR-392/RS";"Sul";"Colisão Traseira";0;0;1;0;1;0;0;0;0;0;17;2;0;0;0
"29/07/2020";"18:50:00";"108";"com vítima";"480,8";"BR-116/RS";"Sul";"Abalr. Transversal";1;0;0;1;0;0;0;0;0;0;2;1;0;0;0
"30/07/2020";"07:17:00";"15";"com vítima";"26,7";"BR-392/RS";"Sul";"Queda de moto";0;0;0;1;0;0;0;0;0;0;0;1;0;0;0
"30/07/2020";"10:10:00";"46";"com vítima";"108,5";"BR-392/RS";"Norte";"Colisão Traseira";1;1;0;0;0;0;0;0;0;0;1;0;0;1;0
"30/07/2020";"22:33:00";"142";"sem vítima";"513";"BR-116/RS";"Sul";"Saída de Pista";1;0;0;0;0;0;0;0;0;0;1;0;0;0;0
"31/07/2020";"03:37:00";"13";"sem vítima";"503";"BR-116/RS";"Sul";"Atropelamento de Animal";1;0;0;0;0;0;0;0;0;0;2;0;0;0;0
"31/07/2020";"03:43:00";"14";"sem vítima";"29,9";"BR-392/RS";"Norte";"Atropelamento de Animal";0;0;1;0;0;0;0;0;0;0;1;0;0;0;0
"31/07/2020";"11:53:00";"63";"com vítima";"526";"BR-116/RS";"Sul";"Abalr. Transversal";0;0;0;2;0;0;0;0;0;0;0;2;1;0;0
"31/07/2020";"18:56:00";"114";"sem vítima";"530,8";"BR-116/RS";"Sul";"Atropelamento de Animal";1;0;0;0;0;0;0;0;0;0;4;0;0;0;0
"31/07/2020";"21:18:00";"132";"sem vítima";"423";"BR-116/RS";"Sul";"Atropelamento de Animal";1;0;0;0;0;0;0;0;0;0;1;0;0;0;0
"01/08/2020";"09:42:00";"51";"Acidente s";"486,1";"BR-116/RS";"Norte";"Saída de Pista";0;0;1;0;0;0;0;0;0;0;2;0;0;0;0
"02/08/2020";"13:54:00";"74";"Acidente c";"559,8";"BR-116/RS";"Sul";"Queda de moto";0;0;0;1;0;0;0;0;0;0;0;2;0;0;0
"02/08/2020";"17:10:00";"91";"Acidente c";"84,7";"BR-392/RS";"Norte";"Colisão Traseira";0;0;1;1;0;0;0;0;0;0;1;0;0;0;1
"02/08/2020";"17:38:00";"96";"Acidente c";"66";"BR-392/RS";"Norte";"Colisão Frontal";2;0;0;0;0;0;0;0;0;0;1;3;1;1;0
"03/08/2020";"22:41:00";"142";"Acidente s";"66,9";"BR-392/RS";"Norte";"Abalr. Transversal";1;0;1;0;0;0;0;0;0;0;2;0;0;0;0
"05/08/2020";"10:05:00";"41";"Acidente c";"520,9";"BR-116/RS";"Sul";"Abalr. Transversal";1;0;0;1;0;0;0;0;0;0;1;1;0;0;0
"05/08/2020";"17:41:00";"119";"Acidente c";"23";"BR-392/RS";"Norte";"Abalr. Transversal";1;1;0;0;0;0;0;0;0;0;1;0;0;1;0
"06/08/2020";"22:50:00";"155";"Acidente s";"16,1";"BR-392/RS";"Norte";"Outros tipos de acidente";0;0;1;0;0;0;0;0;0;0;1;0;0;0;0
"07/08/2020";"18:53:00";"114";"Acidente c";"18";"BR-392/RS";"Sul";"Atropelamento de Animal";0;0;0;1;0;0;0;0;0;0;0;0;1;0;0
"07/08/2020";"20:31:00";"128";"Acidente c";"425,2";"BR-116/RS";"Norte";"Abalr. Transversal";1;0;0;1;0;0;0;0;0;0;0;1;1;0;0
"08/08/2020";"16:49:00";"112";"Acidente c";"427,2";"BR-116/RS";"Norte";"Abalr. Transversal";1;0;0;1;0;0;0;0;0;0;1;1;0;0;0
"10/08/2020";"19:52:00";"145";"Acidente s";"125";"BR-392/RS";"Norte";"Abalr. Transversal";1;0;1;0;0;0;0;0;0;0;2;0;0;0;0
"11/08/2020";"14:10:00";"95";"Acidente c";"521";"BR-116/RS";"Sul";"Abalr. Transversal";2;0;0;0;0;0;0;0;0;0;1;1;0;0;0
"11/08/2020";"19:41:00";"124";"Acidente s";"6,3";"BR-392/RS";"Norte";"Colisão com Objeto Fixo";0;0;1;0;0;0;0;0;0;0;1;0;0;0;0
"13/08/2020";"19:49:00";"131";"Acidente c";"134,4";"BR-392/RS";"Norte";"Abalr. Transversal";1;0;1;0;0;0;0;0;0;0;2;3;0;0;0
"16/08/2020";"01:36:00";"3";"Acidente s";"523,2";"BR-116/RS";"Norte";"Saída de Pista";1;0;0;0;0;0;0;0;0;0;2;0;0;0;0
"16/08/2020";"19:37:00";"140";"Acidente s";"474";"BR-116/RS";"Sul";"Queda de moto";0;0;0;2;0;0;0;0;0;0;2;0;0;0;0
"17/08/2020";"09:36:00";"62";"Acidente c";"90,3";"BR-392/RS";"Norte";"Abalr. Transversal";2;0;0;0;0;0;0;0;0;0;1;2;0;0;0
"20/08/2020";"17:22:00";"94";"Acidente c";"526";"BR-116/RS";"Norte";"Queda de moto";0;0;0;1;0;0;0;0;0;0;1;1;0;0;0
"20/08/2020";"23:23:00";"129";"Acidente s";"11";"BR-392/RS";"Sul";"Atropelamento de Animal";1;0;0;0;0;0;0;0;0;0;1;0;0;0;0
"20/08/2020";"23:53:00";"133";"Acidente s";"11";"BR-392/RS";"Sul";"Atropelamento de Animal";0;0;1;0;0;0;0;0;0;0;1;0;0;0;0
"20/08/2020";"23:54:00";"134";"Acidente s";"11";"BR-392/RS";"Sul";"Atropelamento de Animal";1;0;0;0;0;0;0;0;0;0;2;0;0;0;0
"21/08/2020";"17:40:00";"103";"Acidente s";"521";"BR-116/RS";"Sul";"Abalr. Transversal";2;0;0;0;0;0;0;0;0;0;2;0;0;0;0
"22/08/2020";"15:53:00";"99";"Acidente c";"44,5";"BR-392/RS";"Norte";"Abalr. Transversal";2;0;1;0;0;0;0;0;0;0;2;0;1;2;0
"23/08/2020";"18:41:00";"100";"Acidente c";"25,1";"BR-392/RS";"Sul";"Atropelamento";1;1;0;0;0;0;0;0;0;0;2;0;0;1;0
"23/08/2020";"18:59:00";"101";"Acidente c";"92,3";"BR-392/RS";"Sul";"Queda de moto";1;0;0;1;0;0;0;0;0;0;1;2;0;0;0
"24/08/2020";"00:03:00";"1";"Acidente s";"431";"BR-116/RS";"Norte";"Saída de Pista";1;0;0;0;0;0;0;0;0;0;1;0;0;0;0
"26/08/2020";"20:33:00";"118";"Acidente c";"125";"BR-392/RS";"Norte";"Colisão Frontal";1;0;1;0;0;0;0;0;0;0;1;0;1;0;0
"28/08/2020";"07:52:00";"15";"Acidente c";"529";"BR-116/RS";"Sul";"Abalr. Transversal";1;0;0;1;0;0;0;0;0;0;1;1;0;0;0
"28/08/2020";"12:56:00";"89";"Acidente c";"514,1";"BR-116/RS";"Norte";"Queda de moto";0;0;0;1;0;0;0;0;0;0;1;1;0;0;0
"29/08/2020";"19:35:00";"149";"Acidente c";"87";"BR-392/RS";"Sul";"Colisão Traseira";2;0;0;0;0;0;0;0;0;0;3;1;0;0;0
"03/09/2020";"00:12:00";"1";"Acidente c";"427";"BR-116/RS";"Norte";"Atropelamento";0;0;0;1;0;0;0;0;0;0;0;1;1;0;0
"03/09/2020";"19:53:00";"107";"Acidente c";"61,4";"BR-392/RS";"Norte";"Atropelamento";1;1;0;0;0;0;0;0;0;0;1;0;0;0;1
"05/09/2020";"00:24:00";"3";"Acidente c";"581,5";"BR-116/RS";"Sul";"Atropelamento de Animal";1;0;0;0;0;0;0;0;0;0;2;2;0;0;0
"08/09/2020";"19:19:00";"120";"Acidente c";"7,7";"BR-392/RS";"Norte";"Abalr. Transversal";0;0;0;2;0;0;0;0;0;0;1;1;0;0;0
"10/09/2020";"06:42:00";"10";"Acidente c";"71,8";"BR-392/RS";"Sul";"Saída de Pista";1;0;0;0;0;0;0;0;0;0;0;0;1;0;0
"10/09/2020";"08:03:00";"22";"Acidente s";"18,9";"BR-392/RS";"Norte";"Tombamento";0;0;1;0;0;0;0;0;0;0;2;0;0;0;0
"11/09/2020";"18:40:00";"123";"Acidente c";"17";"BR-392/RS";"Sul";"Queda de moto";0;0;0;1;0;0;0;0;0;0;0;2;0;0;0
"11/09/2020";"20:16:00";"136";"Acidente c";"453,6";"BR-116/RS";"Norte";"Saída de Pista";0;0;1;0;0;0;0;0;0;0;0;1;0;0;0
"12/09/2020";"21:18:00";"108";"Acidente c";"530,1";"BR-116/RS";"Sul";"Abalr. Transversal";1;0;0;1;0;0;0;0;0;0;1;1;0;0;0
"13/09/2020";"21:14:00";"93";"Acidente s";"568,1";"BR-116/RS";"Norte";"Atropelamento de Animal";1;0;0;0;0;0;0;0;0;0;2;0;0;0;0
"14/09/2020";"10:18:00";"63";"Acidente c";"34,5";"BR-392/RS";"Norte";"Saída de Pista";1;0;0;0;0;0;0;0;0;0;0;1;0;0;0
"15/09/2020";"19:11:00";"135";"Acidente c";"30";"BR-392/RS";"Sul";"Atropelamento de Animal";1;0;0;0;0;0;0;0;0;0;2;0;1;0;0
"17/09/2020";"21:21:00";"154";"Acidente s";"139";"BR-392/RS";"Sul";"Atropelamento de Animal";0;0;1;0;0;0;0;0;0;0;1;0;0;0;0
"19/09/2020";"16:33:00";"93";"Acidente c";"195,1";"BR-392/RS";"Sul";"Outros tipos de acidente";0;0;0;2;0;0;0;0;0;0;1;1;0;0;0
"20/09/2020";"17:50:00";"88";"Acidente c";"74";"BR-392/RS";"Sul";"Colisão Traseira";2;0;0;0;0;0;0;0;0;0;4;2;0;0;0
"20/09/2020";"18:14:00";"92";"Acidente c";"76,3";"BR-392/RS";"Sul";"Colisão Traseira";5;0;0;0;0;0;0;0;0;0;11;0;2;0;0
"21/09/2020";"22:15:00";"134";"Acidente c";"454,5";"BR-116/RS";"Norte";"Colisão Traseira";0;0;2;0;0;0;0;0;0;0;1;1;0;0;0
"22/09/2020";"00:09:00";"1";"Acidente s";"527";"BR-116/RS";"Norte";"Atropelamento de Animal";1;0;0;0;0;0;0;0;0;0;1;0;0;0;0
"26/09/2020";"11:30:00";"74";"Acidente s";"435,5";"BR-116/RS";"Norte";"Outros tipos de acidente";1;0;0;0;0;0;0;0;0;0;1;0;0;0;0
"26/09/2020";"12:25:00";"79";"Acidente s";"526";"BR-116/RS";"Sul";"Colisão Traseira";2;0;0;0;0;0;0;0;0;0;4;0;0;0;0
"27/09/2020";"01:09:00";"8";"Acidente s";"88";"BR-392/RS";"Sul";"Outros tipos de acidente";1;0;0;0;0;0;0;0;0;0;4;0;0;0;0
"27/09/2020";"02:23:00";"14";"Acidente s";"445,4";"BR-116/RS";"Sul";"Atropelamento de Animal";1;0;0;0;0;0;0;0;0;0;2;0;0;0;0
"27/09/2020";"16:24:00";"101";"Acidente s";"659";"BR-116/RS";"Sul";"Colisão Traseira";1;0;0;1;0;0;0;0;0;0;2;0;0;0;0
"28/09/2020";"06:54:00";"39";"Acidente s";"500,9";"BR-116/RS";"Sul";"Saída de Pista";0;0;1;0;0;0;0;0;0;0;1;0;0;0;0
"29/09/2020";"10:31:00";"64";"Acidente s";"32,4";"BR-392/RS";"Sul";"Capotamento";1;0;0;0;0;0;0;0;0;0;4;0;0;0;0
"29/09/2020";"22:49:00";"149";"Acidente c";"525,9";"BR-116/RS";"Norte";"Queda de moto";0;0;0;1;0;0;0;0;0;0;0;1;0;0;0
"30/09/2020";"21:24:00";"118";"Acidente c";"181,5";"BR-392/RS";"Norte";"Colisão Frontal";1;0;1;0;0;0;0;0;0;0;1;0;2;0;1
"01/10/2020";"05:08:00";"9";"Acidente s";"411";"BR-116/RS";"Norte";"Atropelamento de Animal";1;0;0;0;0;0;0;0;0;0;1;0;0;0;0
"01/10/2020";"13:17:00";"74";"Acidente c";"66,9";"BR-392/RS";"Norte";"Abalr. Transversal";1;0;0;1;0;0;0;0;0;0;1;1;0;0;0
"01/10/2020";"17:38:00";"104";"Acidente c";"514,9";"BR-116/RS";"Sul";"Colisão Traseira";0;0;0;1;0;0;1;0;0;0;2;0;1;0;0
"02/10/2020";"15:04:00";"89";"Acidente c";"54,8";"BR-392/RS";"Norte";"Saída de Pista";1;0;0;0;0;0;0;0;0;0;0;3;0;0;0
"04/10/2020";"20:46:00";"129";"Acidente c";"452,1";"BR-116/RS";"Sul";"Saída de Pista";1;0;0;0;0;0;0;0;0;0;0;0;0;0;1
"05/10/2020";"16:19:00";"106";"Acidente c";"524,9";"BR-116/RS";"Sul";"Abalr. Transversal";1;1;0;0;0;0;0;0;0;0;1;0;0;1;0
"06/10/2020";"07:51:00";"15";"Acidente c";"521";"BR-116/RS";"Sul";"Abalr. Transversal";1;0;0;1;0;0;0;0;0;0;2;1;0;0;0
"06/10/2020";"15:09:00";"79";"Acidente c";"66,9";"BR-392/RS";"Sul";"Abalr. Transversal";1;0;1;0;0;0;0;0;0;0;2;0;1;0;0
"09/10/2020";"05:13:00";"10";"Acidente s";"527,1";"BR-116/RS";"Norte";"Atropelamento de Animal";1;0;0;0;0;0;0;0;0;0;1;0;0;0;0
"10/10/2020";"04:31:00";"12";"Acidente c";"64,2";"BR-392/RS";"Norte";"Outros tipos de acidente";2;0;1;0;0;0;0;0;0;0;4;0;0;0;1
"11/10/2020";"07:08:00";"15";"Acidente c";"12,4";"BR-392/RS";"Norte";"Abalr. Transversal";1;0;1;0;0;0;0;0;0;0;1;5;0;1;0
"11/10/2020";"19:31:00";"88";"Acidente c";"487,8";"BR-116/RS";"Sul";"Atropelamento";1;0;0;0;0;0;0;0;0;0;2;0;0;0;1
"14/10/2020";"00:42:00";"3";"Acidente c";"49,3";"BR-392/RS";"Norte";"Colisão Traseira";0;0;1;1;0;0;0;0;0;0;1;1;0;0;0
"18/10/2020";"06:03:00";"13";"Acidente c";"21,8";"BR-392/RS";"Sul";"Queda de moto";0;0;0;1;0;0;0;0;0;0;1;1;0;0;0
"21/10/2020";"16:04:00";"83";"Acidente c";"477,5";"BR-116/RS";"Sul";"Saída de Pista";1;0;0;0;0;1;0;0;0;0;0;1;0;0;1
"21/10/2020";"23:19:00";"128";"Acidente c";"443";"BR-116/RS";"Sul";"Saída de Pista";0;0;1;0;0;0;0;0;0;0;0;0;1;0;0
"23/10/2020";"21:07:00";"128";"Acidente c";"544,2";"BR-116/RS";"Norte";"Queda de moto";0;0;0;1;0;0;0;0;0;0;0;0;1;0;0
"25/10/2020";"15:15:00";"76";"Acidente c";"510,4";"BR-116/RS";"Norte";"Abalr. Transversal";1;0;0;1;0;0;0;0;0;0;2;1;1;0;0
"26/10/2020";"11:58:00";"81";"Acidente s";"195";"BR-392/RS";"Sul";"Saída de Pista";1;0;0;0;0;0;0;0;0;0;1;0;0;0;0
"26/10/2020";"18:16:00";"108";"Acidente c";"641,5";"BR-116/RS";"Sul";"Saída de Pista";1;0;0;0;0;0;0;0;0;0;2;0;2;0;0
"27/10/2020";"14:26:00";"78";"Acidente s";"20,2";"BR-392/RS";"Sul";"Saída de Pista";1;0;0;0;0;0;0;0;0;0;3;0;0;0;0
"27/10/2020";"15:20:00";"79";"Acidente s";"516";"BR-116/RS";"Norte";"Saída de Pista";1;0;0;0;0;0;0;0;0;0;1;0;0;0;0
"27/10/2020";"17:14:00";"86";"Acidente s";"28,1";"BR-392/RS";"Norte";"Saída de Pista";1;0;0;0;0;0;0;0;0;0;1;0;0;0;0
"27/10/2020";"20:03:00";"105";"Acidente c";"1,1";"BR-392/RS";"Sul";"Abalr. Transversal";1;0;0;1;0;0;0;0;0;0;1;0;1;0;0
"28/10/2020";"03:13:00";"8";"Acidente s";"54";"BR-392/RS";"Sul";"Atropelamento de Animal";1;0;0;0;0;0;0;0;0;0;1;0;0;0;0
"28/10/2020";"07:46:00";"22";"Acidente c";"19,1";"BR-392/RS";"Norte";"Abalr. Transversal";0;1;1;0;0;0;0;0;0;0;1;0;0;1;0
"28/10/2020";"19:45:00";"124";"Acidente s";"566";"BR-116/RS";"Sul";"Atropelamento de Animal";1;0;0;0;0;0;0;0;0;0;1;0;0;0;0
"28/10/2020";"21:29:00";"140";"Acidente s";"171";"BR-392/RS";"Norte";"Atropelamento de Animal";1;0;0;0;0;0;0;0;0;0;1;0;0;0;0
"29/10/2020";"09:23:00";"42";"Acidente s";"115,9";"BR-392/RS";"Norte";"Outros tipos de acidente";1;0;0;0;0;0;0;0;0;0;2;0;0;0;0
"30/10/2020";"01:09:00";"5";"Acidente s";"567";"BR-116/RS";"Sul";"Atropelamento de Animal";1;0;0;0;0;0;0;0;0;0;2;0;0;0;0
"30/10/2020";"15:18:00";"100";"Acidente s";"497";"BR-116/RS";"Norte";"Colisão Traseira";2;0;0;0;0;0;0;0;0;0;3;0;0;0;0
"30/10/2020";"20:05:00";"131";"Acidente c";"654,8";"BR-116/RS";"Sul";"Colisão Traseira";1;0;1;0;0;0;0;0;0;0;2;3;0;0;0
"30/10/2020";"21:53:00";"146";"Acidente s";"52";"BR-392/RS";"Norte";"Atropelamento de Animal";1;0;0;0;0;0;0;0;0;0;3;0;0;0;0
"31/10/2020";"06:21:00";"18";"Acidente c";"121";"BR-392/RS";"Sul";"Queda de moto";0;0;0;1;0;0;0;0;0;0;0;1;0;0;0
"31/10/2020";"19:49:00";"122";"Acidente s";"522";"BR-116/RS";"Sul";"Outros tipos de acidente";1;0;1;0;0;0;0;0;0;0;3;0;0;0;0
"01/11/2020";"10:20:00";"70";"Acidente s";"83,1";"BR-392/RS";"Norte";"Colisão Traseira";4;0;0;0;0;0;0;0;0;0;7;0;0;0;0
"01/11/2020";"16:04:00";"112";"Acidente c";"530,1";"BR-116/RS";"Norte";"Abalr. Transversal";1;0;0;1;0;0;0;0;0;0;1;0;1;0;0
"01/11/2020";"17:01:00";"115";"Acidente c";"52,3";"BR-392/RS";"Norte";"Colisão com Objeto Fixo";0;0;0;1;0;0;0;0;0;0;0;1;0;0;0
"02/11/2020";"08:01:00";"24";"Acidente c";"72,2";"BR-392/RS";"Sul";"Saída de Pista";1;0;0;0;0;0;0;0;0;0;0;1;1;1;0
"02/11/2020";"14:55:00";"68";"Acidente s";"118";"BR-392/RS";"Sul";"Tombamento";0;0;1;0;0;0;0;0;0;0;1;0;0;0;0
"02/11/2020";"16:25:00";"75";"Acidente c";"618";"BR-116/RS";"Sul";"Queda de moto";0;0;0;1;0;0;0;0;0;0;0;1;0;0;0
"06/11/2020";"09:06:00";"50";"Acidente s";"76";"BR-392/RS";"Sul";"Abalr. Transversal";0;0;2;0;0;0;0;0;0;0;2;0;0;0;0
"06/11/2020";"09:14:00";"51";"Acidente c";"521";"BR-116/RS";"Sul";"Abalr. Transversal";1;0;0;1;0;0;0;0;0;0;1;1;0;0;0
"06/11/2020";"09:32:00";"52";"Acidente c";"117";"BR-392/RS";"Norte";"Abalr. Transversal";1;0;0;1;0;0;0;0;0;0;2;1;0;0;0
"06/11/2020";"16:35:00";"95";"Acidente c";"521";"BR-116/RS";"Norte";"Abalr. Transversal";1;1;0;0;0;0;0;0;0;0;0;1;0;0;1
"07/11/2020";"15:57:00";"92";"Acidente c";"525,8";"BR-116/RS";"Norte";"Queda de moto";0;0;0;1;0;0;0;0;0;0;1;0;1;0;0
"08/11/2020";"08:09:00";"21";"Acidente c";"530";"BR-116/RS";"Norte";"Abalr. Transversal";3;0;0;0;0;0;0;0;0;0;5;2;0;0;0
"08/11/2020";"10:48:00";"50";"Acidente c";"15,5";"BR-392/RS";"Sul";"Abalr. Mesmo Sentido";1;0;0;1;0;0;0;0;0;0;1;0;1;0;0
"08/11/2020";"22:25:00";"120";"Acidente c";"18";"BR-392/RS";"Sul";"Abalr. Transversal";0;0;1;1;0;0;0;0;0;0;1;0;0;1;0
"10/11/2020";"07:27:00";"24";"Acidente c";"147,95";"BR-392/RS";"Norte";"Saída de Pista";0;0;1;0;0;0;0;0;0;0;0;1;0;0;0
"12/11/2020";"03:03:00";"7";"Acidente s";"106,4";"BR-392/RS";"Sul";"Saída de Pista";1;0;0;0;0;0;0;0;0;0;1;0;0;0;0
"14/11/2020";"13:25:00";"80";"Acidente c";"427,3";"BR-116/RS";"Sul";"Abalr. Transversal";1;0;0;1;0;0;0;0;0;0;2;0;1;0;0
"16/11/2020";"02:46:00";"6";"Acidente c";"4,3";"BR-392/RS";"Norte";"Colisão Frontal";0;0;1;1;0;0;0;0;0;0;1;0;0;1;0
"16/11/2020";"07:03:00";"11";"Acidente c";"24";"BR-392/RS";"Sul";"Abalr. Transversal";1;0;1;0;0;0;0;0;0;0;2;1;0;0;0
"22/11/2020";"07:32:00";"15";"Acidente s";"523,4";"BR-116/RS";"Norte";"Saída de Pista";1;0;0;0;0;0;0;0;0;0;1;0;0;0;0
"22/11/2020";"16:19:00";"78";"Acidente s";"118,4";"BR-392/RS";"Norte";"Saída de Pista";1;0;0;0;0;0;0;0;0;0;3;0;0;0;0
"22/11/2020";"20:51:00";"113";"Acidente s";"529,8";"BR-116/RS";"Norte";"Saída de Pista";1;0;0;0;0;0;0;0;0;0;1;0;0;0;0
"28/11/2020";"23:17:00";"135";"Acidente c";"483,2";"BR-116/RS";"Norte";"Queda de moto";0;0;0;1;0;0;0;0;0;0;0;1;0;0;0
"29/11/2020";"11:02:00";"51";"Acidente c";"455,1";"BR-116/RS";"Norte";"Saída de Pista";2;0;0;0;0;0;0;0;0;0;0;0;1;0;0
"30/11/2020";"10:00:00";"58";"Acidente c";"652,4";"BR-116/RS";"Norte";"Capotamento";1;0;0;0;0;1;0;0;0;0;0;2;0;0;0
"01/12/2020";"22:54:00";"158";"Acidente c";"75";"BR-392/RS";"Sul";"Colisão Traseira";0;0;3;0;0;0;0;0;0;0;2;1;0;0;0
"02/12/2020";"02:18:00";"8";"Acidente s";"16,9";"BR-392/RS";"Sul";"Saída de Pista";0;0;1;0;0;0;0;0;0;0;1;0;0;0;0
"05/12/2020";"16:42:00";"87";"Acidente c";"26,6";"BR-392/RS";"Norte";"Abalr. Transversal";1;0;0;1;0;0;0;0;0;0;2;0;1;0;0
"07/12/2020";"05:46:00";"10";"Acidente s";"56,5";"BR-392/RS";"Sul";"Saída de Pista";1;0;0;0;0;0;0;0;0;0;1;0;0;0;0
"09/12/2020";"07:32:00";"15";"Acidente c";"68,4";"BR-392/RS";"Sul";"Tombamento";0;0;1;0;0;0;0;0;0;0;1;1;0;0;0
"09/12/2020";"18:45:00";"95";"Acidente c";"455";"BR-116/RS";"Sul";"Saída de Pista";1;0;0;0;0;0;0;0;0;0;0;1;0;0;0
"10/12/2020";"19:00:00";"122";"Acidente c";"18,2";"BR-392/RS";"Norte";"Abalr. Mesmo Sentido";0;1;0;0;1;0;0;0;0;0;1;1;0;0;0
"11/12/2020";"05:55:00";"12";"Acidente s";"413,8";"BR-116/RS";"Sul";"Abalr. Sentido Oposto";0;0;2;0;0;0;0;0;0;0;2;0;0;0;0
"11/12/2020";"08:46:00";"38";"Acidente c";"513,8";"BR-116/RS";"Norte";"Abalr. Transversal";1;1;0;0;0;0;0;0;0;0;1;0;1;0;0
"12/12/2020";"21:43:00";"123";"Acidente c";"57,6";"BR-392/RS";"Norte";"Outros tipos de acidente";2;0;0;1;1;0;0;0;0;0;5;0;0;0;1
"14/12/2020";"04:59:00";"6";"Acidente c";"119,8";"BR-392/RS";"Sul";"Tombamento";0;0;1;0;0;0;0;0;0;0;0;1;0;0;0
"14/12/2020";"06:59:00";"8";"Acidente c";"5,1";"BR-392/RS";"Sul";"Abalr. Transversal";1;0;0;1;0;0;0;0;0;0;1;1;0;1;0
"15/12/2020";"23:08:00";"146";"Acidente c";"99,5";"BR-392/RS";"Sul";"Tombamento";0;0;1;0;0;0;0;0;0;0;0;1;0;0;0