data;horario;n_da_ocorrencia;tipo_de_ocorrencia;km;trecho;sentido;tipo_de_acidente;automovel;bicicleta;caminhao;moto;onibus;outros;tracao_animal;transporte_de_cargas_especiais;trator_maquinas;utilitarios;ilesos;levemente_feridos;moderadamente_feridos;gravemente_feridos;mortos
"05/06/2022";"22:10:00";"60";"Acidente c";"656,1";"BR-116/RS";"Norte";"Colisão Transversal";2;0;0;0;0;0;0;0;0;0;1;3;0;0;0
"06/06/2022";"22:26:00";"60";"Acidente s";"88,3";"BR-392/RS";"Norte";"Saída de Pista";1;0;0;0;0;0;0;0;0;0;2;0;0;0;0
"08/06/2022";"07:14:00";"4";"Acidente c";"521";"BR-116/RS";"Norte";"Colisão Transversal";1;1;0;0;0;0;0;0;0;0;1;1;0;0;0
"10/06/2022";"14:00:00";"36";"Acidente c";"563";"BR-116/RS";"Norte";"Colisão Transversal";1;0;1;0;0;0;0;0;0;0;2;0;1;0;0
"11/06/2022";"15:16:00";"38";"Acidente c";"115";"BR-392/RS";"Sul";"Saída de Pista";0;0;0;1;0;0;0;0;0;0;0;0;0;0;1
"11/06/2022";"21:24:00";"59";"Acidente c";"58,7";"BR-392/RS";"Sul";"Saída de Pista";0;0;1;0;0;0;0;0;0;0;0;1;0;0;0
"12/06/2022";"19:21:00";"39";"Acidente c";"102";"BR-392/RS";"Norte";"Saída de Pista";0;0;1;0;0;0;0;0;0;0;0;1;0;0;0
"14/06/2022";"23:37:00";"88";"Acidente s";"510";"BR-116/RS";"Norte";"Colisão lateral no mesmo sentido";0;0;1;1;0;0;0;0;0;0;3;0;0;0;0
"15/06/2022";"07:32:00";"9";"Acidente c";"528,5";"BR-116/RS";"Norte";"Colisão Transversal";0;0;1;1;0;0;0;0;0;0;1;0;0;1;0
"15/06/2022";"13:17:00";"44";"Acidente c";"476";"BR-116/RS";"Norte";"Colisão Frontal";1;0;1;0;0;0;0;0;0;0;1;0;0;1;0
"15/06/2022";"17:45:00";"60";"Acidente s";"492,3";"BR-116/RS";"Sul";"Colisão lateral no mesmo sentido";1;0;0;0;1;0;0;0;0;0;40;0;0;0;0
"17/06/2022";"04:17:00";"7";"Acidente s";"78,8";"BR-392/RS";"Norte";"Saída de Pista";1;0;0;0;0;0;0;0;0;0;1;0;0;0;0
"17/06/2022";"06:49:00";"11";"Acidente c";"525";"BR-116/RS";"Norte";"Colisão Traseira";1;0;0;1;0;0;0;0;0;0;1;1;0;0;0
"18/06/2022";"09:49:00";"30";"Acidente s";"524";"BR-116/RS";"Norte";"Colisão lateral no mesmo sentido";1;0;1;0;0;0;0;0;0;0;3;0;0;0;0
"18/06/2022";"23:24:00";"88";"Acidente c";"403";"BR-116/RS";"Sul";"Queda de Moto";0;0;0;1;0;0;0;0;0;0;0;1;0;0;0
"19/06/2022";"07:20:00";"8";"Acidente s";"531,9";"BR-116/RS";"Sul";"Saída de Pista";1;0;0;0;0;0;0;0;0;0;1;0;0;0;0
"20/06/2022";"15:06:00";"49";"Acidente c";"514,1";"BR-116/RS";"Norte";"Queda de Moto";0;0;0;1;0;0;0;0;0;0;0;1;0;0;0
"21/06/2022";"15:38:00";"58";"Acidente c";"9,5";"BR-392/RS";"Sul";"Colisão Frontal";1;0;1;0;0;0;0;0;0;0;1;0;0;0;1
"22/06/2022";"09:35:00";"17";"Acidente s";"521";"BR-116/RS";"Sul";"Colisão Traseira";2;0;0;0;0;0;0;0;0;0;2;0;0;0;0
"22/06/2022";"16:48:00";"52";"Acidente c";"4";"BR-392/RS";"Sul";"Colisão Transversal";1;0;0;1;0;0;0;0;0;0;1;1;0;0;0
"23/06/2022";"20:41:00";"56";"Acidente c";"28";"BR-392/RS";"Norte";"Atropelamento de Animal";0;0;0;1;0;0;0;0;0;0;0;1;0;0;0
"24/06/2022";"16:35:00";"54";"Acidente s";"78,3";"BR-392/RS";"Norte";"Colisão Traseira";2;0;0;0;0;0;0;0;0;0;5;0;0;0;0
"25/06/2022";"18:25:00";"44";"Acidente c";"123,8";"BR-392/RS";"Sul";"Atropelamento de Animal";1;0;0;0;0;0;0;0;0;0;2;1;0;0;0
"26/06/2022";"23:39:00";"86";"Acidente s";"72,4";"BR-392/RS";"Sul";"Saída de Pista";1;0;0;0;0;0;0;0;0;0;1;0;0;0;0
"27/06/2022";"09:07:00";"12";"Acidente c";"563";"BR-116/RS";"Norte";"Colisão Transversal";2;0;0;0;0;0;0;0;0;0;1;1;0;0;0
"28/06/2022";"07:26:00";"10";"Acidente s";"117,1";"BR-392/RS";"Norte";"Saída de Pista";1;0;0;0;0;0;0;0;0;0;1;0;0;0;0
"28/06/2022";"17:33:00";"41";"Acidente c";"8,9";"BR-392/RS";"Norte";"Colisão lateral no mesmo sentido";0;0;1;1;0;0;0;0;0;0;1;0;1;0;0
"28/06/2022";"19:09:00";"50";"Acidente c";"528,3";"BR-116/RS";"Norte";"Colisão Frontal";2;0;0;0;1;0;0;0;0;0;3;0;0;1;0
"30/06/2022";"06:44:00";"6";"Acidente c";"530";"BR-116/RS";"Norte";"Colisão Transversal";1;0;0;1;0;0;0;0;0;0;2;0;1;0;0
"01/07/2022";"08:50:00";"17";"Acidente s";"515,1";"BR-116/RS";"Sul";"Saída de Pista";1;0;0;0;0;0;0;0;0;0;1;0;0;0;0
"01/07/2022";"09:19:00";"18";"Acidente c";"406,5";"BR-116/RS";"Norte";"Colisão Frontal";2;0;0;0;0;0;0;0;0;0;0;0;0;6;0
"02/07/2022";"06:53:00";"7";"Acidente s";"67";"BR-392/RS";"Norte";"Colisão Transversal";1;0;1;0;0;0;0;0;0;0;3;0;0;0;0
"02/07/2022";"17:55:00";"49";"Acidente c";"40,4";"BR-392/RS";"Norte";"Tombamento";0;0;0;1;0;0;0;0;0;0;0;1;1;0;0
"04/07/2022";"02:45:00";"4";"Acidente s";"406";"BR-116/RS";"Sul";"Saída de Pista";1;0;0;0;0;0;0;0;0;0;2;0;0;0;0
"04/07/2022";"09:27:00";"21";"Acidente c";"447";"BR-116/RS";"Norte";"Colisão lateral no mesmo sentido";1;0;1;0;0;0;0;0;0;0;1;2;0;0;0
"05/07/2022";"17:11:00";"52";"Acidente c";"517,2";"BR-116/RS";"Norte";"Colisão lateral no mesmo sentido";0;1;1;0;0;0;0;0;0;0;1;0;1;0;0
"06/07/2022";"11:11:00";"27";"Acidente s";"122,9";"BR-392/RS";"Sul";"Capotamento";1;0;0;0;0;0;0;0;0;0;3;0;0;0;0
"07/07/2022";"20:42:00";"75";"Acidente c";"420";"BR-116/RS";"Norte";"Saída de Pista";1;0;1;0;0;0;0;0;0;0;1;0;1;0;0
"08/07/2022";"07:37:00";"11";"Acidente c";"527";"BR-116/RS";"Sul";"Colisão Transversal";0;0;1;1;0;0;0;0;0;0;1;0;1;0;0
"09/07/2022";"03:17:00";"9";"Acidente s";"115";"BR-392/RS";"Norte";"Choque - Outros";1;0;0;0;0;0;0;0;0;0;1;0;0;0;0
"09/07/2022";"11:09:00";"26";"Acidente c";"600";"BR-116/RS";"Norte";"Saída de Pista";1;0;0;0;0;0;0;0;0;0;0;1;1;0;0
"09/07/2022";"15:30:00";"42";"Acidente s";"20";"BR-392/RS";"Norte";"Saída de Pista";1;0;0;0;0;0;0;0;0;0;1;0;0;0;0
"10/07/2022";"19:37:00";"56";"Acidente c";"58,8";"BR-392/RS";"Norte";"Queda de Moto";0;0;0;1;0;0;0;0;0;0;0;1;0;0;0
"13/07/2022";"07:55:00";"15";"Acidente c";"530";"BR-116/RS";"Sul";"Colisão Transversal";1;0;0;1;0;0;0;0;0;0;1;1;0;0;0
"13/07/2022";"22:13:00";"74";"Acidente c";"20";"BR-392/RS";"Sul";"Choque - Objeto sobre a pista";0;0;0;1;0;0;0;0;0;0;0;1;0;0;0
"14/07/2022";"04:53:00";"6";"Acidente c";"401,4";"BR-116/RS";"Norte";"Atropelamento de Animal";1;0;0;0;0;0;0;0;0;0;0;1;0;0;0
"15/07/2022";"05:33:00";"5";"Acidente c";"454,9";"BR-116/RS";"Sul";"Colisão Traseira";0;0;2;0;0;0;0;0;0;0;2;0;1;0;0
"16/07/2022";"06:33:00";"11";"Acidente s";"68";"BR-392/RS";"Norte";"Saída de Pista";1;0;0;0;0;0;0;0;0;0;5;0;0;0;0
"16/07/2022";"09:03:00";"21";"Acidente c";"43";"BR-392/RS";"Sul";"Colisão Traseira";1;0;1;0;0;0;0;0;0;0;2;1;0;0;0
"17/07/2022";"06:59:00";"12";"Acidente c";"118,5";"BR-392/RS";"Sul";"Choque - Outros";1;0;0;0;0;0;0;0;0;0;1;1;0;0;0
"18/07/2022";"09:10:00";"27";"Acidente c";"45,5";"BR-392/RS";"Sul";"Capotamento";0;0;1;0;0;0;0;0;0;0;0;0;1;0;0
"18/07/2022";"16:24:00";"47";"Acidente c";"513,2";"BR-116/RS";"Norte";"Colisão Traseira";1;0;0;1;0;0;0;0;0;0;2;0;1;0;0
"21/07/2022";"18:15:00";"60";"Acidente c";"491,2";"BR-116/RS";"Sul";"Colisão Traseira";1;1;0;0;0;0;0;0;0;0;4;0;0;0;1
"23/07/2022";"08:05:00";"15";"Acidente s";"513,2";"BR-116/RS";"Norte";"Colisão Frontal";2;0;0;0;0;0;0;0;0;0;2;0;0;0;0
"24/07/2022";"06:25:00";"4";"Acidente c";"160,3";"BR-392/RS";"Norte";"Saída de Pista";1;0;0;0;0;0;0;0;0;0;0;0;1;0;2
"24/07/2022";"18:04:00";"39";"Acidente c";"453,6";"BR-116/RS";"Sul";"Saída de Pista";1;0;0;0;0;0;0;0;0;0;2;2;0;1;0
"25/07/2022";"18:33:00";"56";"Acidente c";"61,5";"BR-392/RS";"Norte";"Colisão Traseira";1;0;0;1;0;0;0;0;0;0;2;0;1;0;0
"26/07/2022";"05:38:00";"3";"Acidente c";"82,8";"BR-392/RS";"Norte";"Colisão Traseira";0;0;2;0;0;0;0;0;0;0;1;1;0;0;0
"26/07/2022";"11:22:00";"25";"Acidente c";"516,9";"BR-116/RS";"Norte";"Colisão Transversal";0;0;1;1;0;0;0;0;0;0;1;0;0;1;0
"27/07/2022";"18:44:00";"71";"Acidente c";"514,9";"BR-116/RS";"Sul";"Colisão Traseira";1;0;0;1;0;0;0;0;0;0;1;0;1;0;0
"29/07/2022";"21:09:00";"78";"Acidente s";"84";"BR-392/RS";"Norte";"Colisão lateral no sentido contrário";1;0;1;0;0;0;0;0;0;0;4;0;0;0;0
"30/07/2022";"18:21:00";"59";"Acidente c";"20,8";"BR-392/RS";"Norte";"Colisão lateral no mesmo sentido";1;0;0;1;0;0;0;0;0;0;1;1;0;0;0
"30/07/2022";"20:01:00";"64";"Acidente c";"529,2";"BR-116/RS";"Sul";"Colisão Transversal";1;0;0;1;0;0;0;0;0;0;1;1;0;0;0
"31/07/2022";"05:52:00";"12";"Acidente s";"4,4";"BR-392/RS";"Sul";"Colisão Traseira";2;0;0;0;0;0;0;0;0;0;2;0;0;0;0
"01/08/2022";"10:59:00";"36";"Acidente s";"193,3";"BR-392/RS";"Sul";"Colisão Transversal";2;0;0;0;0;0;0;0;0;0;2;0;0;0;0
"02/08/2022";"08:07:00";"12";"Acidente s";"425,9";"BR-116/RS";"Norte";"Colisão lateral no sentido contrário";1;0;1;0;0;0;0;0;0;0;4;0;0;0;0
"03/08/2022";"08:20:00";"8";"Acidente s";"6,2";"BR-392/RS";"Sul";"Colisão Transversal";1;0;1;0;0;0;0;0;0;0;2;0;0;0;0
"05/08/2022";"14:35:00";"47";"Acidente c";"424";"BR-116/RS";"Norte";"Saída de Pista";1;0;0;0;0;0;0;0;0;0;2;1;0;0;0
"05/08/2022";"17:15:00";"62";"Acidente s";"648,8";"BR-116/RS";"Norte";"Tombamento";0;0;1;0;0;0;0;0;0;0;1;0;0;0;0
"06/08/2022";"10:22:00";"21";"Acidente c";"585";"BR-116/RS";"Sul";"Saída de Pista";0;0;1;0;0;0;0;0;0;0;0;0;1;0;0
"08/08/2022";"07:54:00";"11";"Acidente c";"530";"BR-116/RS";"Norte";"Colisão Transversal";1;0;0;1;0;0;0;0;0;0;1;0;2;0;0
"08/08/2022";"18:08:00";"70";"Acidente c";"7,2";"BR-392/RS";"Norte";"Atropelamento";0;0;0;1;0;0;0;0;0;0;1;1;0;0;0
"10/08/2022";"20:10:00";"62";"Acidente c";"523,8";"BR-116/RS";"Sul";"Saída de Pista";1;0;0;0;0;0;0;0;0;0;0;1;0;0;0
"12/08/2022";"01:35:00";"8";"Acidente c";"34,8";"BR-392/RS";"Sul";"Colisão Traseira";0;0;2;0;0;0;0;0;0;0;1;0;1;0;0
"13/08/2022";"23:01:00";"69";"Acidente c";"16,5";"BR-392/RS";"Sul";"Choque - New jersey";0;0;0;1;0;0;0;0;0;0;0;1;0;0;0
"14/08/2022";"09:14:00";"21";"Acidente c";"4,1";"BR-392/RS";"Norte";"Saída de Pista";1;0;0;0;0;0;0;0;0;0;0;0;1;0;0
"14/08/2022";"19:45:00";"57";"Acidente c";"523,1";"BR-116/RS";"Sul";"Saída de Pista";0;0;0;1;0;0;0;0;0;0;0;0;2;0;0
"15/08/2022";"09:00:00";"16";"Acidente c";"80,9";"BR-392/RS";"Sul";"Saída de Pista";0;0;1;0;0;0;0;0;0;0;1;0;1;0;0
"19/08/2022";"07:51:00";"7";"Acidente c";"526,2";"BR-116/RS";"Norte";"Colisão lateral no mesmo sentido";1;0;0;1;0;0;0;0;0;0;1;1;0;0;0
"19/08/2022";"14:12:00";"33";"Acidente c";"57,6";"BR-392/RS";"Sul";"Colisão Traseira";2;0;0;0;0;0;0;0;0;0;1;1;0;0;0
"20/08/2022";"20:50:00";"61";"Acidente c";"3";"BR-392/RS";"Sul";"Colisão Transversal";1;0;0;1;0;0;0;0;0;0;1;1;0;0;0
"21/08/2022";"01:43:00";"5";"Acidente s";"516";"BR-116/RS";"Sul";"Capotamento";1;0;0;0;0;0;0;0;0;0;1;0;0;0;0
"21/08/2022";"07:01:00";"10";"Acidente c";"565,8";"BR-116/RS";"Norte";"Saída de Pista";1;0;0;0;0;0;0;0;0;0;0;0;1;0;0
"21/08/2022";"07:37:00";"12";"Acidente c";"5,5";"BR-392/RS";"Norte";"Saída de Pista";1;0;0;0;0;0;0;0;0;0;1;0;1;0;0
"21/08/2022";"08:04:00";"14";"Acidente c";"126,5";"BR-392/RS";"Sul";"Saída de Pista";1;0;0;0;0;0;0;0;0;0;0;2;0;0;0
"22/08/2022";"08:01:00";"12";"Acidente c";"521";"BR-116/RS";"Norte";"Colisão Transversal";1;0;0;1;0;0;0;0;0;0;1;1;0;0;0
"22/08/2022";"23:38:00";"59";"Acidente c";"9,3";"BR-392/RS";"Norte";"Queda de Moto";0;0;0;1;0;0;0;0;0;0;0;1;0;0;0
"24/08/2022";"11:37:00";"32";"Acidente c";"459,3";"BR-116/RS";"Sul";"Saída de Pista";1;0;0;0;0;0;0;0;0;0;0;1;0;0;0
"24/08/2022";"18:52:00";"55";"Acidente s";"588,3";"BR-116/RS";"Sul";"Atropelamento de Animal";1;0;0;0;0;0;0;0;0;0;4;0;0;0;0
"26/08/2022";"18:34:00";"50";"Acidente s";"57,9";"BR-392/RS";"Sul";"Saída de Pista";0;0;1;0;0;0;0;0;0;0;1;0;0;0;0
"28/08/2022";"08:29:00";"16";"Acidente s";"595";"BR-116/RS";"Norte";"Saída de Pista";0;0;1;0;0;0;0;0;0;0;1;0;0;0;0
"28/08/2022";"14:59:00";"33";"Acidente c";"16,5";"BR-392/RS";"Norte";"Queda de Moto";0;0;0;2;0;0;0;0;0;0;1;1;0;0;0
"29/08/2022";"22:09:00";"69";"Acidente s";"524,9";"BR-116/RS";"Sul";"Colisão Transversal";2;0;0;0;0;0;0;0;0;0;2;0;0;0;0
"30/08/2022";"11:49:00";"30";"Acidente s";"529";"BR-116/RS";"Sul";"Colisão Transversal";2;0;0;0;0;0;0;0;0;0;2;0;0;0;0
"31/08/2022";"08:20:00";"12";"Acidente s";"18";"BR-392/RS";"Sul";"Colisão Transversal";3;0;0;0;0;0;0;0;0;0;3;0;0;0;0
"31/08/2022";"13:06:00";"24";"Acidente c";"519,8";"BR-116/RS";"Sul";"Colisão lateral no mesmo sentido";0;1;0;1;0;0;0;0;0;0;1;1;0;0;0
"31/08/2022";"20:00:00";"58";"Acidente c";"18,1";"BR-392/RS";"Norte";"Colisão Traseira";1;0;1;0;0;0;0;0;0;0;0;3;0;0;0
"02/09/2022";"18:11:00";"57";"Acidente c";"81,9";"BR-392/RS";"Norte";"Colisão Frontal";2;0;1;0;0;0;0;0;0;0;2;1;0;0;0
"02/09/2022";"20:15:00";"63";"Acidente s";"125,7";"BR-392/RS";"Norte";"Colisão Traseira";2;0;0;0;0;0;0;0;0;0;5;0;0;0;0
"04/09/2022";"14:26:00";"30";"Acidente c";"427";"BR-116/RS";"Sul";"Colisão Transversal";0;0;1;1;0;0;0;0;0;0;1;0;0;1;0
"04/09/2022";"18:01:00";"47";"Acidente c";"530,1";"BR-116/RS";"Sul";"Colisão Transversal";1;0;0;1;0;0;0;0;0;0;3;1;0;0;0
"04/09/2022";"22:36:00";"55";"Acidente c";"413,1";"BR-116/RS";"Sul";"Colisão Frontal";1;0;0;1;0;0;0;0;0;0;1;0;0;1;0
"05/09/2022";"08:11:00";"20";"Acidente c";"516,9";"BR-116/RS";"Sul";"Colisão Transversal";1;0;0;1;0;0;0;0;0;0;2;1;0;0;0
"06/09/2022";"20:00:00";"67";"Acidente c";"431";"BR-116/RS";"Norte";"Saída de Pista";0;0;1;0;0;0;0;0;0;0;0;0;1;0;0
"07/09/2022";"03:41:00";"7";"Acidente c";"421";"BR-116/RS";"Norte";"Saída de Pista";1;0;0;0;0;0;0;0;0;0;0;0;3;1;0
"07/09/2022";"05:56:00";"10";"Acidente c";"512";"BR-116/RS";"Norte";"Saída de Pista";1;0;0;0;0;0;0;0;0;0;0;1;0;0;0
"07/09/2022";"22:12:00";"66";"Acidente c";"8,6";"BR-392/RS";"Sul";"Colisão Transversal";0;0;2;0;0;0;0;0;0;0;1;0;1;0;0
"09/09/2022";"20:05:00";"57";"Acidente c";"61";"BR-392/RS";"Norte";"Saída de Pista";0;0;0;1;0;0;0;0;0;0;0;1;0;0;0
"10/09/2022";"20:04:00";"34";"Acidente c";"42,7";"BR-392/RS";"Sul";"Outros Tipos";0;1;0;1;0;0;0;0;0;0;1;1;0;0;0
"11/09/2022";"12:57:00";"38";"Acidente c";"428";"BR-116/RS";"Norte";"Colisão Transversal";2;0;0;0;0;0;0;0;0;0;5;1;0;0;0
"11/09/2022";"13:13:00";"39";"Acidente c";"593";"BR-116/RS";"Norte";"Saída de Pista";1;0;0;0;0;0;0;0;0;0;0;1;0;0;0
"12/09/2022";"10:57:00";"30";"Acidente c";"526";"BR-116/RS";"Sul";"Queda de Moto";0;0;0;1;0;0;0;0;0;0;0;1;0;0;0
"13/09/2022";"08:09:00";"12";"Acidente c";"67";"BR-392/RS";"Norte";"Colisão Transversal";2;0;0;0;0;0;0;0;0;0;3;0;2;0;0
"14/09/2022";"19:24:00";"54";"Acidente c";"67";"BR-392/RS";"Norte";"Colisão Transversal";2;0;0;0;0;0;0;0;0;0;2;1;0;0;0
"16/09/2022";"05:08:00";"4";"Acidente c";"502,3";"BR-116/RS";"Sul";"Saída de Pista";1;0;0;0;0;0;0;0;0;0;0;0;2;1;0
"19/09/2022";"18:09:00";"61";"Acidente c";"71,6";"BR-392/RS";"Norte";"Colisão Transversal";2;0;0;0;0;0;0;0;0;0;1;1;0;0;0
"23/09/2022";"13:49:00";"36";"Acidente c";"657,4";"BR-116/RS";"Sul";"Colisão Transversal";1;0;0;1;0;0;0;0;0;0;1;1;1;0;0
"24/09/2022";"17:13:00";"40";"Acidente c";"525,9";"BR-116/RS";"Norte";"Colisão Transversal";2;0;0;0;0;0;0;0;0;0;3;2;0;0;0
"25/09/2022";"21:10:00";"52";"Acidente c";"476";"BR-116/RS";"Norte";"Colisão Frontal";1;0;1;0;0;0;0;0;0;0;0;8;0;0;0
"30/09/2022";"14:15:00";"29";"Acidente c";"657";"BR-116/RS";"Sul";"Colisão Frontal";2;0;0;0;0;0;0;0;0;0;2;1;0;0;0
"30/09/2022";"20:37:00";"53";"Acidente s";"66";"BR-392/RS";"Norte";"Saída de Pista";1;0;0;0;0;0;0;0;0;0;3;0;0;0;0
"02/10/2022";"16:45:00";"40";"Acidente c";"132,6";"BR-392/RS";"Sul";"Saída de Pista";0;0;0;1;0;0;0;0;0;0;0;1;0;0;0
"02/10/2022";"19:57:00";"54";"Acidente s";"577,8";"BR-116/RS";"Sul";"Atropelamento de Animal";1;0;0;0;0;0;0;0;0;0;3;0;0;0;0
"06/10/2022";"12:55:00";"35";"Acidente c";"427";"BR-116/RS";"Sul";"Colisão Traseira";2;0;0;0;0;0;0;0;0;0;1;3;1;0;0
"06/10/2022";"21:34:00";"77";"Acidente c";"455,5";"BR-116/RS";"Norte";"Saída de Pista";0;0;1;0;0;0;0;0;0;0;1;1;0;0;0
"07/10/2022";"05:37:00";"9";"Acidente c";"92,5";"BR-392/RS";"Sul";"Colisão lateral no sentido contrário";1;0;2;0;0;0;0;0;0;0;2;0;0;3;0
"07/10/2022";"07:27:00";"11";"Acidente c";"112";"BR-392/RS";"Norte";"Saída de Pista";1;0;0;0;0;0;0;0;0;0;0;0;0;0;1
"08/10/2022";"00:01:00";"1";"Acidente c";"1,5";"BR-392/RS";"Sul";"Colisão Frontal";1;0;1;0;0;0;0;0;0;0;1;1;0;0;0
"08/10/2022";"06:09:00";"8";"Acidente s";"127,7";"BR-392/RS";"Norte";"Saída de Pista";1;0;0;0;0;0;0;0;0;0;1;0;0;0;0
"08/10/2022";"12:36:00";"33";"Acidente c";"29";"BR-392/RS";"Norte";"Saída de Pista";0;0;2;0;0;0;0;0;0;0;1;1;0;0;0
"09/10/2022";"05:58:00";"7";"Acidente c";"114,8";"BR-392/RS";"Sul";"Queda de Moto";0;0;0;1;0;0;0;0;0;0;0;1;0;0;0
"09/10/2022";"18:32:00";"55";"Acidente c";"112,7";"BR-392/RS";"Norte";"Colisão lateral no sentido contrário";2;0;0;0;0;0;0;0;0;0;3;1;0;0;0
"11/10/2022";"00:42:00";"1";"Acidente c";"128";"BR-392/RS";"Norte";"Saída de Pista";0;0;1;0;0;0;0;0;0;0;0;1;0;0;0
"12/10/2022";"10:10:00";"22";"Acidente c";"26,4";"BR-392/RS";"Norte";"Colisão Transversal";1;1;0;0;0;0;0;0;0;0;1;1;0;0;0
"12/10/2022";"11:22:00";"25";"Acidente c";"506,5";"BR-116/RS";"Sul";"Saída de Pista";0;0;0;1;0;0;0;0;0;0;0;0;1;0;0
"13/10/2022";"11:57:00";"25";"Acidente c";"476,4";"BR-116/RS";"Norte";"Saída de Pista";0;0;1;0;0;0;0;0;0;0;0;0;1;0;0
"14/10/2022";"19:52:00";"60";"Acidente s";"20,2";"BR-392/RS";"Sul";"Colisão Traseira";2;0;0;0;0;0;0;0;0;0;3;0;0;0;0
"15/10/2022";"08:36:00";"15";"Acidente c";"575,5";"BR-116/RS";"Sul";"Tombamento";0;0;0;1;0;0;0;0;0;0;1;1;0;0;0
"16/10/2022";"20:19:00";"57";"Acidente c";"527,9";"BR-116/RS";"Sul";"Colisão Traseira";1;0;0;1;0;0;0;0;0;0;3;1;0;0;0
"17/10/2022";"19:36:00";"55";"Acidente c";"18,1";"BR-392/RS";"Sul";"Saída de Pista";1;0;0;0;0;0;0;0;0;0;0;1;0;0;0
"18/10/2022";"21:43:00";"79";"Acidente c";"88,7";"BR-392/RS";"Sul";"Colisão lateral no mesmo sentido";1;0;1;0;0;0;0;0;0;0;2;1;0;0;0
"20/10/2022";"01:41:00";"1";"Acidente s";"447";"BR-116/RS";"Sul";"Colisão Traseira";0;0;2;0;0;0;0;0;0;0;2;0;0;0;0
"20/10/2022";"08:44:00";"8";"Acidente c";"123";"BR-392/RS";"Norte";"Colisão Traseira";1;0;0;0;1;0;0;0;0;0;1;1;0;0;0
"21/10/2022";"18:05:00";"47";"Acidente c";"508,9";"BR-116/RS";"Sul";"Queda de Moto";0;0;0;1;0;0;0;0;0;0;1;1;0;0;0
"22/10/2022";"05:49:00";"9";"Acidente c";"506,6";"BR-116/RS";"Sul";"Saída de Pista";0;0;1;0;0;0;0;0;0;0;0;0;1;0;0
"23/10/2022";"06:49:00";"12";"Acidente c";"183,9";"BR-392/RS";"Sul";"Saida de Pista";1;0;0;0;0;0;0;0;0;0;1;1;0;0;0
"23/10/2022";"16:30:00";"50";"Acidente c";"42,1";"BR-392/RS";"Sul";"Queda de Moto";0;0;0;1;0;0;0;0;0;0;0;0;1;0;0
"23/10/2022";"21:13:00";"69";"Acidente c";"483,8";"BR-116/RS";"Sul";"Colisão Traseira";1;0;0;1;0;0;0;0;0;0;2;1;0;0;0
"24/10/2022";"20:42:00";"69";"Acidente c";"26,7";"BR-392/RS";"Norte";"Atropelamento";0;0;1;0;0;0;0;0;0;0;1;0;0;0;1
"26/10/2022";"07:38:00";"10";"Acidente c";"66,5";"BR-392/RS";"Norte";"Queda de Moto";0;0;0;1;0;0;0;0;0;0;0;1;0;0;0
"26/10/2022";"08:11:00";"13";"Acidente c";"517";"BR-116/RS";"Norte";"Colisão Transversal";2;0;0;0;0;0;0;0;0;0;2;0;1;0;0
"26/10/2022";"18:06:00";"50";"Acidente c";"404";"BR-116/RS";"Norte";"Saída de Pista";1;0;0;0;0;0;0;0;0;0;0;0;1;0;0
"28/10/2022";"08:10:00";"12";"Acidente c";"21,36";"BR-392/RS";"Sul";"Outros Tipos";0;0;0;2;0;0;0;0;0;0;0;2;0;0;0
"29/10/2022";"07:26:00";"2";"Acidente c";"18";"BR-392/RS";"Sul";"Colisão Transversal";1;0;0;1;0;0;0;0;0;0;1;2;0;0;0
"05/11/2022";"12:46:00";"31";"Acidente c";"120,8";"BR-392/RS";"Norte";"Colisão Transversal";1;0;1;0;0;0;0;0;0;0;1;0;3;0;0
"05/11/2022";"15:04:00";"44";"Acidente c";"41";"BR-392/RS";"Sul";"Queda de Moto";0;0;0;1;0;0;0;0;0;0;0;0;1;0;0
"06/11/2022";"08:37:00";"15";"Acidente s";"30,2";"BR-392/RS";"Sul";"Saída de Pista";1;0;0;0;0;0;0;0;0;0;2;0;0;0;0
"06/11/2022";"21:07:00";"77";"Acidente c";"122,3";"BR-392/RS";"Sul";"Colisão Transversal";2;0;0;0;0;0;0;0;0;0;2;0;1;0;4
"07/11/2022";"12:41:00";"36";"Acidente c";"463,8";"BR-116/RS";"Sul";"Saída de Pista";1;0;0;0;0;0;0;0;0;0;1;0;1;0;0
"07/11/2022";"17:15:00";"55";"Acidente s";"74,5";"BR-392/RS";"Norte";"Colisão Traseira";1;0;1;0;0;0;0;0;0;0;2;0;0;0;0
"08/11/2022";"07:55:00";"10";"Acidente c";"523,5";"BR-116/RS";"Sul";"Queda de Moto";0;0;0;1;0;0;0;0;0;0;0;1;0;0;0
"09/11/2022";"20:08:00";"47";"Acidente s";"524,8";"BR-116/RS";"Sul";"Colisão Traseira";2;0;0;0;0;0;0;0;0;0;3;0;0;0;0
"10/11/2022";"12:53:00";"30";"Acidente c";"182";"BR-392/RS";"Norte";"Tombamento";0;0;1;0;0;0;0;0;0;0;0;0;0;0;1
"11/11/2022";"13:19:00";"34";"Acidente s";"465";"BR-116/RS";"Norte";"Colisão Transversal";2;0;0;0;0;0;0;0;0;0;4;0;0;0;0
"12/11/2022";"05:28:00";"7";"Acidente c";"483,9";"BR-116/RS";"Sul";"Colisão Traseira";1;0;1;0;0;0;0;0;0;0;2;1;2;0;0