data;horario;n_da_ocorrencia;tipo_de_ocorrencia;km;trecho;sentido;tipo_de_acidente;automovel;bicicleta;caminhao;moto;onibus;outros;tracao_animal;transporte_de_cargas_especiais;trator_maquinas;utilitarios;ilesos;levemente_feridos;moderadamente_feridos;gravemente_feridos;mortos
"12/11/2022";"16:21:00";"59";"Acidente c";"168";"BR-392/RS";"Sul";"Queda de Moto";0;0;0;1;0;0;0;0;0;0;0;1;0;0;0
"12/11/2022";"18:57:00";"66";"Acidente c";"21";"BR-392/RS";"Sul";"Colisão lateral no mesmo sentido";1;0;1;0;0;0;0;0;0;0;4;1;0;0;0
"13/11/2022";"16:22:00";"40";"Acidente c";"445";"BR-116/RS";"Norte";"Saída de Pista";1;0;0;0;0;0;0;0;0;0;0;1;0;0;0
"13/11/2022";"17:36:00";"46";"Acidente c";"512,2";"BR-116/RS";"Sul";"Capotamento";1;0;0;0;0;0;0;0;0;0;0;0;1;0;0
"14/11/2022";"00:37:00";"3";"Acidente c";"403";"BR-116/RS";"Norte";"Saída de Pista";1;0;0;0;0;0;0;0;0;0;2;1;0;0;0
"14/11/2022";"15:06:00";"41";"Acidente c";"4";"BR-392/RS";"Sul";"Colisão Transversal";0;0;1;1;0;0;0;0;0;0;1;1;0;0;0
"15/11/2022";"11:43:00";"37";"Acidente s";"4,3";"BR-392/RS";"Sul";"Choque - Defensa metálica";1;0;0;0;0;0;0;0;0;0;2;0;0;0;0
"15/11/2022";"18:49:00";"76";"Acidente c";"529,2";"BR-116/RS";"Sul";"Colisão Transversal";1;0;0;1;0;0;0;0;0;0;1;0;1;0;0
"16/11/2022";"20:23:00";"80";"Acidente c";"18,9";"BR-392/RS";"Sul";"Colisão lateral no mesmo sentido";1;1;0;0;0;0;0;0;0;0;3;1;1;1;0
"17/11/2022";"02:18:00";"2";"Acidente c";"44";"BR-392/RS";"Norte";"Atropelamento";0;0;1;0;0;0;0;0;0;0;1;0;0;0;1
"18/11/2022";"13:49:00";"34";"Acidente c";"474";"BR-116/RS";"Norte";"Colisão Traseira";1;0;1;0;0;0;0;0;0;0;1;0;1;0;0
"18/11/2022";"23:05:00";"73";"Acidente c";"6,3";"BR-392/RS";"Norte";"Choque - Sinalização";1;0;0;0;0;0;0;0;0;0;0;1;0;0;0
"22/11/2022";"10:59:00";"17";"Acidente c";"170";"BR-392/RS";"Norte";"Saída de Pista";1;0;0;0;0;0;0;0;0;0;0;1;0;0;0
"23/11/2022";"07:38:00";"12";"Acidente c";"26,5";"BR-392/RS";"Norte";"Colisão Traseira";0;0;1;0;1;0;0;0;0;0;3;2;0;0;0
"24/11/2022";"14:46:00";"52";"Acidente c";"425";"BR-116/RS";"Norte";"Atropelamento";1;0;0;0;0;0;0;0;0;0;1;1;0;0;0
"25/11/2022";"07:59:00";"12";"Acidente c";"67";"BR-392/RS";"Norte";"Colisão Transversal";1;0;0;1;0;0;0;0;0;0;1;1;0;0;0
"25/11/2022";"18:31:00";"70";"Acidente c";"13,3";"BR-392/RS";"Norte";"Queda de Moto";0;0;0;1;0;0;0;0;0;0;0;1;0;0;0
"25/11/2022";"22:18:00";"84";"Acidente c";"656,5";"BR-116/RS";"Norte";"Colisão Frontal";2;0;0;0;0;0;0;0;0;0;1;0;0;0;1
"26/11/2022";"05:17:00";"6";"Acidente s";"512,5";"BR-116/RS";"Norte";"Saída de Pista";1;0;0;0;0;0;0;0;0;0;2;0;0;0;0
"28/11/2022";"07:43:00";"12";"Acidente c";"26,8";"BR-392/RS";"Norte";"Queda de Moto";0;0;0;1;0;0;0;0;0;0;0;1;0;0;0
"29/11/2022";"18:25:00";"43";"Acidente c";"511,3";"BR-116/RS";"Norte";"Colisão Traseira";2;0;0;0;0;0;0;0;0;0;3;1;0;0;0
"30/11/2022";"18:44:00";"57";"Acidente c";"521";"BR-116/RS";"Norte";"Colisão Transversal";1;0;0;1;0;0;0;0;0;0;1;1;0;0;0
"01/12/2022";"16:27:00";"48";"Acidente c";"46";"BR-392/RS";"Norte";"Capotamento";1;0;0;0;0;0;0;0;0;0;0;0;1;0;0
"02/12/2022";"07:32:00";"11";"Acidente s";"126,9";"BR-392/RS";"Sul";"Atropelamento de Animal";1;0;0;0;0;0;0;0;0;0;3;0;0;0;0
"03/12/2022";"22:32:00";"73";"Acidente c";"529";"BR-116/RS";"Sul";"Colisão Frontal";2;0;0;0;0;0;0;0;0;0;3;1;1;0;0
"03/12/2022";"23:42:00";"77";"Acidente s";"20,2";"BR-392/RS";"Norte";"Outros";1;0;1;0;0;1;0;0;0;0;7;0;0;0;0
"04/12/2022";"14:14:00";"30";"Acidente c";"489,7";"BR-116/RS";"Sul";"Saída de Pista";1;0;0;0;0;0;0;0;0;0;1;1;0;0;0
"04/12/2022";"20:15:00";"59";"Acidente c";"9";"BR-392/RS";"Sul";"Colisão Transversal";1;0;0;1;0;0;0;0;0;0;1;1;1;0;0
"05/12/2022";"12:23:00";"30";"Acidente c";"479,3";"BR-116/RS";"Norte";"Saída de Pista";1;0;0;0;0;0;0;0;0;0;0;0;0;0;1
"06/12/2022";"16:05:00";"57";"Acidente c";"198,2";"BR-392/RS";"Norte";"Colisão Frontal";1;0;1;0;0;0;0;0;0;0;1;0;0;0;1
"07/12/2022";"20:17:00";"59";"Acidente c";"28,8";"BR-392/RS";"Norte";"Colisão Traseira";1;1;0;0;0;0;0;0;0;0;1;1;0;0;0
"09/12/2022";"06:44:00";"6";"Acidente c";"112,8";"BR-392/RS";"Sul";"Colisão Traseira";1;0;0;1;0;0;0;0;0;0;1;0;1;0;0
"15/12/2022";"18:04:00";"65";"Acidente c";"27";"BR-392/RS";"Norte";"Queda de Moto";0;0;0;1;0;0;0;0;0;0;0;2;0;0;0
"16/12/2022";"03:45:00";"13";"Acidente s";"420";"BR-116/RS";"Norte";"Saída de Pista";0;0;1;0;0;0;0;0;0;0;1;0;0;0;0
"16/12/2022";"06:21:00";"14";"Acidente c";"114,1";"BR-392/RS";"Sul";"Saída de Pista";0;0;1;0;0;0;0;0;0;0;0;1;0;0;0
"16/12/2022";"07:59:00";"20";"Acidente s";"56,5";"BR-392/RS";"Sul";"Colisão lateral no mesmo sentido";1;0;0;0;0;1;0;0;0;0;6;0;0;0;0
"16/12/2022";"13:05:00";"41";"Acidente s";"502,1";"BR-116/RS";"Sul";"Saída de Pista";0;0;1;0;0;0;0;0;0;0;1;0;0;0;0
"17/12/2022";"01:01:00";"1";"Acidente c";"524,8";"BR-116/RS";"Sul";"Tombamento";0;0;1;0;0;0;0;0;0;0;0;0;1;0;0
"18/12/2022";"07:01:00";"11";"Acidente c";"26,3";"BR-392/RS";"Sul";"Colisão Traseira";2;0;0;0;0;0;0;0;0;0;1;0;4;0;0
"19/12/2022";"05:49:00";"12";"Acidente c";"526";"BR-116/RS";"Norte";"Colisão Transversal";1;0;0;1;0;0;0;0;0;0;2;1;0;0;0
"19/12/2022";"22:15:00";"78";"Acidente c";"482";"BR-116/RS";"Sul";"Saída de Pista";0;0;0;1;0;0;0;0;0;0;0;1;0;0;0
"20/12/2022";"06:51:00";"6";"Acidente s";"527,2";"BR-116/RS";"Sul";"Saída de Pista";1;0;0;0;0;0;0;0;0;0;1;0;0;0;0
"21/12/2022";"09:38:00";"28";"Acidente c";"517";"BR-116/RS";"Norte";"Colisão Transversal";1;0;0;1;0;0;0;0;0;0;3;1;0;0;0
"21/12/2022";"19:35:00";"62";"Acidente c";"526,5";"BR-116/RS";"Sul";"Colisão Traseira";1;0;0;1;0;0;0;0;0;0;1;0;0;1;0
"22/12/2022";"07:31:00";"6";"Acidente c";"521";"BR-116/RS";"Norte";"Colisão Traseira";1;0;0;1;0;0;0;0;0;0;1;1;0;0;0
"23/12/2022";"09:49:00";"19";"Acidente c";"488,5";"BR-116/RS";"Norte";"Saída de Pista";1;0;0;0;0;0;0;0;0;0;1;1;0;0;0
"23/12/2022";"17:40:00";"55";"Acidente c";"474,6";"BR-116/RS";"Norte";"Atropelamento";1;0;0;0;0;0;0;0;0;0;2;0;0;1;0
"23/12/2022";"20:55:00";"63";"Acidente c";"12,2";"BR-392/RS";"Norte";"Saída de Pista";1;0;1;0;0;0;0;0;0;0;1;1;0;0;0
"23/12/2022";"21:38:00";"68";"Acidente s";"193,3";"BR-392/RS";"Norte";"Saída de Pista";1;0;0;0;0;0;0;0;0;0;4;0;0;0;0
"23/12/2022";"23:18:00";"75";"Acidente c";"7,6";"BR-392/RS";"Sul";"Colisão Traseira";1;0;1;0;0;0;0;0;0;0;1;1;0;0;0
"25/12/2022";"10:01:00";"13";"Acidente c";"71,8";"BR-392/RS";"Norte";"Colisão Traseira";1;0;0;1;0;0;0;0;0;0;2;1;0;0;0
"26/12/2022";"06:12:00";"6";"Acidente c";"19";"BR-392/RS";"Sul";"Tombamento";0;0;1;0;0;0;0;0;0;0;2;0;1;0;0
"26/12/2022";"08:18:00";"12";"Acidente c";"514,4";"BR-116/RS";"Sul";"Colisão Traseira";0;1;1;0;0;0;0;0;0;0;1;0;0;0;1
"26/12/2022";"17:12:00";"46";"Acidente c";"106";"BR-392/RS";"Norte";"Colisão Transversal";2;0;0;0;0;0;0;0;0;0;1;1;0;0;0
"27/12/2022";"19:29:00";"56";"Acidente c";"46";"BR-392/RS";"Norte";"Queda de Moto";0;0;0;1;0;0;0;0;0;0;1;1;0;0;0
"28/12/2022";"07:43:00";"10";"Acidente c";"406,9";"BR-116/RS";"Norte";"Saída de Pista";1;0;0;0;0;0;0;0;0;0;0;0;0;0;1
"30/12/2022";"08:23:00";"9";"Acidente c";"45,3";"BR-392/RS";"Norte";"Saída de Pista";1;0;0;0;0;0;0;0;0;0;1;1;3;0;0
"01/01/2023";"00:10:00";"1";"Acidente c";"572,3";"BR-116/RS";"Sul";"Colisão Traseira";1;0;0;1;0;0;0;0;0;0;1;0;0;1;1
"01/01/2023";"17:13:00";"72";"Acidente c";"51,5";"BR-392/RS";"Norte";"Colisão Traseira";2;0;0;0;0;0;0;0;0;0;1;1;0;0;0
"03/01/2023";"07:14:00";"8";"Acidente c";"81";"BR-392/RS";"Sul";"Queda de Moto";0;0;0;1;0;0;0;0;0;0;0;2;0;0;0
"03/01/2023";"11:21:00";"33";"Acidente s";"33";"BR-392/RS";"Sul";"Colisão lateral no mesmo sentido";1;0;1;0;0;0;0;0;0;0;5;0;0;0;0
"03/01/2023";"23:33:00";"80";"Acidente c";"47,7";"BR-392/RS";"Norte";"Colisão Traseira";0;0;1;1;0;0;0;0;0;0;1;0;1;0;0
"04/01/2023";"11:24:00";"33";"Acidente c";"515,3";"BR-116/RS";"Norte";"Queda de Moto";0;0;0;1;0;0;0;0;0;0;0;1;0;0;0
"04/01/2023";"18:30:00";"69";"Acidente c";"525,9";"BR-116/RS";"Sul";"Colisão Transversal";1;0;0;1;0;0;0;0;0;0;1;0;1;0;0
"06/01/2023";"12:46:00";"31";"Acidente c";"51,8";"BR-392/RS";"Sul";"Colisão Traseira";0;0;1;1;0;0;0;0;0;0;1;2;0;0;0
"07/01/2023";"20:26:00";"74";"Acidente c";"528";"BR-116/RS";"Sul";"Queda de Moto";0;0;0;1;0;0;0;0;0;0;1;0;1;0;0
"07/01/2023";"20:49:00";"76";"Acidente c";"67";"BR-392/RS";"Norte";"Colisão Transversal";1;0;0;1;0;0;0;0;0;0;2;0;0;1;0
"07/01/2023";"21:18:00";"78";"Acidente s";"411,3";"BR-116/RS";"Norte";"Saída de Pista";1;0;0;0;0;0;0;0;0;0;1;0;0;0;0
"08/01/2023";"09:36:00";"21";"Acidente s";"126";"BR-392/RS";"Norte";"Saída de Pista";1;0;0;0;0;0;0;0;0;0;2;0;0;0;0
"08/01/2023";"11:29:00";"25";"Acidente c";"31";"BR-392/RS";"Norte";"Colisão Transversal";2;0;0;0;0;0;0;0;0;0;2;1;0;0;0
"11/01/2023";"14:55:00";"51";"Acidente c";"81,5";"BR-392/RS";"Norte";"Saída de Pista";1;0;0;0;0;0;0;0;0;0;0;1;1;0;0
"12/01/2023";"05:59:00";"8";"Acidente c";"102,7";"BR-392/RS";"Norte";"Colisão Frontal";1;0;2;0;0;0;0;0;0;0;2;0;1;0;0
"13/01/2023";"16:16:00";"57";"Acidente c";"464,2";"BR-116/RS";"Sul";"Colisão Transversal";1;0;1;0;0;0;0;0;0;0;4;1;1;0;0
"13/01/2023";"18:44:00";"69";"Acidente c";"451";"BR-116/RS";"Sul";"Colisão Frontal";3;0;0;0;0;0;0;0;0;0;3;4;0;0;0
"15/01/2023";"09:02:00";"19";"Acidente c";"655,7";"BR-116/RS";"Norte";"Saída de Pista";1;0;0;0;0;0;0;0;0;0;0;0;1;0;0
"15/01/2023";"17:15:00";"58";"Acidente c";"464,5";"BR-116/RS";"Norte";"Colisão lateral no mesmo sentido";0;0;1;1;0;0;0;0;0;0;1;1;0;0;0
"16/01/2023";"18:07:00";"81";"Acidente c";"92,4";"BR-392/RS";"Sul";"Colisão lateral no mesmo sentido";1;0;2;0;0;0;0;0;0;0;2;1;1;0;0
"18/01/2023";"08:08:00";"10";"Acidente c";"194";"BR-392/RS";"Sul";"Tombamento";0;0;1;0;0;0;0;0;0;0;0;1;0;0;0
"18/01/2023";"11:28:00";"30";"Acidente c";"524,8";"BR-116/RS";"Norte";"Colisão Transversal";1;0;1;0;0;0;0;0;0;0;4;1;0;0;0
"18/01/2023";"14:45:00";"41";"Acidente s";"470,1";"BR-116/RS";"Sul";"Engavetamento";2;0;2;0;0;0;0;0;0;0;7;0;0;0;0
"21/01/2023";"13:48:00";"35";"Acidente c";"537,6";"BR-116/RS";"Sul";"Queda de Moto";0;0;0;1;0;0;0;0;0;0;0;1;0;0;0
"21/01/2023";"18:21:00";"60";"Acidente c";"524,2";"BR-116/RS";"Sul";"Tombamento";0;0;1;0;0;0;0;0;0;0;0;1;0;0;0
"22/01/2023";"14:11:00";"37";"Acidente c";"629,7";"BR-116/RS";"Norte";"Queda de Moto";0;0;0;1;0;0;0;0;0;0;0;2;0;0;0
"23/01/2023";"06:22:00";"14";"Acidente s";"58";"BR-392/RS";"Sul";"Colisão Traseira";1;0;1;0;0;0;0;0;0;0;4;0;0;0;0
"23/01/2023";"14:50:00";"69";"Acidente c";"80,2";"BR-392/RS";"Norte";"Saída de Pista";0;0;0;3;0;0;0;0;0;0;3;1;0;1;0
"25/01/2023";"01:51:00";"4";"Acidente c";"103";"BR-392/RS";"Sul";"Saída de Pista";1;0;0;0;0;0;0;0;0;0;0;0;0;1;0
"25/01/2023";"07:53:00";"13";"Acidente c";"519";"BR-116/RS";"Sul";"Colisão Transversal";1;1;0;0;0;0;0;0;0;0;1;1;0;0;0
"26/01/2023";"05:21:00";"2";"Acidente c";"5,8";"BR-392/RS";"Norte";"Capotamento";1;0;0;0;0;0;0;0;0;0;0;1;0;0;0
"26/01/2023";"07:19:00";"7";"Acidente c";"5,4";"BR-392/RS";"Norte";"Queda de Moto";0;0;0;1;0;0;0;0;0;0;0;1;0;0;0
"26/01/2023";"07:58:00";"10";"Acidente c";"7,8";"BR-392/RS";"Sul";"Queda de Moto";1;0;0;1;0;0;0;0;0;0;1;2;0;0;0
"26/01/2023";"21:19:00";"63";"Acidente c";"66,9";"BR-392/RS";"Norte";"Colisão Transversal";1;0;1;0;0;0;0;0;0;0;1;0;2;0;0
"28/01/2023";"07:04:00";"13";"Acidente s";"121,4";"BR-392/RS";"Sul";"Saída de Pista";1;0;0;0;0;0;0;0;0;0;1;0;0;0;0
"29/01/2023";"12:50:00";"23";"Acidente c";"73,36";"BR-392/RS";"Norte";"Colisão Transversal";0;0;1;1;0;0;0;0;0;0;1;1;0;0;0
"31/01/2023";"14:23:00";"49";"Acidente c";"42";"BR-392/RS";"Norte";"Atropelamento de Animal";0;0;0;1;0;0;0;0;0;0;0;1;0;0;0
"02/02/2023";"17:03:00";"44";"Acidente c";"403";"BR-116/RS";"Norte";"Colisão Traseira";0;0;2;0;0;0;0;0;0;0;1;2;0;0;0
"04/02/2023";"05:41:00";"2";"Acidente c";"127,1";"BR-392/RS";"Sul";"Saída de Pista";0;0;0;1;0;0;0;0;0;0;0;0;1;0;0
"04/02/2023";"17:54:00";"64";"Acidente c";"524";"BR-116/RS";"Norte";"Saída de Pista";1;0;0;0;0;0;0;0;0;0;0;0;1;0;0
"05/02/2023";"17:08:00";"55";"Acidente c";"96";"BR-392/RS";"Norte";"Saída de Pista";1;0;0;0;0;0;0;0;0;0;0;2;0;0;0
"07/02/2023";"05:38:00";"4";"Acidente c";"614,7";"BR-116/RS";"Sul";"Colisão Traseira";0;0;2;0;0;0;0;0;0;0;2;0;0;1;0
"07/02/2023";"10:11:00";"24";"Acidente c";"515,5";"BR-116/RS";"Norte";"Queda de Moto";0;0;0;1;0;0;0;0;0;0;0;1;0;0;0
"08/02/2023";"11:06:00";"26";"Acidente c";"77,5";"BR-392/RS";"Norte";"Queda de Moto";0;0;0;1;0;0;0;0;0;0;0;2;0;0;0
"10/02/2023";"22:47:00";"80";"Acidente c";"21";"BR-392/RS";"Sul";"Saída de Pista";1;0;0;0;0;0;0;0;0;0;0;0;0;2;0
"11/02/2023";"07:19:00";"6";"Acidente c";"80";"BR-392/RS";"Norte";"Choque - Outros";1;0;0;0;0;0;0;0;0;0;0;0;0;0;1
"11/02/2023";"12:32:00";"34";"Acidente s";"8";"BR-392/RS";"Sul";"Saída de Pista";0;0;1;0;0;0;0;0;0;0;1;0;0;0;0
"11/02/2023";"20:32:00";"64";"Acidente c";"20";"BR-392/RS";"Norte";"Queda de Moto";0;0;0;1;0;0;0;0;0;0;0;1;0;0;0
"12/02/2023";"05:59:00";"11";"Acidente c";"126,3";"BR-392/RS";"Norte";"Saída de Pista";1;0;0;0;0;0;0;0;0;0;1;1;0;0;0
"12/02/2023";"06:57:00";"12";"Acidente c";"528,5";"BR-116/RS";"Sul";"Colisão lateral no mesmo sentido";2;0;0;0;0;0;0;0;0;0;1;2;0;0;0
"13/02/2023";"05:23:00";"10";"Acidente c";"14,9";"BR-392/RS";"Norte";"Saída de Pista";1;0;0;0;0;0;0;0;0;0;1;4;0;0;0
"13/02/2023";"11:25:00";"39";"Acidente c";"530";"BR-116/RS";"Norte";"Colisão Transversal";1;0;1;0;0;0;0;0;0;0;2;1;0;0;0
"17/02/2023";"10:44:00";"40";"Acidente s";"494,8";"BR-116/RS";"Sul";"Colisão lateral no mesmo sentido";1;0;1;0;0;0;0;0;0;0;2;0;0;0;0
"18/02/2023";"06:02:00";"12";"Acidente c";"6,4";"BR-392/RS";"Sul";"Queda de Moto";0;0;0;1;0;0;0;0;0;0;0;0;0;1;0
"19/02/2023";"07:02:00";"9";"Acidente s";"487";"BR-116/RS";"Norte";"Colisão lateral no sentido contrário";1;0;1;0;0;0;0;0;0;0;3;0;0;0;0
"20/02/2023";"02:29:00";"3";"Acidente c";"118,3";"BR-392/RS";"Sul";"Choque - New jersey";1;0;0;0;0;0;0;0;0;0;0;1;0;0;0
"20/02/2023";"07:17:00";"10";"Acidente c";"15,5";"BR-392/RS";"Sul";"Colisão Transversal";0;1;0;0;1;0;0;0;0;0;1;0;0;1;0
"20/02/2023";"23:54:00";"88";"Acidente c";"44,8";"BR-392/RS";"Norte";"Saída de Pista";0;0;0;1;0;0;0;0;0;0;0;1;0;0;0
"24/02/2023";"09:36:00";"31";"Acidente c";"417,5";"BR-116/RS";"Sul";"Colisão Traseira";0;0;1;1;0;0;0;0;0;0;1;0;0;1;0
"25/02/2023";"00:42:00";"2";"Acidente c";"137,5";"BR-392/RS";"Sul";"Queda de Moto";0;0;0;1;0;0;0;0;0;0;0;1;0;0;0
"25/02/2023";"03:46:00";"8";"Acidente s";"652";"BR-116/RS";"Norte";"Saída de Pista";1;0;0;0;0;0;0;0;0;0;2;0;0;0;0
"26/02/2023";"11:48:00";"31";"Acidente c";"512,3";"BR-116/RS";"Sul";"Colisão lateral no mesmo sentido";0;0;0;2;0;0;0;0;0;0;2;0;0;0;1
"03/03/2023";"08:42:00";"20";"Acidente s";"516,5";"BR-116/RS";"Sul";"Colisão Transversal";0;1;1;0;0;0;0;0;0;0;2;0;0;0;0
"03/03/2023";"10:55:00";"28";"Acidente s";"614";"BR-116/RS";"Sul";"Colisão lateral no mesmo sentido";0;0;1;0;0;1;0;0;0;0;3;0;0;0;0
"06/03/2023";"14:06:00";"38";"Acidente c";"118,8";"BR-392/RS";"Sul";"Atropelamento";0;0;1;0;0;0;0;0;0;0;1;0;0;1;0
"07/03/2023";"01:32:00";"2";"Acidente c";"4,1";"BR-392/RS";"Sul";"Colisão Frontal";2;0;1;0;0;0;0;0;0;0;2;1;0;0;0
"07/03/2023";"06:20:00";"6";"Acidente c";"12,7";"BR-392/RS";"Norte";"Colisão Traseira";0;1;1;0;0;0;0;0;0;0;1;0;1;0;0
"07/03/2023";"08:13:00";"13";"Acidente c";"9,5";"BR-392/RS";"Sul";"Colisão lateral no mesmo sentido";0;0;1;1;0;0;0;0;0;0;1;1;0;0;0
"07/03/2023";"13:20:00";"27";"Acidente c";"23,3";"BR-392/RS";"Sul";"Colisão Traseira";1;0;1;0;0;0;0;0;0;0;1;1;0;0;0
"08/03/2023";"09:57:00";"23";"Acidente s";"95,7";"BR-392/RS";"Sul";"Tombamento";0;0;2;0;0;0;0;0;0;0;2;0;0;0;0
"09/03/2023";"10:44:00";"26";"Acidente c";"78,6";"BR-392/RS";"Sul";"Colisão Transversal";1;0;1;0;0;0;0;0;0;0;1;0;0;4;0
"09/03/2023";"18:04:00";"50";"Acidente c";"9,5";"BR-392/RS";"Sul";"Colisão Transversal";1;0;0;1;0;0;0;0;0;0;1;1;0;0;0
"10/03/2023";"00:04:00";"1";"Acidente s";"514,9";"BR-116/RS";"Sul";"Capotamento";1;0;0;0;0;0;0;0;0;0;1;0;0;0;0
"10/03/2023";"17:02:00";"50";"Acidente c";"2,8";"BR-392/RS";"Norte";"Colisão Traseira";1;0;1;0;0;0;0;0;0;0;1;1;0;0;0
"11/03/2023";"05:35:00";"5";"Acidente c";"426,6";"BR-116/RS";"Norte";"Colisão lateral no sentido contrário";0;0;1;0;1;0;0;0;0;0;18;0;0;1;0
"11/03/2023";"08:09:00";"12";"Acidente c";"52,1";"BR-392/RS";"Norte";"Colisão lateral no mesmo sentido";1;0;0;1;0;0;0;0;0;0;2;2;0;0;0
"12/03/2023";"07:37:00";"13";"Acidente c";"526";"BR-116/RS";"Norte";"Colisão Transversal";1;1;0;0;0;0;0;0;0;0;7;0;1;0;0
"13/03/2023";"07:15:00";"14";"Acidente c";"5,3";"BR-392/RS";"Norte";"Saída de Pista";1;0;0;0;0;0;0;0;0;0;0;1;0;0;0
"13/03/2023";"07:42:00";"16";"Acidente c";"5,2";"BR-392/RS";"Sul";"Tombamento";0;0;0;1;0;0;0;0;0;0;0;1;0;0;0
"14/03/2023";"20:59:00";"55";"Acidente c";"112";"BR-392/RS";"Norte";"Colisão lateral no sentido contrário";0;0;1;1;0;0;0;0;0;0;1;0;0;0;1
"14/03/2023";"22:19:00";"61";"Acidente s";"451";"BR-116/RS";"Sul";"Colisão Traseira";0;0;2;0;0;0;0;0;0;0;2;0;0;0;0
"15/03/2023";"05:54:00";"6";"Acidente c";"5";"BR-392/RS";"Sul";"Saída de Pista";1;0;0;0;0;0;0;0;0;0;0;1;0;0;0
"15/03/2023";"21:30:00";"64";"Acidente c";"101,9";"BR-392/RS";"Norte";"Queda de Moto";0;0;0;1;0;0;0;0;0;0;0;2;0;0;0
"16/03/2023";"11:50:00";"39";"Acidente c";"454";"BR-116/RS";"Sul";"Colisão Transversal";1;0;0;1;0;0;0;0;0;0;2;1;0;0;0
"18/03/2023";"02:57:00";"3";"Acidente c";"475,4";"BR-116/RS";"Sul";"Saída de Pista";0;0;1;0;0;0;0;0;0;0;0;0;0;0;1
"18/03/2023";"13:15:00";"25";"Acidente c";"432,1";"BR-116/RS";"Norte";"Saída de Pista";1;0;0;0;0;0;0;0;0;0;0;0;0;1;0
"21/03/2023";"07:56:00";"10";"Acidente c";"530,5";"BR-116/RS";"Norte";"Atropelamento de Animal";0;0;0;1;0;0;0;0;0;0;0;1;0;0;0
"21/03/2023";"08:52:00";"12";"Acidente c";"72,8";"BR-392/RS";"Norte";"Saída de Pista";0;0;1;0;0;0;0;0;0;0;0;0;1;0;0
"21/03/2023";"22:49:00";"74";"Acidente c";"523,5";"BR-116/RS";"Norte";"Queda de Moto";0;0;0;1;0;0;0;0;0;0;0;0;1;0;0
"22/03/2023";"15:42:00";"37";"Acidente c";"4,7";"BR-392/RS";"Norte";"Colisão lateral no mesmo sentido";1;0;0;1;0;0;0;0;0;0;1;0;1;0;0
"23/03/2023";"07:33:00";"12";"Acidente s";"7,6";"BR-392/RS";"Norte";"Colisão Transversal";2;0;0;1;0;0;0;0;0;0;3;0;0;0;0
"24/03/2023";"06:40:00";"8";"Acidente s";"114,9";"BR-392/RS";"Sul";"Saída de Pista";1;0;0;0;0;0;0;0;0;0;1;0;0;0;0
"24/03/2023";"15:30:00";"49";"Acidente c";"21,6";"BR-392/RS";"Norte";"Saída de Pista";1;0;0;0;0;0;0;0;0;0;0;0;1;0;0
"24/03/2023";"20:03:00";"64";"Acidente c";"102,8";"BR-392/RS";"Norte";"Queda de Moto";0;0;0;1;0;0;0;0;0;0;0;1;1;0;0
"26/03/2023";"01:56:00";"4";"Acidente s";"612,6";"BR-116/RS";"Sul";"Saída de Pista";1;0;0;0;0;0;0;0;0;0;1;0;0;0;0
"31/03/2023";"08:18:00";"12";"Acidente c";"12,4";"BR-392/RS";"Norte";"Saída de Pista";1;0;0;0;0;0;0;0;0;0;0;0;1;0;0
"02/04/2023";"17:58:00";"49";"Acidente c";"68";"BR-392/RS";"Norte";"Queda de Moto";0;0;0;1;0;0;0;0;0;0;0;0;1;0;0
"02/04/2023";"19:51:00";"58";"Acidente c";"40";"BR-392/RS";"Norte";"Saída de Pista";1;0;0;0;0;0;0;0;0;0;0;1;0;0;0
"03/04/2023";"04:12:00";"8";"Acidente s";"524,5";"BR-116/RS";"Norte";"Choque - Defensa metálica";0;0;0;0;0;1;0;0;0;0;1;0;0;0;0
"03/04/2023";"07:00:00";"10";"Acidente c";"498,6";"BR-116/RS";"Sul";"Colisão Traseira";0;0;2;0;0;0;0;0;0;0;1;0;0;0;1
"03/04/2023";"07:11:00";"11";"Acidente c";"83";"BR-392/RS";"Norte";"Colisão Frontal";2;0;0;0;0;0;0;0;0;0;0;2;0;1;0
"04/04/2023";"04:56:00";"3";"Acidente s";"190,9";"BR-392/RS";"Sul";"Saída de Pista";0;0;1;0;0;0;0;0;0;0;1;0;0;0;0
"04/04/2023";"07:28:00";"7";"Acidente c";"4,5";"BR-392/RS";"Norte";"Queda de Moto";0;0;0;1;0;0;0;0;0;0;0;0;1;0;0
"04/04/2023";"14:44:00";"35";"Acidente c";"467,5";"BR-116/RS";"Norte";"Saída de Pista";1;0;0;0;0;0;0;0;0;0;0;0;1;0;0
"05/04/2023";"05:35:00";"7";"Acidente c";"502,3";"BR-116/RS";"Sul";"Saída de Pista";0;0;1;0;0;0;0;0;0;0;0;0;0;1;0
"05/04/2023";"13:32:00";"37";"Acidente c";"67";"BR-392/RS";"Norte";"Colisão Transversal";0;0;0;2;0;0;0;0;0;0;1;0;1;0;0
"06/04/2023";"06:08:00";"8";"Acidente s";"29,8";"BR-392/RS";"Sul";"Atropelamento de Animal";1;0;0;0;0;0;0;0;0;0;1;0;0;0;0
"06/04/2023";"11:52:00";"34";"Acidente c";"403,9";"BR-116/RS";"Norte";"Colisão Traseira";2;0;0;0;0;0;0;0;0;0;3;1;0;0;0
"07/04/2023";"03:55:00";"4";"Acidente c";"425,1";"BR-116/RS";"Norte";"Queda de Moto";0;0;0;1;0;0;0;0;0;0;0;1;0;0;1