data;horario;n_da_ocorrencia;tipo_de_ocorrencia;km;trecho;sentido;tipo_de_acidente;automovel;bicicleta;caminhao;moto;onibus;outros;tracao_animal;transporte_de_cargas_especiais;trator_maquinas;utilitarios;ilesos;levemente_feridos;moderadamente_feridos;gravemente_feridos;mortos
"07/04/2023";"20:31:00";"67";"Acidente s";"528,9";"BR-116/RS";"Sul";"Engavetamento";3;0;0;0;0;0;0;0;0;0;9;0;0;0;0
"09/04/2023";"23:02:00";"66";"Acidente c";"117,7";"BR-392/RS";"Norte";"Choque - Sinalização";1;0;0;0;0;0;0;0;0;0;0;2;0;0;0
"11/04/2023";"07:22:00";"6";"Acidente c";"175";"BR-392/RS";"Sul";"Colisão Transversal";0;0;1;1;0;0;0;0;0;0;1;1;1;0;0
"11/04/2023";"10:07:00";"20";"Acidente c";"97,9";"BR-392/RS";"Sul";"Colisão Frontal";2;0;0;0;0;0;0;0;0;0;1;1;2;0;0
"11/04/2023";"13:59:00";"37";"Acidente c";"613";"BR-116/RS";"Sul";"Saída de Pista";0;0;1;0;0;0;0;0;0;0;0;1;1;0;0
"17/04/2023";"07:41:00";"9";"Acidente c";"9,1";"BR-392/RS";"Sul";"Colisão Traseira";1;0;0;1;0;0;0;0;0;0;1;1;0;0;0
"17/04/2023";"17:06:00";"59";"Acidente c";"441,8";"BR-116/RS";"Norte";"Saída de Pista";0;0;0;1;0;0;0;0;0;0;0;0;0;1;0
"17/04/2023";"18:05:00";"61";"Acidente c";"67";"BR-392/RS";"Norte";"Colisão Transversal";1;0;0;1;0;0;0;0;0;0;3;0;0;1;0
"17/04/2023";"19:31:00";"64";"Acidente c";"193,9";"BR-392/RS";"Norte";"Colisão Frontal";0;0;2;0;0;0;0;0;0;0;0;1;0;0;1
"19/04/2023";"15:34:00";"37";"Acidente s";"400,6";"BR-116/RS";"Norte";"Saída de Pista";1;0;0;0;0;0;0;0;0;0;2;0;0;0;0
"20/04/2023";"20:58:00";"73";"Acidente c";"188,1";"BR-392/RS";"Sul";"Colisão Frontal";1;0;1;0;0;0;0;0;0;0;1;0;1;1;0
"21/04/2023";"10:42:00";"29";"Acidente s";"11,2";"BR-392/RS";"Sul";"Saída de Pista";1;0;0;0;0;0;0;0;0;0;1;0;0;0;0
"21/04/2023";"12:11:00";"35";"Acidente c";"521";"BR-116/RS";"Sul";"Colisão Transversal";1;0;0;1;0;0;0;0;0;0;1;0;1;0;0
"22/04/2023";"20:20:00";"67";"Acidente c";"529,5";"BR-116/RS";"Sul";"Colisão Traseira";1;1;0;0;0;0;0;0;0;0;1;0;1;0;0
"24/04/2023";"11:47:00";"24";"Acidente c";"517";"BR-116/RS";"Norte";"Colisão Transversal";2;0;0;0;0;0;0;0;0;0;1;0;1;0;0
"26/04/2023";"11:24:00";"34";"Acidente c";"521";"BR-116/RS";"Sul";"Colisão Transversal";1;0;0;1;0;0;0;0;0;0;1;1;0;0;0
"26/04/2023";"14:43:00";"45";"Acidente s";"526";"BR-116/RS";"Norte";"Colisão Transversal";2;0;0;0;0;0;0;0;0;0;10;0;0;0;0
"26/04/2023";"16:14:00";"52";"Acidente c";"427";"BR-116/RS";"Sul";"Colisão Transversal";2;0;0;0;0;0;0;0;0;0;3;2;1;0;0
"26/04/2023";"19:59:00";"68";"Acidente c";"613,8";"BR-116/RS";"Sul";"Colisão lateral no sentido contrário";1;0;0;1;0;0;0;0;0;0;1;1;0;0;0
"27/04/2023";"07:37:00";"12";"Acidente c";"526,7";"BR-116/RS";"Norte";"Colisão Traseira";1;0;0;1;0;0;0;0;0;0;2;0;1;0;0
"27/04/2023";"14:33:00";"44";"Acidente s";"198";"BR-392/RS";"Norte";"Colisão lateral no sentido contrário";0;0;2;0;0;0;0;0;0;0;2;0;0;0;0
"27/04/2023";"19:41:00";"65";"Acidente c";"93,4";"BR-392/RS";"Sul";"Colisão Transversal";1;0;1;0;0;0;0;0;0;0;1;0;2;1;0
"01/05/2023";"02:40:00";"2";"Acidente s";"46,6";"BR-392/RS";"Sul";"Saída de Pista";1;0;0;0;0;0;0;0;0;0;1;0;0;0;0
"02/05/2023";"11:48:00";"24";"Acidente c";"7,7";"BR-392/RS";"Sul";"Atropelamento - Pedestre";1;0;0;0;0;0;0;0;0;0;2;0;1;0;0
"04/05/2023";"02:56:00";"5";"Acidente c";"42,1";"BR-392/RS";"Norte";"Colisão Traseira";1;1;0;0;0;0;0;0;0;0;1;0;1;0;0
"04/05/2023";"23:35:00";"67";"Acidente c";"36,7";"BR-392/RS";"Sul";"Saída de Pista";1;0;0;0;0;0;0;0;0;0;0;0;1;0;0
"08/05/2023";"20:47:00";"94";"Acidente c";"9,4";"BR-392/RS";"Norte";"Colisão Traseira";0;0;2;1;0;0;0;0;0;0;2;1;0;0;0
"09/05/2023";"07:51:00";"11";"Acidente c";"482,5";"BR-116/RS";"Norte";"Colisão Transversal";1;0;0;1;0;0;0;0;0;0;3;1;0;0;0
"10/05/2023";"05:26:00";"6";"Acidente c";"61";"BR-392/RS";"Sul";"Saída de Pista";0;0;1;0;0;0;0;0;0;0;0;0;1;0;0
"12/05/2023";"19:58:00";"78";"Acidente s";"5,1";"BR-392/RS";"Sul";"Colisão Traseira";1;0;0;1;0;0;0;0;0;0;2;0;0;0;0
"12/05/2023";"23:13:00";"84";"Acidente c";"38,5";"BR-392/RS";"Sul";"Atropelamento de Animal";0;0;0;1;0;0;0;0;0;0;0;1;0;0;0
"13/05/2023";"15:46:00";"42";"Acidente c";"99,4";"BR-392/RS";"Sul";"Queda de Moto";0;0;0;1;0;0;0;0;0;0;0;2;0;0;0
"13/05/2023";"19:41:00";"63";"Acidente c";"16,9";"BR-392/RS";"Sul";"Colisão Traseira";2;0;0;1;0;0;0;0;0;0;2;2;0;0;0
"14/05/2023";"05:26:00";"7";"Acidente c";"525,5";"BR-116/RS";"Norte";"Colisão Traseira";1;0;1;0;0;0;0;0;0;0;1;0;1;0;0
"14/05/2023";"18:37:00";"58";"Acidente c";"449";"BR-116/RS";"Norte";"Saída de Pista";0;0;0;1;0;0;0;0;0;0;0;1;0;0;0
"14/05/2023";"20:55:00";"74";"Acidente s";"653,4";"BR-116/RS";"Norte";"Choque - Outros";1;0;0;0;0;0;0;0;0;0;1;0;0;0;0
"16/05/2023";"12:14:00";"28";"Acidente c";"517";"BR-116/RS";"Norte";"Colisão Transversal";1;0;0;1;0;0;0;0;0;0;1;1;0;0;0
"18/05/2023";"07:01:00";"9";"Acidente c";"522,8";"BR-116/RS";"Sul";"Colisão Traseira";1;1;0;0;0;0;0;0;0;0;1;0;0;1;0
"18/05/2023";"07:10:00";"12";"Acidente c";"87,5";"BR-392/RS";"Sul";"Colisão Transversal";0;0;0;2;0;0;0;0;0;0;1;0;1;0;0
"19/05/2023";"17:32:00";"64";"Acidente s";"467,1";"BR-116/RS";"Sul";"Saída de Pista";1;0;0;0;0;0;0;0;0;0;2;0;0;0;0
"21/05/2023";"12:31:00";"32";"Acidente c";"105,6";"BR-392/RS";"Sul";"Saída de Pista";1;0;0;0;0;0;0;0;0;0;0;2;0;0;0
"21/05/2023";"14:38:00";"39";"Acidente c";"18,1";"BR-392/RS";"Norte";"Saída de Pista";0;0;0;1;0;0;0;0;0;0;1;1;0;0;0
"22/05/2023";"06:16:00";"6";"Acidente c";"28";"BR-392/RS";"Sul";"Atropelamento de Animal";1;0;0;0;0;0;0;0;0;0;2;1;0;0;0
"22/05/2023";"16:12:00";"38";"Acidente c";"49,7";"BR-392/RS";"Norte";"Tombamento";0;0;1;0;0;0;0;0;0;0;0;0;1;0;0
"26/05/2023";"17:43:00";"55";"Acidente c";"26";"BR-392/RS";"Norte";"Saída de Pista";1;0;0;0;0;0;0;0;0;0;1;0;2;0;0
"27/05/2023";"13:40:00";"37";"Acidente c";"123";"BR-392/RS";"Norte";"Queda de Moto";0;0;0;1;0;0;0;0;0;0;0;1;1;0;0
"28/05/2023";"19:00:00";"45";"Acidente s";"82,2";"BR-392/RS";"Sul";"Saída de Pista";1;0;0;0;0;0;0;0;0;0;3;0;0;0;0
"29/05/2023";"10:47:00";"31";"Acidente c";"125,1";"BR-392/RS";"Norte";"Colisão Frontal";1;0;1;0;0;0;0;0;0;0;0;2;0;0;1
"29/05/2023";"13:33:00";"41";"Acidente c";"530";"BR-116/RS";"Norte";"Colisão Transversal";1;0;0;1;0;0;0;0;0;0;1;0;2;0;0
"02/06/2023";"18:19:00";"52";"Acidente c";"68";"BR-392/RS";"Norte";"Colisão lateral no mesmo sentido";1;0;0;1;0;0;0;0;0;0;1;0;0;1;0
"02/06/2023";"22:57:00";"68";"Acidente c";"117,7";"BR-392/RS";"Sul";"Choque - Defensa metálica";1;0;0;0;0;0;0;0;0;0;0;1;0;0;0
"03/06/2023";"06:50:00";"6";"Acidente s";"133,8";"BR-392/RS";"Norte";"Colisão lateral no sentido contrário";1;0;1;0;0;0;0;0;0;0;3;0;0;0;0
"08/06/2023";"00:31:00";"1";"Acidente c";"519,4";"BR-116/RS";"Sul";"Colisão lateral no mesmo sentido";0;0;0;2;0;0;0;0;0;0;0;1;1;0;1
"08/06/2023";"11:31:00";"26";"Acidente s";"73";"BR-392/RS";"Norte";"Colisão lateral no sentido contrário";2;0;0;0;0;0;0;0;0;0;3;0;0;0;0
"08/06/2023";"16:31:00";"50";"Acidente c";"580";"BR-116/RS";"Norte";"Colisão Traseira";0;0;0;2;0;0;0;0;0;0;1;1;0;0;0
"08/06/2023";"20:58:00";"68";"Acidente s";"52,3";"BR-392/RS";"Norte";"Queda de Moto";0;0;0;1;0;0;0;0;0;0;2;0;0;0;0
"08/06/2023";"21:19:00";"70";"Acidente c";"18";"BR-392/RS";"Norte";"Colisão Traseira";0;1;0;1;0;0;0;0;0;0;1;1;0;0;0
"08/06/2023";"22:16:00";"73";"Acidente c";"5";"BR-392/RS";"Sul";"Saída de Pista";1;0;0;0;0;0;0;0;0;0;0;0;0;2;0
"11/06/2023";"18:16:00";"48";"Acidente c";"408";"BR-116/RS";"Norte";"Atropelamento - Pedestre";1;0;0;0;0;0;0;0;0;0;5;1;0;0;0
"12/06/2023";"08:36:00";"24";"Acidente c";"87,6";"BR-392/RS";"Norte";"Colisão Transversal";0;0;1;1;0;0;0;0;0;0;1;0;0;1;0
"12/06/2023";"12:11:00";"45";"Acidente c";"21,1";"BR-392/RS";"Sul";"Saída de Pista";1;0;0;0;0;0;0;0;0;0;1;0;2;0;0
"12/06/2023";"15:16:00";"60";"Acidente c";"657";"BR-116/RS";"Norte";"Colisão Transversal";1;0;0;1;0;0;0;0;0;0;2;0;0;1;0
"18/06/2023";"05:12:00";"9";"Acidente c";"34";"BR-392/RS";"Norte";"Saída de Pista";0;0;1;0;0;0;0;0;0;0;0;1;0;0;0
"19/06/2023";"07:17:00";"7";"Acidente c";"67";"BR-392/RS";"Norte";"Colisão Transversal";1;0;0;1;0;0;0;0;0;0;1;1;0;0;0
"19/06/2023";"19:55:00";"55";"Acidente c";"529,1";"BR-116/RS";"Norte";"Atropelamento - Pedestre";0;0;1;0;0;0;0;0;0;0;1;0;1;0;0
"21/06/2023";"17:06:00";"56";"Acidente c";"73,9";"BR-392/RS";"Sul";"Colisão Transversal";2;0;0;0;0;0;0;0;0;0;0;1;2;1;0
"22/06/2023";"16:52:00";"56";"Acidente c";"67";"BR-392/RS";"Norte";"Colisão Transversal";1;0;0;1;0;0;0;0;0;0;1;1;0;0;0
"23/06/2023";"14:47:00";"44";"Acidente c";"67";"BR-392/RS";"Norte";"Colisão Transversal";1;0;1;0;0;0;0;0;0;0;1;1;0;0;0
"23/06/2023";"15:25:00";"46";"Acidente c";"429,1";"BR-116/RS";"Sul";"Colisão Traseira";1;0;1;0;0;0;0;0;0;0;2;1;0;0;0
"24/06/2023";"08:10:00";"19";"Acidente c";"20,8";"BR-392/RS";"Sul";"Queda de Moto";0;0;0;1;0;0;0;0;0;0;0;0;1;0;0
"24/06/2023";"22:36:00";"73";"Acidente c";"51,9";"BR-392/RS";"Norte";"Queda de Moto";0;0;0;1;0;0;0;0;0;0;0;0;1;0;0
"28/06/2023";"16:05:00";"52";"Acidente c";"522,3";"BR-116/RS";"Norte";"Colisão Traseira";0;0;2;0;0;0;0;0;0;0;1;1;0;0;0
"29/06/2023";"02:08:00";"5";"Acidente c";"38,5";"BR-392/RS";"Norte";"Saída de Pista";1;0;0;0;0;0;0;0;0;0;0;0;0;1;0
"29/06/2023";"17:53:00";"59";"Acidente c";"29,6";"BR-392/RS";"Norte";"Atropelamento - Pedestre";1;0;0;0;0;0;0;0;0;0;3;0;0;0;1
"29/06/2023";"21:54:00";"73";"Acidente s";"85";"BR-392/RS";"Sul";"Colisão Traseira";2;0;0;0;0;0;0;0;0;0;2;0;0;0;0
"30/06/2023";"07:11:00";"4";"Acidente c";"7,4";"BR-392/RS";"Sul";"Colisão Transversal";0;0;0;2;0;0;0;0;0;0;1;1;1;0;0
"01/07/2023";"06:19:00";"12";"Acidente s";"46";"BR-392/RS";"Sul";"Saída de Pista";1;0;0;0;0;0;0;0;0;0;4;0;0;0;0
"01/07/2023";"07:12:00";"14";"Acidente c";"21,9";"BR-392/RS";"Norte";"Saída de Pista";1;0;0;0;0;0;0;0;0;0;1;1;0;0;0
"02/07/2023";"18:23:00";"58";"Acidente c";"116,8";"BR-392/RS";"Norte";"Atropelamento - Pedestre";1;0;0;0;0;0;0;0;0;0;2;0;0;0;1
"02/07/2023";"18:26:00";"59";"Acidente c";"486";"BR-116/RS";"Norte";"Saída de Pista";0;0;0;1;0;0;0;0;0;0;0;0;1;0;0
"03/07/2023";"06:40:00";"9";"Acidente c";"536,5";"BR-116/RS";"Sul";"Saída de Pista";1;0;0;0;0;0;0;0;0;0;0;0;1;0;0
"03/07/2023";"09:59:00";"39";"Acidente s";"53";"BR-392/RS";"Sul";"Colisão lateral no mesmo sentido";0;0;3;0;0;0;0;0;0;0;3;0;0;0;0
"04/07/2023";"00:08:00";"1";"Acidente c";"41,4";"BR-392/RS";"Sul";"Colisão Traseira";1;1;0;0;0;0;0;0;0;0;2;1;0;0;0
"04/07/2023";"17:49:00";"57";"Acidente c";"99,3";"BR-392/RS";"Sul";"Saída de Pista";0;0;1;0;0;0;0;0;0;0;0;0;0;2;0
"11/07/2023";"08:08:00";"16";"Acidente s";"520,4";"BR-116/RS";"Norte";"Colisão Traseira";1;0;1;0;0;0;0;0;0;0;2;0;0;0;0
"12/07/2023";"22:27:00";"100";"Acidente c";"523";"BR-116/RS";"Sul";"Choque - Outros";1;0;0;0;0;0;0;0;0;0;0;1;0;0;0
"13/07/2023";"12:06:00";"85";"Acidente s";"62";"BR-392/RS";"Sul";"Saída de Pista";1;0;0;0;0;0;0;0;0;0;1;0;0;0;0
"16/07/2023";"16:19:00";"59";"Acidente c";"75,5";"BR-392/RS";"Sul";"Queda de Moto";0;0;0;1;0;0;0;0;0;0;1;0;1;0;0
"17/07/2023";"19:41:00";"69";"Acidente s";"121,5";"BR-392/RS";"Norte";"Colisão Frontal";1;0;1;0;0;0;0;0;0;0;2;0;0;0;0
"18/07/2023";"13:40:00";"45";"Acidente c";"138,4";"BR-392/RS";"Sul";"Colisão Frontal";1;0;1;0;0;0;0;0;0;0;3;0;0;0;1
"21/07/2023";"07:37:00";"11";"Acidente s";"5,9";"BR-392/RS";"Norte";"Saída de Pista";1;0;0;0;0;0;0;0;0;0;1;0;0;0;0
"21/07/2023";"08:30:00";"21";"Acidente c";"521";"BR-116/RS";"Sul";"Colisão Traseira";0;0;1;1;0;0;0;0;0;0;1;1;0;0;0
"22/07/2023";"00:46:00";"2";"Acidente c";"25,7";"BR-392/RS";"Sul";"Saída de Pista";0;0;1;0;0;0;0;0;0;0;0;0;1;0;0
"22/07/2023";"06:45:00";"11";"Acidente s";"556";"BR-116/RS";"Norte";"Atropelamento de Animal";1;0;0;0;0;0;0;0;0;0;1;0;0;0;0
"22/07/2023";"23:22:00";"112";"Acidente c";"5,5";"BR-392/RS";"Norte";"Saída de Pista";1;0;0;0;0;0;0;0;0;0;0;0;3;0;0
"23/07/2023";"07:08:00";"7";"Acidente s";"605";"BR-116/RS";"Sul";"Colisão Traseira";2;0;0;0;0;0;0;0;0;0;3;0;0;0;0
"23/07/2023";"18:30:00";"63";"Acidente c";"112,5";"BR-392/RS";"Sul";"Colisão Transversal";1;0;0;1;0;0;0;0;0;0;4;0;1;1;0
"26/07/2023";"07:48:00";"6";"Acidente c";"11";"BR-392/RS";"Sul";"Colisão Traseira";1;0;0;1;0;0;0;0;0;0;2;1;0;0;0
"29/07/2023";"22:16:00";"65";"Acidente c";"20";"BR-392/RS";"Norte";"Atropelamento de Animal";1;0;0;0;0;0;0;0;0;0;1;0;1;0;0
"30/07/2023";"06:06:00";"10";"Acidente c";"25,9";"BR-392/RS";"Norte";"Saída de Pista";1;0;0;0;0;0;0;0;0;0;0;1;0;0;0
"30/07/2023";"11:43:00";"30";"Acidente c";"519,7";"BR-116/RS";"Norte";"Saída de Pista";1;0;0;0;0;0;0;0;0;0;0;0;1;0;0
"30/07/2023";"18:29:00";"74";"Acidente c";"427";"BR-116/RS";"Norte";"Colisão Transversal";2;0;0;0;0;0;0;0;0;0;6;2;0;0;0
"31/07/2023";"22:06:00";"90";"Acidente c";"636,4";"BR-116/RS";"Sul";"Capotamento";1;0;0;0;0;0;0;0;0;0;0;0;1;0;0
"01/08/2023";"08:29:00";"9";"Acidente s";"539,2";"BR-116/RS";"Sul";"Saída de Pista";0;0;1;0;0;0;0;0;0;0;1;0;0;0;0
"01/08/2023";"14:22:00";"30";"Acidente s";"425,5";"BR-116/RS";"Sul";"Saída de Pista";2;0;1;0;0;0;0;0;0;0;4;0;0;0;0
"03/08/2023";"08:03:00";"17";"Acidente c";"117,7";"BR-392/RS";"Norte";"Choque - Defensa metálica";1;0;0;0;0;0;0;0;0;0;1;2;0;0;0
"06/08/2023";"04:30:00";"5";"Acidente c";"650,1";"BR-116/RS";"Norte";"Saída de Pista";1;0;0;0;0;0;0;0;0;0;0;1;0;0;0
"07/08/2023";"01:38:00";"1";"Acidente c";"118,6";"BR-392/RS";"Sul";"Choque - Outros";1;0;0;0;0;0;0;0;0;0;1;0;1;0;0
"07/08/2023";"01:44:00";"2";"Acidente s";"517,5";"BR-116/RS";"Norte";"Saída de Pista";1;0;0;0;0;0;0;0;0;0;1;0;0;0;0
"08/08/2023";"10:12:00";"23";"Acidente s";"113";"BR-392/RS";"Norte";"Colisão lateral no mesmo sentido";1;0;1;0;0;0;0;0;0;0;3;0;0;0;0
"08/08/2023";"17:47:00";"52";"Acidente c";"7,2";"BR-392/RS";"Norte";"Colisão Transversal";0;0;0;2;0;0;0;0;0;0;1;1;0;0;0
"09/08/2023";"16:13:00";"58";"Acidente c";"67";"BR-392/RS";"Sul";"Colisão Transversal";0;0;1;1;0;0;0;0;0;0;1;0;2;0;0
"09/08/2023";"22:50:00";"84";"Acidente s";"626,3";"BR-116/RS";"Norte";"Saída de Pista";1;0;0;0;0;0;0;0;0;0;1;0;0;0;0
"11/08/2023";"22:09:00";"91";"Acidente c";"24,9";"BR-392/RS";"Sul";"Saída de Pista";0;0;1;0;0;0;0;0;0;0;0;0;0;0;1
"12/08/2023";"19:46:00";"70";"Acidente c";"405";"BR-116/RS";"Norte";"Colisão Traseira";0;0;1;1;0;0;0;0;0;0;1;0;1;0;0
"13/08/2023";"16:51:00";"40";"Acidente c";"103";"BR-392/RS";"Norte";"Colisão Transversal";2;0;0;0;0;0;0;0;0;0;0;1;0;2;0
"14/08/2023";"05:32:00";"8";"Acidente c";"102,7";"BR-392/RS";"Sul";"Colisão Traseira";1;0;1;0;0;0;0;0;0;0;1;1;0;0;0
"16/08/2023";"04:58:00";"7";"Acidente c";"73,5";"BR-392/RS";"Norte";"Atropelamento de Animal";0;0;0;1;0;0;0;0;0;0;0;0;0;1;0
"16/08/2023";"12:17:00";"48";"Acidente c";"26,1";"BR-392/RS";"Norte";"Queda de Moto";0;0;0;1;0;0;0;0;0;0;1;1;0;0;0
"17/08/2023";"20:43:00";"79";"Acidente c";"530";"BR-116/RS";"Norte";"Colisão Transversal";1;0;1;0;0;0;0;0;0;0;2;0;3;0;0
"18/08/2023";"08:33:00";"16";"Acidente c";"488,5";"BR-116/RS";"Norte";"Saída de Pista";1;0;0;0;0;0;0;0;0;0;1;0;1;0;0
"18/08/2023";"12:06:00";"42";"Acidente s";"517";"BR-116/RS";"Norte";"Colisão Transversal";1;0;1;0;0;0;0;0;0;0;2;0;0;0;0
"20/08/2023";"07:43:00";"10";"Acidente c";"96,8";"BR-392/RS";"Norte";"Saída de Pista";1;0;0;0;0;0;0;0;0;0;0;0;1;0;0
"20/08/2023";"10:03:00";"22";"Acidente c";"12";"BR-392/RS";"Sul";"Saída de Pista";1;0;0;0;0;0;0;0;0;0;0;1;0;0;0
"20/08/2023";"15:56:00";"40";"Acidente c";"19,7";"BR-392/RS";"Sul";"Queda de Moto";0;0;0;1;0;0;0;0;0;0;0;0;1;0;0
"21/08/2023";"10:41:00";"19";"Acidente c";"400,6";"BR-116/RS";"Norte";"Atropelamento - Pedestre";0;0;1;0;0;0;0;0;0;0;1;0;0;1;0
"21/08/2023";"17:00:00";"52";"Acidente c";"68,2";"BR-392/RS";"Norte";"Queda de Moto";0;0;0;1;0;0;0;0;0;0;0;0;1;0;0
"22/08/2023";"06:24:00";"6";"Acidente c";"528,5";"BR-116/RS";"Sul";"Colisão Frontal";0;1;0;1;0;0;0;0;0;0;0;0;1;1;0
"22/08/2023";"13:44:00";"42";"Acidente c";"406,1";"BR-116/RS";"Sul";"Saída de Pista";1;0;0;0;0;0;0;0;0;0;1;0;0;1;0
"23/08/2023";"14:35:00";"31";"Acidente s";"657,7";"BR-116/RS";"Sul";"Colisão Transversal";2;0;0;0;0;0;0;0;0;0;2;0;0;0;0
"24/08/2023";"10:25:00";"26";"Acidente c";"517";"BR-116/RS";"Norte";"Colisão Transversal";1;0;0;1;0;0;0;0;0;0;1;1;0;0;0
"26/08/2023";"11:38:00";"23";"Acidente c";"190,7";"BR-392/RS";"Norte";"Colisão Traseira";0;0;1;1;0;0;0;0;0;0;1;0;0;0;1
"26/08/2023";"16:59:00";"49";"Acidente s";"526,8";"BR-116/RS";"Norte";"Choque - Defensa metálica";1;0;0;0;0;0;0;0;0;0;1;0;0;0;0
"27/08/2023";"16:21:00";"74";"Acidente c";"521,5";"BR-116/RS";"Sul";"Outros";0;0;0;1;0;0;0;0;0;0;0;0;0;0;1
"30/08/2023";"15:50:00";"56";"Acidente c";"427,8";"BR-116/RS";"Sul";"Colisão Transversal";1;0;0;1;0;0;0;0;0;0;1;0;1;1;0
"31/08/2023";"07:16:00";"11";"Acidente c";"4";"BR-392/RS";"Norte";"Colisão Traseira";1;0;0;1;0;0;0;0;0;0;1;0;1;0;0
"31/08/2023";"18:08:00";"72";"Acidente c";"521";"BR-116/RS";"Sul";"Colisão Transversal";1;0;0;1;0;0;0;0;0;0;4;0;1;0;0
"02/09/2023";"13:59:00";"36";"Acidente c";"484,1";"BR-116/RS";"Norte";"Saída de Pista";0;0;1;0;0;0;0;0;0;0;1;1;0;0;0
"02/09/2023";"16:52:00";"55";"Acidente c";"28";"BR-392/RS";"Sul";"Colisão Traseira";0;0;0;2;0;0;0;0;0;0;1;0;2;1;0
"03/09/2023";"12:52:00";"31";"Acidente c";"501,3";"BR-116/RS";"Norte";"Saída de Pista";1;0;0;0;0;0;0;0;0;0;0;0;2;0;0
"05/09/2023";"07:49:00";"8";"Acidente c";"514";"BR-116/RS";"Norte";"Atropelamento de Animal";0;1;0;0;0;0;0;0;0;0;0;1;0;0;0
"05/09/2023";"12:09:00";"32";"Acidente c";"515,8";"BR-116/RS";"Sul";"Saída de Pista";1;0;0;0;0;0;0;0;0;0;1;1;0;0;0
"05/09/2023";"14:31:00";"37";"Acidente c";"455";"BR-116/RS";"Norte";"Colisão lateral no mesmo sentido";0;0;1;0;0;2;0;0;0;0;2;0;4;0;0
"05/09/2023";"17:52:00";"52";"Acidente c";"193,8";"BR-392/RS";"Sul";"Outros";1;0;1;1;0;0;0;0;0;0;2;1;0;0;1
"06/09/2023";"16:32:00";"69";"Acidente c";"23";"BR-392/RS";"Norte";"Colisão Traseira";0;0;2;0;0;0;0;0;0;0;1;1;0;0;0
"06/09/2023";"19:40:00";"85";"Acidente c";"114,5";"BR-392/RS";"Sul";"Colisão Transversal";1;0;0;1;0;0;0;0;0;0;2;0;0;1;0
"07/09/2023";"05:22:00";"13";"Acidente s";"8,9";"BR-392/RS";"Norte";"Saída de Pista";1;0;0;0;0;0;0;0;0;0;1;0;0;0;0
"08/09/2023";"13:32:00";"50";"Acidente c";"658,8";"BR-116/RS";"Norte";"Colisão Transversal";1;0;0;1;0;0;0;0;0;0;1;1;0;0;0
"08/09/2023";"16:17:00";"62";"Acidente c";"433";"BR-116/RS";"Norte";"Saída de Pista";1;0;0;0;0;0;0;0;0;0;0;0;1;0;0
"08/09/2023";"18:12:00";"72";"Acidente c";"25";"BR-392/RS";"Norte";"Colisão Traseira";0;0;3;0;0;0;0;0;0;0;2;0;1;0;0
"09/09/2023";"17:40:00";"68";"Acidente c";"67";"BR-392/RS";"Sul";"Colisão Transversal";1;0;0;1;0;0;0;0;0;0;1;0;2;0;0
"11/09/2023";"14:08:00";"53";"Acidente c";"163,3";"BR-392/RS";"Sul";"Colisão Transversal";0;0;1;0;0;1;0;0;0;0;1;0;1;0;0
"12/09/2023";"18:11:00";"75";"Acidente c";"104";"BR-392/RS";"Sul";"Colisão Frontal";1;0;1;0;0;0;0;0;0;0;1;0;0;1;0
"12/09/2023";"20:55:00";"86";"Acidente c";"40,5";"BR-392/RS";"Sul";"Saída de Pista";0;0;1;0;0;0;0;0;0;0;0;0;1;0;0
"13/09/2023";"14:45:00";"56";"Acidente s";"122,5";"BR-392/RS";"Sul";"Saída de Pista";1;0;0;0;0;0;0;0;0;0;1;0;0;0;0
"14/09/2023";"11:50:00";"43";"Acidente c";"517";"BR-116/RS";"Norte";"Colisão Transversal";2;0;0;0;0;0;0;0;0;0;4;1;0;0;0
"15/09/2023";"14:16:00";"62";"Acidente c";"76";"BR-392/RS";"Norte";"Colisão Transversal";2;0;0;0;0;0;0;0;0;0;1;1;3;0;0
"16/09/2023";"17:29:00";"71";"Acidente s";"76,3";"BR-392/RS";"Sul";"Colisão Transversal";2;0;0;0;0;0;0;0;0;0;5;0;0;0;0
"19/09/2023";"02:27:00";"1";"Acidente c";"5,2";"BR-392/RS";"Sul";"Colisão Traseira";1;0;1;0;0;0;0;0;0;0;2;2;0;0;0
"20/09/2023";"06:53:00";"13";"Acidente s";"528,2";"BR-116/RS";"Sul";"Saída de Pista";1;0;0;0;0;0;0;0;0;0;1;0;0;0;0
"21/09/2023";"07:49:00";"17";"Acidente c";"513,9";"BR-116/RS";"Norte";"Queda de Moto";0;0;0;1;0;0;0;0;0;0;0;0;1;0;0
"21/09/2023";"18:38:00";"72";"Acidente c";"5,2";"BR-392/RS";"Norte";"Colisão Frontal";0;0;0;1;1;0;0;0;0;0;1;1;0;0;0
"23/09/2023";"20:08:00";"64";"Acidente c";"9";"BR-392/RS";"Norte";"Queda de Moto";0;0;0;1;0;0;0;0;0;0;0;1;0;0;0
"25/09/2023";"08:49:00";"23";"Acidente c";"35";"BR-392/RS";"Norte";"Queda de Moto";0;0;0;1;0;0;0;0;0;0;1;1;0;0;0
"26/09/2023";"17:06:00";"51";"Acidente c";"2,36";"BR-392/RS";"Norte";"Colisão Frontal";2;0;0;0;0;0;0;0;0;0;1;0;1;0;0