data;horario;n_da_ocorrencia;tipo_de_ocorrencia;km;trecho;sentido;tipo_de_acidente;automovel;bicicleta;caminhao;moto;onibus;outros;tracao_animal;transporte_de_cargas_especiais;trator_maquinas;utilitarios;ilesos;levemente_feridos;moderadamente_feridos;gravemente_feridos;mortos
"29/01/2024";"18:05:00";"80";"Sem vítima";"525,000";"BR-116/RS";"Decrescente";"Colisão lateral no mesmo sentido";1;0;1;0;0;0;0;0;0;0;2;0;0;0;0
"30/01/2024";"12:14:00";"42";"Sem vítima";"18,100";"BR-392/RS";"Decrescente";"Colisão transversal";1;0;0;1;0;0;0;0;0;0;2;0;0;0;0
"30/01/2024";"14:27:00";"60";"Com vítima";"31,300";"BR-392/RS";"Decrescente";"Saída de pista";1;0;0;0;0;0;0;0;0;0;5;0;1;0;0
"31/01/2024";"14:23:00";"46";"Sem vítima";"197,700";"BR-392/RS";"Crescente";"Tombamento";0;0;0;0;0;1;0;0;0;0;1;0;0;0;0
"03/02/2024";"08:16:00";"16";"Sem vítima";"527,000";"BR-116/RS";"Crescente";"Saída de pista";0;0;0;1;0;0;0;0;0;0;2;0;0;0;0
"04/02/2024";"18:31:00";"77";"Com vítima";"563,500";"BR-116/RS";"Crescente";"Colisão transversal";2;0;0;0;0;0;0;0;0;0;3;4;1;0;0
"04/02/2024";"19:07:00";"83";"Com vítima";"471,000";"BR-116/RS";"Decrescente";"Colisão traseira";1;0;0;1;0;0;0;0;0;0;2;0;1;0;0
"04/02/2024";"23:07:00";"106";"Sem vítima";"72,000";"BR-392/RS";"Crescente";"Colisão transversal";1;0;0;1;0;0;0;0;0;0;3;0;0;0;0
"05/02/2024";"17:38:00";"73";"Com vítima";"638,000";"BR-116/RS";"Decrescente";"Saída de pista";0;0;0;0;0;1;0;0;0;0;0;1;0;0;0
"09/02/2024";"20:21:00";"93";"Com vítima";"19,400";"BR-392/RS";"Crescente";"Colisão transversal";1;0;0;1;0;0;0;0;0;0;1;0;1;0;0
"10/02/2024";"06:33:00";"12";"Com vítima";"5,600";"BR-392/RS";"Decrescente";"Colisão frontal";2;0;0;0;0;0;0;0;0;0;0;0;2;0;0
"11/02/2024";"08:28:00";"23";"Sem vítima";"52,300";"BR-392/RS";"Crescente";"Colisão traseira";0;0;0;0;0;2;0;0;0;0;6;0;0;0;0
"13/02/2024";"15:38:00";"75";"Com vítima";"17,500";"BR-392/RS";"Decrescente";"Colisão transversal";1;0;0;1;0;0;0;0;0;0;4;0;1;0;0
"13/02/2024";"19:11:00";"87";"Com vítima";"517,000";"BR-116/RS";"Decrescente";"Colisão transversal";1;0;0;1;0;0;0;0;0;0;2;1;0;0;0
"15/02/2024";"08:34:00";"13";"Com vítima";"512,500";"BR-116/RS";"Decrescente";"Atropelamento de animal";0;0;0;1;0;0;0;0;0;0;0;1;0;0;0
"15/02/2024";"09:25:00";"19";"Com vítima";"68,000";"BR-392/RS";"Decrescente";"Colisão transversal";1;0;0;1;0;0;0;0;0;0;1;1;0;0;0
"16/02/2024";"07:04:00";"9";"Com vítima";"12,500";"BR-392/RS";"Decrescente";"Colisão lateral no mesmo sentido";1;0;0;0;0;1;0;0;0;0;1;1;0;0;0
"16/02/2024";"09:05:00";"20";"Sem vítima";"52,300";"BR-392/RS";"Decrescente";"Choque";0;0;0;0;0;1;0;0;0;0;12;0;0;0;0
"16/02/2024";"09:18:00";"22";"Sem vítima";"16,000";"BR-392/RS";"Decrescente";"Saída de pista";0;0;0;0;0;1;0;0;0;0;1;0;0;0;0
"16/02/2024";"09:24:00";"23";"Sem vítima";"464,000";"BR-116/RS";"Crescente";"Saída de pista";1;0;0;0;0;0;0;0;0;0;2;0;0;0;0
"16/02/2024";"09:49:00";"25";"Sem vítima";"194,000";"BR-392/RS";"Decrescente";"Saída de pista";1;0;0;0;0;0;0;0;0;0;2;0;0;0;0
"16/02/2024";"11:30:00";"32";"Sem vítima";"514,000";"BR-116/RS";"Decrescente";"Colisão traseira";2;0;0;0;0;0;0;0;0;0;3;0;0;0;0
"16/02/2024";"12:18:00";"38";"Sem vítima";"557,500";"BR-116/RS";"Crescente";"Queda de moto";0;0;0;1;0;0;0;0;0;0;2;0;0;0;0
"16/02/2024";"14:44:00";"49";"Com vítima";"120,900";"BR-392/RS";"Decrescente";"Colisão transversal";1;0;0;0;0;1;0;0;0;0;3;0;1;0;0
"16/02/2024";"15:02:00";"54";"Sem vítima";"487,800";"BR-116/RS";"Crescente";"Acidentes de outra natureza";1;0;0;0;0;1;0;0;0;0;4;0;0;0;0
"16/02/2024";"17:42:00";"62";"Sem vítima";"29,000";"BR-392/RS";"Decrescente";"Saída de pista";0;0;1;0;0;0;0;0;0;0;2;0;0;0;0
"17/02/2024";"07:54:00";"16";"Com vítima";"522,800";"BR-116/RS";"Decrescente";"Colisão frontal";1;0;0;1;0;0;0;0;0;0;5;0;1;0;0
"17/02/2024";"16:09:00";"70";"Com vítima";"635,200";"BR-116/RS";"Decrescente";"Saída de pista";0;0;0;0;0;1;0;0;0;0;0;0;1;0;0
"20/02/2024";"07:48:00";"6";"Sem vítima";"8,500";"BR-392/RS";"Decrescente";"Colisão transversal";1;0;0;1;0;0;0;0;0;0;2;0;0;0;0
"20/02/2024";"09:50:00";"18";"Com vítima";"29,000";"BR-392/RS";"Crescente";"Colisão lateral no mesmo sentido";1;0;0;0;0;1;0;0;0;0;1;1;0;0;0
"20/02/2024";"14:13:00";"42";"Com vítima";"12,100";"BR-392/RS";"Decrescente";"Colisão traseira";1;0;0;1;0;0;0;0;0;0;0;1;0;0;1
"23/02/2024";"06:46:00";"7";"Sem vítima";"537,700";"BR-116/RS";"Crescente";"Saída de pista";1;0;0;0;0;0;0;0;0;0;1;0;0;0;0
"23/02/2024";"09:04:00";"21";"Com vítima";"531,000";"BR-116/RS";"Decrescente";"Colisão transversal";1;0;0;1;0;0;0;0;0;0;1;1;0;0;0
"24/02/2024";"17:39:00";"55";"Com vítima";"522,100";"BR-116/RS";"Crescente";"Colisão traseira";2;0;0;0;0;0;0;0;0;0;1;1;3;0;0
"27/02/2024";"08:07:00";"13";"Sem vítima";"2,400";"BR-392/RS";"Decrescente";"Engavetamento";4;0;1;0;0;0;0;0;0;0;5;0;0;0;0
"27/02/2024";"16:22:00";"54";"Com vítima";"36,000";"BR-392/RS";"Crescente";"Saída de pista";0;0;1;0;0;0;0;0;0;0;2;0;1;0;0
"27/02/2024";"20:28:00";"73";"Sem vítima";"517,400";"BR-116/RS";"Decrescente";"Saída de pista";1;0;0;0;0;0;0;0;0;0;1;0;0;0;0
"29/02/2024";"16:45:00";"78";"Com vítima";"514,600";"BR-116/RS";"Crescente";"Colisão traseira";1;0;0;1;0;0;0;0;0;0;1;0;1;0;0
"01/03/2024";"13:15:00";"45";"Com vítima";"426,000";"BR-116/RS";"Crescente";"Atropelamento de animal";1;1;0;0;0;0;0;0;0;0;4;0;0;0;0
"03/03/2024";"02:26:00";"5";"Com vítima";"497,800";"BR-116/RS";"Decrescente";"Saída de pista";0;0;0;1;1;0;0;0;0;0;3;32;6;2;2
"03/03/2024";"08:23:00";"11";"Com vítima";"77,000";"BR-392/RS";"Crescente";"Queda de bicicleta";0;1;0;0;0;0;0;0;0;0;0;0;0;0;0
"05/03/2024";"01:59:00";"1";"Com vítima";"97,000";"BR-392/RS";"Decrescente";"Tombamento";0;0;0;0;0;1;0;0;0;0;0;1;0;0;0
"06/03/2024";"16:03:00";"62";"Com vítima";"16,000";"BR-392/RS";"Decrescente";"Colisão traseira";0;0;0;0;0;1;1;0;0;0;1;0;0;0;0
"07/03/2024";"05:15:00";"8";"Sem vítima";"121,700";"BR-392/RS";"Crescente";"Saída de pista";1;0;0;0;0;0;0;0;0;0;1;0;0;0;0
"07/03/2024";"07:38:00";"15";"Com vítima";"24,500";"BR-392/RS";"Decrescente";"Choque";0;0;0;1;0;0;0;0;0;0;0;0;1;0;0
"07/03/2024";"20:32:00";"66";"Com vítima";"55,500";"BR-392/RS";"Decrescente";"Queda de moto";0;0;0;1;0;0;0;0;0;0;0;0;1;0;0
"08/03/2024";"17:18:00";"68";"Com vítima";"517,000";"BR-116/RS";"Decrescente";"Colisão transversal";2;0;0;0;0;0;0;0;0;0;3;0;1;0;0
"08/03/2024";"17:59:00";"72";"Com vítima";"517,000";"BR-116/RS";"Decrescente";"Colisão transversal";1;0;0;1;0;0;0;0;0;0;1;1;0;0;0
"09/03/2024";"06:47:00";"8";"Sem vítima";"418,000";"BR-116/RS";"Crescente";"Saída de pista";1;0;0;0;0;0;0;0;0;0;2;0;0;0;0
"09/03/2024";"23:15:00";"82";"Com vítima";"502,900";"BR-116/RS";"Crescente";"Queda de moto";0;0;0;1;0;0;0;0;0;0;0;1;0;0;0
"10/03/2024";"06:12:00";"11";"Com vítima";"507,200";"BR-116/RS";"Decrescente";"Saída de pista";1;0;0;0;0;0;0;0;0;0;0;1;0;0;0
"10/03/2024";"14:45:00";"56";"Com vítima";"489,800";"BR-116/RS";"Crescente";"Saída de pista";1;0;0;0;0;0;0;0;0;0;1;0;0;1;0
"11/03/2024";"10:53:00";"39";"Com vítima";"474,000";"BR-116/RS";"Crescente";"Tombamento";0;0;1;0;0;0;0;0;0;0;0;0;2;0;0
"11/03/2024";"20:35:00";"79";"Com vítima";"569,000";"BR-116/RS";"Decrescente";"Atropelamento de animal";0;0;0;1;0;0;0;0;0;0;0;2;0;0;0
"14/03/2024";"02:35:00";"3";"Com vítima";"169,800";"BR-392/RS";"Crescente";"Colisão lateral em sentido contrário";0;0;1;0;0;1;0;0;0;0;0;0;0;1;1
"15/03/2024";"11:37:00";"44";"Com vítima";"526,500";"BR-116/RS";"Crescente";"Colisão traseira";1;0;0;0;0;1;0;0;0;0;1;0;1;0;0
"15/03/2024";"18:36:00";"88";"Com vítima";"412,000";"BR-116/RS";"Crescente";"Saída de pista";1;0;0;0;0;0;0;0;0;0;0;0;1;0;0
"15/03/2024";"20:40:00";"99";"Com vítima";"22,800";"BR-392/RS";"Decrescente";"Colisão traseira";2;0;0;0;0;0;0;0;0;0;3;1;0;0;0
"16/03/2024";"01:41:00";"1";"Com vítima";"477,700";"BR-116/RS";"Crescente";"Saída de pista";1;0;0;0;0;0;0;0;0;0;0;0;1;0;0
"17/03/2024";"16:08:00";"54";"Com vítima";"10,300";"BR-392/RS";"Crescente";"Saída de pista";0;0;0;0;0;1;0;0;0;0;0;0;1;0;0
"17/03/2024";"20:15:00";"81";"Com vítima";"127,500";"BR-392/RS";"Decrescente";"Queda de moto";0;0;1;1;0;0;0;0;0;0;1;0;1;0;0
"19/03/2024";"07:07:00";"8";"Com vítima";"517,000";"BR-116/RS";"Crescente";"Atropelamento de pedestre";0;0;0;1;0;0;0;0;0;0;1;0;3;0;0
"19/03/2024";"20:03:00";"65";"Sem vítima";"1,004";"BR-392/RS";"Decrescente";"Colisão traseira";2;0;0;0;0;0;0;0;0;0;2;0;0;0;0
"20/03/2024";"08:03:00";"9";"Sem vítima";"56,000";"BR-392/RS";"Crescente";"Colisão lateral no mesmo sentido";1;0;0;0;0;1;0;0;0;0;2;0;0;0;0
"21/03/2024";"17:18:00";"98";"Sem vítima";"522,600";"BR-116/RS";"Decrescente";"Colisão traseira";2;0;0;0;0;0;0;0;0;0;2;0;0;0;0
"22/03/2024";"00:36:00";"1";"Sem vítima";"84,400";"BR-392/RS";"Crescente";"Saída de pista";0;0;0;0;0;1;0;0;0;0;2;0;0;0;0
"24/03/2024";"03:31:00";"7";"Com vítima";"114,600";"BR-392/RS";"Crescente";"Atropelamento de animal";1;0;0;0;0;0;0;0;0;0;0;2;0;0;0
"24/03/2024";"06:42:00";"15";"Com vítima";"452,800";"BR-116/RS";"Crescente";"Atropelamento de animal";1;0;0;0;0;0;0;0;0;0;3;0;0;0;0
"24/03/2024";"12:38:00";"42";"Com vítima";"176,100";"BR-392/RS";"Crescente";"Saída de pista";1;0;0;0;0;0;0;0;0;0;1;2;0;0;0
"26/03/2024";"18:54:00";"62";"Com vítima";"488,800";"BR-116/RS";"Crescente";"Atropelamento de pedestre";1;0;0;0;0;0;0;0;0;0;1;0;3;0;0
"27/03/2024";"02:54:00";"4";"Com vítima";"449,500";"BR-116/RS";"Crescente";"Queda de moto";0;0;0;1;0;0;0;0;0;0;1;1;0;0;0
"28/03/2024";"02:08:00";"4";"Com vítima";"7,600";"BR-392/RS";"Crescente";"Colisão transversal";0;0;0;1;0;1;0;0;0;0;1;0;1;0;0
"28/03/2024";"14:02:00";"48";"Com vítima";"115,000";"BR-392/RS";"Crescente";"Tombamento";0;0;1;1;0;0;0;0;0;0;1;0;0;1;0
"28/03/2024";"19:23:00";"77";"Sem vítima";"523,000";"BR-116/RS";"Decrescente";"Colisão transversal";1;0;1;0;0;0;0;0;0;0;5;0;0;0;0
"29/03/2024";"00:18:00";"1";"Com vítima";"526,000";"BR-116/RS";"Decrescente";"Atropelamento de animal";1;0;0;0;0;0;0;0;0;0;0;0;0;2;0
"30/03/2024";"14:11:00";"44";"Com vítima";"611,800";"BR-116/RS";"Decrescente";"Colisão transversal";2;0;0;0;0;0;0;0;0;0;2;2;0;0;0
"01/04/2024";"01:38:00";"3";"Com vítima";"525,100";"BR-116/RS";"Crescente";"Queda de moto";0;0;0;1;0;0;0;0;0;0;0;0;1;0;0
"01/04/2024";"08:24:00";"14";"Com vítima";"107,000";"BR-392/RS";"Decrescente";"Saída de pista";1;0;0;0;0;0;0;0;0;0;0;1;0;0;0
"01/04/2024";"17:13:00";"64";"Com vítima";"22,700";"BR-392/RS";"Crescente";"Saída de pista";1;0;0;0;0;0;0;0;0;0;0;0;1;0;0
"02/04/2024";"11:58:00";"32";"Com vítima";"528,000";"BR-116/RS";"Decrescente";"Colisão transversal";2;0;0;0;0;0;0;0;0;0;0;0;1;5;0
"03/04/2024";"12:37:00";"42";"Com vítima";"530,900";"BR-116/RS";"Decrescente";"Colisão transversal";0;0;0;2;0;0;0;0;0;0;0;1;0;1;0
"03/04/2024";"19:12:00";"77";"Sem vítima";"20,700";"BR-392/RS";"Decrescente";"Colisão transversal";1;0;0;1;0;0;0;0;0;0;3;0;0;0;0
"03/04/2024";"23:44:00";"96";"Com vítima";"18,000";"BR-392/RS";"Decrescente";"Colisão traseira";1;0;0;0;0;1;0;0;0;0;2;1;0;0;0
"04/04/2024";"02:47:00";"3";"Com vítima";"524,000";"BR-116/RS";"Crescente";"Tombamento";0;0;0;0;0;1;0;0;0;0;0;0;1;0;0
"05/04/2024";"13:17:00";"29";"Com vítima";"123,000";"BR-392/RS";"Decrescente";"Queda de moto";0;0;0;1;0;0;0;0;0;0;1;1;0;0;0
"06/04/2024";"04:58:00";"2";"Com vítima";"65,000";"BR-392/RS";"Crescente";"Queda de moto";0;0;0;1;0;0;0;0;0;0;0;1;0;0;0
"06/04/2024";"09:02:00";"20";"Com vítima";"419,000";"BR-116/RS";"Crescente";"Saída de pista";1;0;0;0;0;0;0;0;0;0;0;1;0;0;0
"06/04/2024";"12:42:00";"36";"Com vítima";"30,000";"BR-392/RS";"Decrescente";"Queda de moto";0;0;0;1;0;0;0;0;0;0;0;2;0;0;0
"06/04/2024";"16:35:00";"53";"Com vítima";"93,700";"BR-392/RS";"Decrescente";"Queda de moto";0;0;0;1;0;0;0;0;0;0;0;0;1;0;0
"08/04/2024";"09:19:00";"23";"Com vítima";"464,800";"BR-116/RS";"Decrescente";"Colisão transversal";1;0;1;0;0;0;0;0;0;0;2;0;1;1;0
"10/04/2024";"01:13:00";"2";"Com vítima";"38,000";"BR-392/RS";"Decrescente";"Tombamento";0;0;0;0;0;1;0;0;0;0;0;0;1;0;0
"10/04/2024";"07:24:00";"7";"Com vítima";"51,000";"BR-392/RS";"Crescente";"Choque";1;0;0;0;0;0;0;0;0;0;0;0;0;1;0
"10/04/2024";"19:34:00";"62";"Com vítima";"118,000";"BR-392/RS";"Decrescente";"Queda de moto";0;0;0;1;0;0;0;0;0;0;0;2;0;0;0
"12/04/2024";"16:52:00";"55";"Com vítima";"193,700";"BR-392/RS";"Crescente";"Acidentes de outra natureza";3;0;0;0;0;0;0;0;0;0;3;4;0;0;0
"12/04/2024";"16:57:00";"56";"Com vítima";"1,500";"BR-392/RS";"Crescente";"Colisão traseira";1;0;0;1;0;0;0;0;0;0;1;1;0;0;0
"13/04/2024";"08:27:00";"19";"Sem vítima";"119,000";"BR-392/RS";"Decrescente";"Saída de pista";1;0;0;0;0;0;0;0;0;0;2;0;0;0;0
"13/04/2024";"14:44:00";"48";"Com vítima";"526,500";"BR-116/RS";"Crescente";"Tombamento";0;0;0;0;0;1;0;0;0;0;0;1;0;1;0
"13/04/2024";"17:38:00";"58";"Com vítima";"529,600";"BR-116/RS";"Decrescente";"Tombamento";0;0;0;0;0;1;0;0;0;0;1;1;0;0;0
"13/04/2024";"19:08:00";"67";"Com vítima";"5,500";"BR-392/RS";"Crescente";"Colisão transversal";0;0;0;1;0;1;0;0;0;0;1;0;0;1;0
"15/04/2024";"20:28:00";"63";"Com vítima";"517,600";"BR-116/RS";"Crescente";"Atropelamento de animal";1;0;0;1;0;0;0;0;0;0;3;0;1;0;0
"16/04/2024";"12:54:00";"54";"Com vítima";"108,300";"BR-392/RS";"Crescente";"Saída de pista";1;0;0;0;0;0;0;0;0;0;0;1;1;0;0
"16/04/2024";"19:28:00";"102";"Sem vítima";"116,100";"BR-392/RS";"Decrescente";"Colisão traseira";2;0;0;0;0;0;0;0;0;0;3;0;0;0;0
"17/04/2024";"07:31:00";"4";"Com vítima";"67,600";"BR-392/RS";"Decrescente";"Colisão transversal";1;0;0;1;0;0;0;0;0;0;2;0;0;1;0
"17/04/2024";"09:16:00";"13";"Com vítima";"71,600";"BR-392/RS";"Decrescente";"Colisão lateral no mesmo sentido";1;0;0;1;0;0;0;0;0;0;1;0;1;0;0
"18/04/2024";"19:57:00";"44";"Com vítima";"73,200";"BR-392/RS";"Crescente";"Colisão transversal";0;0;1;1;0;0;0;0;0;0;1;0;1;0;0
"20/04/2024";"06:03:00";"13";"Sem vítima";"116,900";"BR-392/RS";"Crescente";"Saída de pista";1;0;0;0;0;0;0;0;0;0;1;0;0;0;0
"20/04/2024";"20:32:00";"82";"Sem vítima";"529,000";"BR-116/RS";"Decrescente";"Saída de pista";1;0;0;0;0;0;0;0;0;0;5;0;0;0;0
"21/04/2024";"00:03:00";"1";"Com vítima";"520,900";"BR-116/RS";"Decrescente";"Saída de pista";0;0;0;1;0;0;0;0;0;0;0;1;0;0;0
"21/04/2024";"02:11:00";"6";"Com vítima";"5,500";"BR-392/RS";"Crescente";"Capotamento";1;0;0;0;0;0;0;0;0;0;0;2;1;0;0
"21/04/2024";"06:19:00";"14";"Sem vítima";"76,000";"BR-392/RS";"Crescente";"Saída de pista";1;0;0;0;0;0;0;0;0;0;1;0;0;0;0
"21/04/2024";"06:39:00";"15";"Sem vítima";"57,000";"BR-392/RS";"Decrescente";"Saída de pista";1;0;0;0;0;0;0;0;0;0;1;0;0;0;0
"21/04/2024";"09:35:00";"21";"Com vítima";"515,600";"BR-116/RS";"Crescente";"Colisão transversal";0;0;0;1;0;1;0;0;0;0;1;0;1;0;0
"21/04/2024";"17:57:00";"58";"Com vítima";"568,700";"BR-116/RS";"Crescente";"Saída de pista";0;0;0;0;0;1;0;0;0;0;0;0;1;0;0
"21/04/2024";"19:23:00";"64";"Com vítima";"512,200";"BR-116/RS";"Crescente";"Colisão lateral no mesmo sentido";2;0;0;0;0;0;0;0;0;0;2;2;0;0;0
"22/04/2024";"01:17:00";"4";"Sem vítima";"73,800";"BR-392/RS";"Decrescente";"Saída de pista";0;0;0;0;0;1;0;0;0;0;1;0;0;0;0
"22/04/2024";"18:50:00";"71";"Com vítima";"525,000";"BR-116/RS";"Crescente";"Colisão traseira";1;0;0;0;0;1;0;0;0;0;1;0;2;0;0
"23/04/2024";"07:28:00";"8";"Sem vítima";"196,200";"BR-392/RS";"Decrescente";"Saída de pista";0;0;0;0;0;1;0;0;0;0;1;0;0;0;0
"25/04/2024";"06:49:00";"6";"Sem vítima";"85,000";"BR-392/RS";"Decrescente";"Saída de pista";1;0;0;0;0;0;0;0;0;0;2;0;0;0;0
"25/04/2024";"08:00:00";"11";"Sem vítima";"442,700";"BR-116/RS";"Decrescente";"Acidentes de outra natureza";1;0;0;0;0;0;0;0;0;0;1;0;0;0;0
"25/04/2024";"19:45:00";"75";"Com vítima";"72,300";"BR-392/RS";"Decrescente";"Colisão transversal";0;0;0;1;0;1;0;0;0;0;1;0;0;1;0
"26/04/2024";"22:09:00";"83";"Com vítima";"99,000";"BR-392/RS";"Decrescente";"Colisão traseira";0;0;0;0;0;2;0;0;0;0;0;1;0;0;1
"28/04/2024";"17:15:00";"54";"Com vítima";"554,800";"BR-116/RS";"Decrescente";"Saída de pista";0;0;0;1;0;0;0;0;0;0;1;1;0;0;0
"28/04/2024";"19:51:00";"67";"Com vítima";"30,600";"BR-392/RS";"Decrescente";"Colisão traseira";1;0;0;1;0;0;0;0;0;0;4;1;0;0;0
"29/04/2024";"00:01:00";"2";"Com vítima";"13,800";"BR-392/RS";"Decrescente";"Queda de moto";0;0;0;1;0;0;0;0;0;0;1;1;0;0;0
"29/04/2024";"13:33:00";"43";"Com vítima";"427,800";"BR-116/RS";"Crescente";"Colisão transversal";1;0;0;1;0;0;0;0;0;0;1;1;0;0;0
"03/05/2024";"08:08:00";"16";"Com vítima";"521,000";"BR-116/RS";"Decrescente";"Colisão transversal";1;1;0;0;0;0;0;0;0;0;1;0;0;0;0
"05/05/2024";"05:03:00";"6";"Sem vítima";"612,500";"BR-116/RS";"Decrescente";"Saída de pista";1;0;0;0;0;0;0;0;0;0;1;0;0;0;0
"05/05/2024";"23:00:00";"93";"Com vítima";"409,200";"BR-116/RS";"Crescente";"Choque";1;0;0;0;0;0;0;0;0;0;0;1;0;0;0
"06/05/2024";"06:35:00";"8";"Com vítima";"604,000";"BR-116/RS";"Crescente";"Saída de pista";0;0;0;1;0;0;0;0;0;0;0;1;0;0;0
"09/05/2024";"10:38:00";"16";"Com vítima";"25,000";"BR-392/RS";"Decrescente";"Saída de pista";0;0;0;1;0;0;0;0;0;0;0;0;1;0;0
"09/05/2024";"11:25:00";"22";"Com vítima";"418,000";"BR-116/RS";"Crescente";"Colisão lateral em sentido contrário";1;0;1;0;0;0;0;0;0;0;1;2;0;0;0
"10/05/2024";"15:34:00";"57";"Com vítima";"526,000";"BR-116/RS";"Decrescente";"Colisão transversal";2;0;0;0;0;0;0;0;0;0;2;0;1;0;0
"10/05/2024";"19:08:00";"73";"Com vítima";"656,000";"BR-116/RS";"Crescente";"Colisão traseira";0;0;1;1;0;0;0;0;0;0;1;0;0;0;1
"10/05/2024";"20:53:00";"81";"Com vítima";"76,200";"BR-392/RS";"Decrescente";"Colisão transversal";0;0;0;1;0;1;0;0;0;0;1;0;0;1;0
"12/05/2024";"00:22:00";"1";"Com vítima";"525,700";"BR-116/RS";"Decrescente";"Colisão traseira";1;0;0;1;0;0;0;0;0;0;3;0;1;0;0
"13/05/2024";"18:05:00";"82";"Com vítima";"416,000";"BR-116/RS";"Decrescente";"Saída de pista";0;0;0;0;0;1;0;0;0;0;0;0;0;1;0
"14/05/2024";"06:56:00";"10";"Com vítima";"14,500";"BR-392/RS";"Decrescente";"Choque";1;0;0;0;1;0;0;0;0;0;1;0;0;1;0
"14/05/2024";"14:39:00";"45";"Com vítima";"655,000";"BR-116/RS";"Crescente";"Colisão transversal";1;0;0;1;0;0;0;0;0;0;1;1;0;0;0
"17/05/2024";"19:20:00";"101";"Com vítima";"99,500";"BR-392/RS";"Crescente";"Colisão lateral no mesmo sentido";2;0;0;0;0;0;0;0;0;0;1;0;1;0;0
"17/05/2024";"22:13:00";"121";"Sem vítima";"401,000";"BR-116/RS";"Crescente";"Saída de pista";0;0;0;0;0;1;0;0;0;0;1;0;0;0;0
"18/05/2024";"14:53:00";"73";"Com vítima";"89,600";"BR-392/RS";"Crescente";"Colisão transversal";1;0;0;1;0;0;0;0;0;0;2;0;1;0;0
"18/05/2024";"18:51:00";"93";"Com vítima";"525,100";"BR-116/RS";"Decrescente";"Colisão transversal";1;1;0;0;0;0;0;0;0;0;1;0;0;0;0
"19/05/2024";"19:12:00";"66";"Com vítima";"22,600";"BR-392/RS";"Crescente";"Atropelamento de animal";1;0;0;1;0;0;0;0;0;0;3;1;0;0;0
"20/05/2024";"02:10:00";"4";"Sem vítima";"96,400";"BR-392/RS";"Decrescente";"Saída de pista";0;0;0;0;0;1;0;0;0;0;1;0;0;0;0
"20/05/2024";"07:11:00";"8";"Com vítima";"7,300";"BR-392/RS";"Crescente";"Colisão transversal";2;0;0;0;0;0;0;0;0;0;1;1;2;0;0
"22/05/2024";"20:59:00";"93";"Com vítima";"44,900";"BR-392/RS";"Decrescente";"Choque";1;0;0;0;0;0;0;0;0;0;0;0;1;0;0
"22/05/2024";"21:19:00";"94";"Sem vítima";"44,900";"BR-392/RS";"Decrescente";"Choque";1;0;0;0;0;0;0;0;0;0;1;0;0;0;0
"23/05/2024";"01:51:00";"3";"Com vítima";"6,200";"BR-392/RS";"Crescente";"Choque";1;0;0;0;0;0;0;0;0;0;0;0;1;0;0
"24/05/2024";"14:10:00";"44";"Com vítima";"6,500";"BR-392/RS";"Crescente";"Colisão transversal";2;0;0;0;0;0;0;0;0;0;0;1;1;0;0
"26/05/2024";"15:34:00";"66";"Com vítima";"42,500";"BR-392/RS";"Crescente";"Colisão transversal";1;0;0;1;0;0;0;0;0;0;2;1;0;0;0
"27/05/2024";"14:33:00";"46";"Com vítima";"500,500";"BR-116/RS";"Crescente";"Saída de pista";0;0;0;0;0;1;0;0;0;0;0;0;1;0;0
"27/05/2024";"16:13:00";"55";"Com vítima";"527,400";"BR-116/RS";"Crescente";"Colisão lateral em sentido contrário";3;0;0;0;0;0;0;0;0;0;5;2;0;0;0
"28/05/2024";"05:53:00";"4";"Com vítima";"16,000";"BR-392/RS";"Decrescente";"Choque";0;0;0;1;0;0;0;0;0;0;0;0;0;1;0
"29/05/2024";"07:59:00";"18";"Com vítima";"525,000";"BR-116/RS";"Decrescente";"Colisão transversal";1;0;0;1;0;0;0;0;0;0;1;1;0;0;0