data;horario;n_da_ocorrencia;tipo_de_ocorrencia;km;trecho;sentido;tipo_de_acidente;automovel;bicicleta;caminhao;moto;onibus;outros;tracao_animal;transporte_de_cargas_especiais;trator_maquinas;utilitarios;ilesos;levemente_feridos;moderadamente_feridos;gravemente_feridos;mortos
"22/06/2025";"07:19:00";"7";"Com vítima";"512,700";"BR-116/RS";"Decrescente";"Saída de pista";0;0;0;1;0;0;0;0;0;0;0;1;0;0;0
"24/06/2025";"19:19:00";"53";"Sem vítima";"68,200";"BR-392/RS";"Crescente";"Saída de pista";1;0;0;0;0;0;0;0;0;0;1;0;0;0;0
"24/06/2025";"19:30:00";"54";"Com vítima";"123,200";"BR-392/RS";"Crescente";"Colisão transversal";2;0;0;0;0;0;0;0;0;0;3;1;0;0;0
"26/06/2025";"16:17:00";"70";"Com vítima";"530,650";"BR-116/RS";"Decrescente";"Atropelamento de animal";0;0;0;1;0;0;0;0;0;0;0;0;1;0;0
"27/06/2025";"04:32:00";"5";"Sem vítima";"9,500";"BR-392/RS";"Decrescente";"Colisão frontal";1;0;0;0;0;1;0;0;0;0;2;0;0;0;0
"27/06/2025";"18:05:00";"48";"Com vítima";"528,500";"BR-116/RS";"Decrescente";"Colisão transversal";2;0;0;0;0;0;0;0;0;0;1;2;0;0;0
"28/06/2025";"14:55:00";"38";"Com vítima";"613,400";"BR-116/RS";"Decrescente";"Atropelamento de ciclista";1;1;0;0;0;0;0;0;0;0;3;0;0;1;0
"30/06/2025";"08:14:00";"10";"Com vítima";"522,000";"BR-116/RS";"Decrescente";"Colisão lateral no mesmo sentido";1;0;0;1;0;0;0;0;0;0;1;1;0;0;0
"01/07/2025";"07:39:00";"11";"Com vítima";"517,500";"BR-116/RS";"Decrescente";"Colisão transversal";1;0;0;1;0;0;0;0;0;0;1;0;1;0;0
"01/07/2025";"17:59:00";"60";"Sem vítima";"447,000";"BR-116/RS";"Crescente";"Choque";1;0;0;0;0;0;0;0;0;0;1;0;0;0;0
"02/07/2025";"18:34:00";"71";"Com vítima";"112,900";"BR-392/RS";"Decrescente";"Colisão traseira";1;0;0;1;0;0;0;0;0;0;2;1;0;0;0
"02/07/2025";"21:31:00";"84";"Com vítima";"527,300";"BR-116/RS";"Decrescente";"Atropelamento de ciclista";0;1;0;0;0;1;0;0;0;0;1;0;0;0;1
"04/07/2025";"05:07:00";"7";"Sem vítima";"59,000";"BR-392/RS";"Decrescente";"Saída de pista";1;0;0;0;0;0;0;0;0;0;1;0;0;0;0
"04/07/2025";"18:00:00";"60";"Sem vítima";"654,900";"BR-116/RS";"Crescente";"Colisão frontal";1;0;0;1;0;0;0;0;0;0;2;0;0;0;0
"06/07/2025";"07:41:00";"8";"Com vítima";"97,800";"BR-392/RS";"Crescente";"Saída de pista";1;0;0;0;0;0;0;0;0;0;0;0;0;1;0
"08/07/2025";"07:42:00";"12";"Com vítima";"423,500";"BR-116/RS";"Crescente";"Colisão frontal";1;0;0;0;0;1;0;0;0;0;1;0;1;1;0
"08/07/2025";"18:33:00";"63";"Com vítima";"517,000";"BR-116/RS";"Decrescente";"Colisão transversal";2;0;0;0;0;0;0;0;0;0;2;0;1;0;0
"10/07/2025";"14:39:00";"42";"Com vítima";"491,800";"BR-116/RS";"Crescente";"Colisão frontal";1;0;1;0;0;0;0;0;0;0;1;0;0;0;2
"10/07/2025";"19:40:00";"61";"Com vítima";"530,000";"BR-116/RS";"Decrescente";"Colisão transversal";1;0;0;1;0;0;0;0;0;0;1;0;1;0;0
"12/07/2025";"04:47:00";"22";"Sem vítima";"112,900";"BR-392/RS";"Crescente";"Saída de pista";1;0;0;0;0;0;0;0;0;0;1;0;0;0;0
"12/07/2025";"14:29:00";"49";"Com vítima";"525,750";"BR-116/RS";"Decrescente";"Colisão traseira";0;0;1;0;0;1;0;0;0;0;3;1;0;0;0
"12/07/2025";"14:48:00";"50";"Com vítima";"529,400";"BR-116/RS";"Decrescente";"Colisão transversal";2;0;0;0;0;0;0;0;0;0;5;2;0;0;0
"12/07/2025";"17:44:00";"64";"Com vítima";"123,000";"BR-392/RS";"Crescente";"Atropelamento de ciclista";1;1;0;0;0;0;0;0;0;0;1;0;1;0;0
"13/07/2025";"06:37:00";"11";"Com vítima";"102,500";"BR-392/RS";"Crescente";"Saída de pista";1;0;0;0;0;0;0;0;0;0;0;0;1;0;0
"13/07/2025";"08:46:00";"15";"Com vítima";"88,300";"BR-392/RS";"Crescente";"Tombamento";0;0;0;0;0;1;0;0;0;0;0;0;0;2;0
"15/07/2025";"06:36:00";"12";"Com vítima";"516,950";"BR-116/RS";"Crescente";"Colisão transversal";2;0;0;0;0;0;0;0;0;0;3;0;1;0;0
"18/07/2025";"00:45:00";"2";"Com vítima";"415,000";"BR-116/RS";"Decrescente";"Saída de pista";0;0;0;0;0;1;0;0;0;0;0;0;1;0;0
"20/07/2025";"11:10:00";"25";"Com vítima";"115,000";"BR-392/RS";"Decrescente";"Colisão traseira";0;0;0;2;0;0;0;0;0;0;1;0;1;0;0
"20/07/2025";"16:59:00";"47";"Com vítima";"61,000";"BR-392/RS";"Decrescente";"Tombamento";0;0;0;0;0;1;0;0;0;0;0;1;0;0;0
"20/07/2025";"17:15:00";"48";"Com vítima";"87,000";"BR-392/RS";"Crescente";"Colisão transversal";1;0;0;1;0;0;0;0;0;0;3;0;2;0;0
"21/07/2025";"01:55:00";"2";"Com vítima";"67,000";"BR-392/RS";"Crescente";"Queda de moto";0;0;0;1;0;0;0;0;0;0;1;0;0;1;0
"22/07/2025";"09:06:00";"20";"Com vítima";"524,500";"BR-116/RS";"Decrescente";"Colisão lateral no mesmo sentido";1;0;0;1;0;0;0;0;0;0;1;1;0;0;0
"22/07/2025";"10:19:00";"24";"Com vítima";"510,300";"BR-116/RS";"Crescente";"Queda de moto";0;0;0;1;0;0;0;0;0;0;0;1;0;0;0
"22/07/2025";"15:55:00";"47";"Com vítima";"41,500";"BR-392/RS";"Crescente";"Colisão lateral no mesmo sentido";1;0;1;0;0;0;0;0;0;0;2;1;0;0;0
"23/07/2025";"16:48:00";"57";"Sem vítima";"566,000";"BR-116/RS";"Crescente";"Choque";0;0;1;0;0;0;0;0;0;0;4;0;0;0;0
"24/07/2025";"20:58:00";"63";"Com vítima";"42,000";"BR-392/RS";"Crescente";"Colisão transversal";0;0;0;2;0;0;0;0;0;0;1;0;1;0;0
"25/07/2025";"11:28:00";"28";"Sem vítima";"592,500";"BR-116/RS";"Decrescente";"Atropelamento de animal";1;0;0;0;0;0;0;0;0;0;3;0;0;0;0
"25/07/2025";"18:29:00";"56";"Sem vítima";"532,000";"BR-116/RS";"Decrescente";"Colisão traseira";1;0;0;0;0;0;1;0;0;0;2;0;0;0;0
"27/07/2025";"07:54:00";"10";"Sem vítima";"105,500";"BR-392/RS";"Decrescente";"Saída de pista";1;0;0;0;0;0;0;0;0;0;2;0;0;0;0
"28/07/2025";"04:23:00";"6";"Sem vítima";"67,300";"BR-392/RS";"Crescente";"Saída de pista";1;0;0;0;0;0;0;0;0;0;3;0;0;0;0
"29/07/2025";"12:34:00";"42";"Com vítima";"72,800";"BR-392/RS";"Crescente";"Engavetamento";0;0;1;0;0;3;0;0;0;0;5;1;1;0;0
"29/07/2025";"19:23:00";"72";"Sem vítima";"57,900";"BR-392/RS";"Decrescente";"Atropelamento de animal";0;0;0;0;0;1;0;0;0;0;1;0;0;0;0
"29/07/2025";"19:34:00";"76";"Com vítima";"57,900";"BR-392/RS";"Decrescente";"Atropelamento de animal";0;0;0;1;0;0;0;0;0;0;0;0;2;0;0
"29/07/2025";"20:17:00";"78";"Sem vítima";"57,900";"BR-392/RS";"Decrescente";"Atropelamento de animal";1;0;0;0;0;0;0;0;0;0;1;0;0;0;0
"29/07/2025";"20:58:00";"81";"Sem vítima";"57,900";"BR-392/RS";"Decrescente";"Saída de pista";0;0;0;0;0;1;0;0;0;0;1;0;0;0;0
"30/07/2025";"00:44:00";"4";"Sem vítima";"470,600";"BR-116/RS";"Crescente";"Choque";0;0;0;0;0;1;0;0;0;0;4;0;0;0;0
"30/07/2025";"17:34:00";"49";"Com vítima";"82,900";"BR-392/RS";"Crescente";"Colisão traseira";1;0;0;1;0;0;0;0;0;0;2;1;0;0;0
"31/07/2025";"01:59:00";"3";"Com vítima";"9,600";"BR-392/RS";"Decrescente";"Colisão traseira";1;0;0;0;0;1;0;0;0;0;1;0;0;1;0
"31/07/2025";"23:56:00";"118";"Com vítima";"33,200";"BR-392/RS";"Decrescente";"Colisão traseira";0;0;0;0;0;2;0;0;0;0;1;0;1;0;0
"01/08/2025";"17:58:00";"92";"Com vítima";"13,500";"BR-392/RS";"Decrescente";"Colisão traseira";2;0;0;0;0;0;0;0;0;0;3;4;0;0;0
"02/08/2025";"05:12:00";"8";"Com vítima";"88,000";"BR-392/RS";"Crescente";"Saída de pista";1;0;0;0;0;0;0;0;0;0;0;0;1;0;0
"03/08/2025";"20:15:00";"73";"Com vítima";"485,000";"BR-116/RS";"Decrescente";"Saída de pista";0;0;0;1;0;0;0;0;0;0;0;1;0;0;0
"05/08/2025";"05:47:00";"10";"Com vítima";"524,800";"BR-116/RS";"Decrescente";"Colisão transversal";1;0;0;0;0;1;0;0;0;0;1;0;0;1;0
"05/08/2025";"17:05:00";"48";"Sem vítima";"25,620";"BR-392/RS";"Crescente";"Colisão transversal";1;0;0;0;1;0;0;0;0;0;2;0;0;0;0
"07/08/2025";"09:41:00";"20";"Com vítima";"10,200";"BR-392/RS";"Decrescente";"Colisão traseira";0;0;0;0;0;2;0;0;0;0;1;0;0;1;0
"08/08/2025";"15:44:00";"35";"Com vítima";"24,850";"BR-392/RS";"Decrescente";"Colisão traseira";1;0;0;0;0;1;0;0;0;0;1;0;1;0;0
"08/08/2025";"19:13:00";"48";"Com vítima";"611,800";"BR-116/RS";"Decrescente";"Colisão transversal";0;0;1;1;0;0;0;0;0;0;1;1;0;0;0
"09/08/2025";"12:24:00";"37";"Com vítima";"462,900";"BR-116/RS";"Decrescente";"Saída de pista";1;0;0;0;0;0;0;0;0;0;0;2;2;1;0
"09/08/2025";"20:57:00";"72";"Com vítima";"86,300";"BR-392/RS";"Crescente";"Saída de pista";1;0;0;0;0;0;0;0;0;0;0;0;0;0;1
"11/08/2025";"16:02:00";"46";"Com vítima";"517,000";"BR-116/RS";"Crescente";"Colisão transversal";1;0;0;1;0;0;0;0;0;0;2;1;0;0;0
"11/08/2025";"20:42:00";"67";"Com vítima";"524,300";"BR-116/RS";"Crescente";"Colisão lateral no mesmo sentido";1;0;0;1;0;0;0;0;0;0;3;0;0;1;0
"12/08/2025";"08:01:00";"9";"Com vítima";"530,240";"BR-116/RS";"Decrescente";"Colisão transversal";1;0;0;1;0;0;0;0;0;0;1;0;0;1;0
"12/08/2025";"11:03:00";"36";"Com vítima";"77,700";"BR-392/RS";"Crescente";"Colisão traseira";0;0;2;0;0;1;0;0;0;0;2;1;0;0;0
"12/08/2025";"23:38:00";"86";"Com vítima";"517,800";"BR-116/RS";"Crescente";"Atropelamento de animal";0;0;0;1;0;0;0;0;0;0;0;1;0;0;0
"13/08/2025";"09:31:00";"26";"Com vítima";"464,000";"BR-116/RS";"Decrescente";"Colisão traseira";1;0;0;1;0;0;0;0;0;0;1;0;0;1;0
"15/08/2025";"13:43:00";"39";"Com vítima";"39,000";"BR-392/RS";"Crescente";"Atropelamento de pedestre";0;0;1;0;0;0;0;0;0;0;1;0;1;0;0
"15/08/2025";"17:31:00";"63";"Com vítima";"517,000";"BR-116/RS";"Decrescente";"Colisão transversal";1;0;0;1;0;0;0;0;0;0;2;0;1;0;0
"15/08/2025";"17:54:00";"67";"Com vítima";"58,600";"BR-392/RS";"Crescente";"Colisão traseira";0;0;2;0;0;0;0;0;0;0;2;0;0;1;0
"17/08/2025";"02:32:00";"8";"Sem vítima";"98,500";"BR-392/RS";"Crescente";"Colisão frontal";1;0;0;0;0;1;0;0;0;0;3;0;0;0;0
"18/08/2025";"08:18:00";"11";"Com vítima";"124,900";"BR-392/RS";"Decrescente";"Atropelamento de ciclista";1;1;0;0;0;0;0;0;0;0;3;0;0;0;0
"18/08/2025";"17:41:00";"51";"Com vítima";"112,500";"BR-392/RS";"Decrescente";"Colisão transversal";1;0;0;1;0;1;0;0;0;0;2;1;0;0;0
"19/08/2025";"07:59:00";"7";"Com vítima";"5,200";"BR-392/RS";"Crescente";"Queda de moto";1;0;0;0;0;0;0;0;0;0;0;1;0;0;0
"20/08/2025";"11:57:00";"28";"Com vítima";"41,200";"BR-392/RS";"Decrescente";"Colisão traseira";1;0;0;1;0;0;0;0;0;0;1;0;0;1;0
"21/08/2025";"08:27:00";"10";"Com vítima";"657,650";"BR-116/RS";"Decrescente";"Colisão transversal";0;0;1;1;0;0;0;0;0;0;2;0;0;1;0
"21/08/2025";"17:57:00";"62";"Com vítima";"19,000";"BR-392/RS";"Decrescente";"Colisão traseira";2;0;0;0;0;0;0;0;0;0;3;1;1;0;0
"22/08/2025";"21:02:00";"65";"Com vítima";"26,000";"BR-392/RS";"Crescente";"Saída de pista";0;0;0;0;0;1;0;0;0;0;0;0;1;0;0
"23/08/2025";"16:15:00";"56";"Sem vítima";"516,800";"BR-116/RS";"Crescente";"Colisão transversal";1;0;0;1;0;0;0;0;0;0;2;0;0;0;0
"24/08/2025";"08:35:00";"12";"Sem vítima";"117,500";"BR-392/RS";"Crescente";"Choque";1;0;0;0;0;0;0;0;0;0;1;0;0;0;0
"24/08/2025";"08:45:00";"13";"Sem vítima";"17,500";"BR-392/RS";"Decrescente";"Saída de pista";1;0;0;0;0;0;0;0;0;0;1;0;0;0;0
"24/08/2025";"10:19:00";"19";"Com vítima";"17,650";"BR-392/RS";"Crescente";"Atropelamento de ciclista";1;1;0;0;0;0;0;0;0;0;3;0;0;0;0
"24/08/2025";"14:53:00";"43";"Com vítima";"102,800";"BR-392/RS";"Decrescente";"Colisão traseira";0;0;0;0;0;3;0;0;0;0;1;0;2;0;0
"24/08/2025";"17:15:00";"51";"Com vítima";"652,500";"BR-116/RS";"Crescente";"Saída de pista";1;0;0;0;0;0;0;0;0;0;3;2;0;0;0
"24/08/2025";"17:27:00";"53";"Com vítima";"407,545";"BR-116/RS";"Decrescente";"Queda de moto";0;0;0;1;0;0;0;0;0;0;0;1;1;0;0
"24/08/2025";"19:31:00";"67";"Com vítima";"499,800";"BR-116/RS";"Decrescente";"Colisão traseira";1;0;0;1;0;0;0;0;0;0;2;0;1;0;0
"25/08/2025";"19:18:00";"76";"Sem vítima";"502,000";"BR-116/RS";"Crescente";"Choque";1;0;0;0;0;0;0;0;0;0;1;0;0;0;0
"25/08/2025";"21:34:00";"91";"Com vítima";"20,200";"BR-392/RS";"Decrescente";"Queda de moto";0;0;0;1;0;0;0;0;0;0;1;1;0;0;0
"27/08/2025";"19:34:00";"47";"Sem vítima";"27,200";"BR-392/RS";"Crescente";"Choque";0;0;0;0;0;1;0;0;0;0;1;0;0;0;0
"28/08/2025";"13:31:00";"46";"Com vítima";"528,200";"BR-116/RS";"Crescente";"Colisão traseira";1;0;0;1;0;0;0;0;0;0;1;0;0;1;0
"29/08/2025";"18:56:00";"85";"Com vítima";"524,000";"BR-116/RS";"Crescente";"Queda de moto";0;0;0;1;0;0;0;0;0;0;0;0;1;0;0
"30/08/2025";"14:47:00";"37";"Com vítima";"522,900";"BR-116/RS";"Crescente";"Colisão traseira";2;0;0;0;0;0;0;0;0;0;2;2;0;0;0
"31/08/2025";"01:29:00";"6";"Com vítima";"114,000";"BR-392/RS";"Crescente";"Choque";1;0;0;0;0;0;0;0;0;0;0;1;0;0;0
"31/08/2025";"04:38:00";"7";"Com vítima";"79,200";"BR-392/RS";"Crescente";"Saída de pista";1;0;0;0;0;0;0;0;0;0;0;0;1;0;0
"31/08/2025";"06:40:00";"9";"Com vítima";"5,100";"BR-392/RS";"Decrescente";"Colisão transversal";1;0;0;0;0;1;0;0;0;0;1;1;0;0;0
"31/08/2025";"20:52:00";"62";"Com vítima";"124,500";"BR-392/RS";"Crescente";"Saída de pista";0;0;0;1;0;0;0;0;0;0;0;0;0;0;1
"02/09/2025";"17:31:00";"55";"Com vítima";"5,000";"BR-392/RS";"Decrescente";"Colisão lateral no mesmo sentido";1;0;0;1;0;1;0;0;0;0;2;1;0;0;0
"03/09/2025";"15:37:00";"38";"Com vítima";"142,000";"BR-392/RS";"Crescente";"Saída de pista";1;0;0;0;0;0;0;0;0;0;0;1;0;0;0
"03/09/2025";"23:27:00";"73";"Com vítima";"455,000";"BR-116/RS";"Crescente";"Colisão traseira";1;0;0;0;0;1;0;0;0;0;1;1;0;0;0
"04/09/2025";"19:23:00";"91";"Com vítima";"453,800";"BR-116/RS";"Crescente";"Tombamento";0;0;0;0;0;1;0;0;0;0;0;0;1;0;0
"06/09/2025";"15:05:00";"39";"Com vítima";"73,200";"BR-392/RS";"Crescente";"Capotamento";1;1;0;0;0;0;0;0;0;0;0;1;0;0;0
"07/09/2025";"03:44:00";"6";"Com vítima";"442,100";"BR-116/RS";"Decrescente";"Atropelamento de animal";1;0;0;0;0;0;0;0;0;0;3;1;0;0;0
"07/09/2025";"10:08:00";"22";"Sem vítima";"583,800";"BR-116/RS";"Decrescente";"Saída de pista";1;0;0;0;0;0;0;0;0;0;1;0;0;0;0
"08/09/2025";"02:27:00";"4";"Sem vítima";"163,700";"BR-392/RS";"Crescente";"Atropelamento de animal";1;0;0;0;0;0;0;0;0;0;1;0;0;0;0
"08/09/2025";"05:00:00";"5";"Sem vítima";"120,000";"BR-392/RS";"Decrescente";"Saída de pista";1;0;0;0;0;0;0;0;0;0;1;0;0;0;0
"08/09/2025";"10:15:00";"23";"Sem vítima";"446,600";"BR-116/RS";"Decrescente";"Saída de pista";1;0;0;0;0;0;0;0;0;0;1;0;0;0;0
"10/09/2025";"17:52:00";"63";"Com vítima";"517,000";"BR-116/RS";"Crescente";"Colisão transversal";2;0;0;0;0;0;0;0;0;0;4;0;1;0;0
"10/09/2025";"17:57:00";"65";"Com vítima";"24,000";"BR-392/RS";"Decrescente";"Queda de bicicleta";0;1;0;0;0;1;0;0;0;0;1;1;0;0;0
"11/09/2025";"18:30:00";"65";"Com vítima";"485,000";"BR-116/RS";"Crescente";"Choque";0;0;0;1;0;0;0;0;0;0;0;1;0;0;0
"12/09/2025";"17:45:00";"59";"Com vítima";"485,800";"BR-116/RS";"Decrescente";"Colisão frontal";2;0;0;0;0;0;0;0;0;0;2;1;0;0;0
"12/09/2025";"19:09:00";"62";"Com vítima";"14,500";"BR-392/RS";"Decrescente";"Atropelamento de animal";0;0;0;1;0;0;0;0;0;0;0;0;0;1;0
"13/09/2025";"03:23:00";"6";"Com vítima";"560,000";"BR-116/RS";"Crescente";"Saída de pista";1;0;0;0;0;0;0;0;0;0;0;2;0;0;0
"13/09/2025";"11:56:00";"30";"Com vítima";"427,000";"BR-116/RS";"Crescente";"Queda de moto";0;0;0;1;0;0;0;0;0;0;1;0;1;0;0
"15/09/2025";"07:02:00";"13";"Com vítima";"525,300";"BR-116/RS";"Crescente";"Colisão traseira";0;0;0;1;0;1;0;0;0;0;1;0;0;0;1
"15/09/2025";"07:32:00";"19";"Com vítima";"6,000";"BR-392/RS";"Decrescente";"Queda de moto";0;0;0;1;0;0;0;0;0;0;0;1;0;0;0
"15/09/2025";"10:24:00";"33";"Com vítima";"658,700";"BR-116/RS";"Decrescente";"Colisão transversal";2;0;0;0;0;0;0;0;0;0;1;1;0;0;0
"15/09/2025";"16:45:00";"60";"Sem vítima";"427,000";"BR-116/RS";"Crescente";"Colisão transversal";1;0;1;0;0;0;0;0;0;0;3;0;0;0;0
"15/09/2025";"19:44:00";"75";"Com vítima";"117,500";"BR-392/RS";"Decrescente";"Colisão transversal";1;1;0;0;0;0;0;0;0;0;1;0;1;0;0
"16/09/2025";"07:40:00";"13";"Com vítima";"525,000";"BR-116/RS";"Decrescente";"Choque";0;0;0;1;0;0;0;0;0;0;0;0;0;0;1
"16/09/2025";"22:49:00";"68";"Com vítima";"32,000";"BR-392/RS";"Decrescente";"Colisão traseira";0;0;0;2;0;0;0;0;0;0;1;0;1;0;0
"17/09/2025";"17:58:00";"42";"Sem vítima";"510,600";"BR-116/RS";"Crescente";"Colisão traseira";1;0;0;0;0;1;0;0;0;0;2;0;0;0;0
"17/09/2025";"19:41:00";"51";"Com vítima";"657,000";"BR-116/RS";"Crescente";"Colisão transversal";1;0;0;1;0;0;0;0;0;0;1;0;1;0;0
"18/09/2025";"04:57:00";"5";"Sem vítima";"526,800";"BR-116/RS";"Decrescente";"Saída de pista";1;0;0;0;0;0;0;0;0;0;1;0;0;0;0
"18/09/2025";"17:36:00";"56";"Com vítima";"72,400";"BR-392/RS";"Crescente";"Colisão lateral no mesmo sentido";1;1;0;0;0;0;0;0;0;0;1;0;0;0;0
"19/09/2025";"16:30:00";"51";"Com vítima";"427,650";"BR-116/RS";"Crescente";"Colisão transversal";1;0;0;1;0;0;0;0;0;0;1;1;0;0;0
"20/09/2025";"15:40:00";"34";"Com vítima";"520,000";"BR-116/RS";"Decrescente";"Queda de moto";1;0;0;0;0;0;0;0;0;0;0;1;1;0;0
"20/09/2025";"21:15:00";"51";"Sem vítima";"502,800";"BR-116/RS";"Decrescente";"Saída de pista";1;0;0;0;0;0;0;0;0;0;5;0;0;0;0
"20/09/2025";"22:13:00";"54";"Sem vítima";"184,000";"BR-392/RS";"Crescente";"Atropelamento de animal";1;0;0;0;0;0;0;0;0;0;1;0;0;0;0
"22/09/2025";"15:51:00";"40";"Com vítima";"406,550";"BR-116/RS";"Decrescente";"Saída de pista";1;0;0;0;0;0;0;0;0;0;0;1;0;0;0
"22/09/2025";"17:31:00";"46";"Com vítima";"64,880";"BR-392/RS";"Crescente";"Saída de pista";1;0;0;0;0;1;0;0;0;0;1;1;0;0;0
"23/09/2025";"14:50:00";"39";"Com vítima";"520,500";"BR-116/RS";"Decrescente";"Colisão transversal";1;0;0;1;0;0;0;0;0;0;1;1;0;0;0
"25/09/2025";"11:28:00";"33";"Com vítima";"8,550";"BR-392/RS";"Decrescente";"Colisão transversal";0;0;0;0;0;2;0;0;0;0;1;1;0;0;0
"25/09/2025";"22:33:00";"87";"Sem vítima";"522,000";"BR-116/RS";"Crescente";"Colisão frontal";1;0;0;1;0;0;0;0;0;0;4;0;0;0;0
"27/09/2025";"10:45:00";"33";"Com vítima";"530,800";"BR-116/RS";"Crescente";"Saída de pista";1;0;0;0;0;0;0;0;0;0;1;2;1;0;0
"27/09/2025";"15:16:00";"54";"Com vítima";"526,500";"BR-116/RS";"Crescente";"Tombamento";0;0;0;0;0;1;0;0;0;0;0;1;1;0;0
"28/09/2025";"06:44:00";"6";"Com vítima";"62,000";"BR-392/RS";"Crescente";"Saída de pista";1;0;0;0;0;0;0;0;0;0;0;1;1;0;0
"29/09/2025";"17:27:00";"57";"Com vítima";"523,927";"BR-116/RS";"Decrescente";"Colisão lateral no mesmo sentido";0;1;0;0;0;1;0;0;0;0;1;0;0;0;0
"30/09/2025";"16:37:00";"44";"Com vítima";"502,500";"BR-116/RS";"Crescente";"Saída de pista";1;0;0;0;0;0;0;0;0;0;0;1;1;0;0
"02/10/2025";"12:06:00";"28";"Com vítima";"24,400";"BR-392/RS";"Decrescente";"Colisão transversal";1;0;0;1;0;0;0;0;0;0;2;0;1;0;0
"03/10/2025";"16:29:00";"55";"Com vítima";"519,300";"BR-116/RS";"Crescente";"Colisão transversal";1;0;0;1;0;0;0;0;0;0;1;1;0;0;0
"03/10/2025";"18:11:00";"61";"Com vítima";"427,300";"BR-116/RS";"Decrescente";"Colisão transversal";2;0;0;1;0;0;0;0;0;0;2;1;0;0;0
"04/10/2025";"05:19:00";"3";"Com vítima";"405,750";"BR-116/RS";"Crescente";"Saída de pista";1;0;0;0;0;0;0;0;0;0;0;0;1;0;0
"04/10/2025";"05:52:00";"4";"Com vítima";"405,750";"BR-116/RS";"Crescente";"Saída de pista";1;0;0;0;0;0;0;0;0;0;0;1;0;0;0
"04/10/2025";"13:25:00";"32";"Com vítima";"529,809";"BR-116/RS";"Decrescente";"Colisão transversal";1;0;0;1;0;0;0;0;0;0;1;1;1;0;0
"04/10/2025";"14:05:00";"34";"Com vítima";"402,500";"BR-116/RS";"Decrescente";"Atropelamento de ciclista";1;1;0;0;0;0;0;0;0;0;2;0;0;0;0
"04/10/2025";"20:31:00";"64";"Com vítima";"103,800";"BR-392/RS";"Crescente";"Saída de pista";1;0;0;0;0;0;0;0;0;0;0;2;0;0;0
"04/10/2025";"21:33:00";"70";"Com vítima";"425,300";"BR-116/RS";"Decrescente";"Queda de moto";0;0;0;1;0;0;0;0;0;0;0;0;0;1;0
"04/10/2025";"23:32:00";"74";"Com vítima";"627,500";"BR-116/RS";"Decrescente";"Capotamento";1;0;0;0;0;0;0;0;0;0;0;1;0;0;0
"07/10/2025";"05:12:00";"7";"Com vítima";"477,900";"BR-116/RS";"Crescente";"Choque";0;0;0;1;0;0;0;0;0;0;0;0;0;0;1
"08/10/2025";"12:36:00";"29";"Com vítima";"94,000";"BR-392/RS";"Decrescente";"Saída de pista";1;0;0;0;0;0;0;0;0;0;1;1;0;0;0
"08/10/2025";"22:41:00";"57";"Sem vítima";"498,500";"BR-116/RS";"Decrescente";"Saída de pista";1;0;0;0;0;0;0;0;0;0;1;0;0;0;0
"09/10/2025";"11:22:00";"25";"Com vítima";"42,550";"BR-392/RS";"Decrescente";"Queda de moto";0;0;0;1;0;0;0;0;0;0;0;1;0;0;0
"10/10/2025";"18:32:00";"49";"Com vítima";"427,500";"BR-116/RS";"Crescente";"Colisão transversal";1;0;0;1;0;0;0;0;0;0;1;1;0;0;0
"11/10/2025";"09:48:00";"23";"Com vítima";"57,650";"BR-392/RS";"Decrescente";"Queda de moto";0;0;0;1;0;0;0;0;0;0;0;0;2;0;0
"12/10/2025";"03:04:00";"3";"Com vítima";"6,500";"BR-392/RS";"Crescente";"Capotamento";1;0;0;0;0;0;0;0;0;0;0;1;0;0;0
"13/10/2025";"22:17:00";"70";"Com vítima";"434,700";"BR-116/RS";"Decrescente";"Saída de pista";0;0;0;0;0;1;0;0;0;0;0;1;0;0;0