data;horario;n_da_ocorrencia;tipo_de_ocorrencia;km;trecho;sentido;tipo_de_acidente;automovel;bicicleta;caminhao;moto;onibus;outros;tracao_animal;transporte_de_cargas_especiais;trator_maquinas;utilitarios;ilesos;levemente_feridos;moderadamente_feridos;gravemente_feridos;mortos
"15/10/2025";"06:25:00";"7";"Com vítima";"560,730";"BR-116/RS";"Decrescente";"Colisão lateral em sentido contrário";1;0;0;0;0;1;0;0;0;0;1;0;0;1;0
"17/10/2025";"04:38:00";"6";"Com vítima";"3,300";"BR-392/RS";"Crescente";"Colisão lateral em sentido contrário";1;0;0;0;0;1;0;0;0;0;1;0;1;0;0
"17/10/2025";"06:35:00";"12";"Com vítima";"20,200";"BR-392/RS";"Crescente";"Colisão traseira";0;0;0;1;0;1;0;0;0;0;1;1;0;0;0
"17/10/2025";"21:54:00";"63";"Com vítima";"537,500";"BR-116/RS";"Crescente";"Saída de pista";0;0;0;0;0;1;0;0;0;0;0;0;1;0;0
"18/10/2025";"01:11:00";"3";"Com vítima";"6,000";"BR-392/RS";"Decrescente";"Colisão traseira";1;0;1;0;0;0;0;0;0;0;1;0;1;0;0
"18/10/2025";"10:55:00";"23";"Sem vítima";"8,900";"BR-392/RS";"Decrescente";"Colisão lateral no mesmo sentido";1;0;0;0;0;1;0;0;0;0;3;0;0;0;0
"18/10/2025";"13:41:00";"31";"Com vítima";"511,400";"BR-116/RS";"Crescente";"Choque";2;0;0;0;0;0;0;0;0;0;4;0;1;0;0
"19/10/2025";"04:14:00";"9";"Com vítima";"41,400";"BR-392/RS";"Decrescente";"Saída de pista";1;0;0;0;0;0;0;0;0;0;1;0;1;0;0
"20/10/2025";"05:41:00";"4";"Com vítima";"594,000";"BR-116/RS";"Decrescente";"Saída de pista";1;0;0;0;0;0;0;0;0;0;0;1;0;0;0
"20/10/2025";"21:08:00";"70";"Sem vítima";"655,000";"BR-116/RS";"Crescente";"Atropelamento de animal";1;0;0;0;0;0;0;0;0;0;2;0;0;0;0
"22/10/2025";"11:55:00";"24";"Com vítima";"524,500";"BR-116/RS";"Crescente";"Colisão transversal";0;0;1;1;0;0;0;0;0;0;1;2;0;0;0
"22/10/2025";"14:09:00";"29";"Com vítima";"523,600";"BR-116/RS";"Decrescente";"Tombamento";0;0;0;0;0;1;0;0;0;0;0;0;1;0;0
"24/10/2025";"03:42:00";"1";"Sem vítima";"5,800";"BR-392/RS";"Crescente";"Colisão transversal";1;0;0;0;0;1;0;0;0;0;2;0;0;0;0
"28/10/2025";"06:45:00";"8";"Com vítima";"12,100";"BR-392/RS";"Decrescente";"Colisão lateral no mesmo sentido";1;0;0;0;0;1;0;0;0;0;1;1;0;0;0
"28/10/2025";"15:36:00";"40";"Com vítima";"97,000";"BR-392/RS";"Crescente";"Tombamento";0;0;0;0;0;1;0;0;0;0;0;0;1;0;0
"29/10/2025";"11:27:00";"22";"Sem vítima";"118,200";"BR-392/RS";"Decrescente";"Colisão transversal";2;0;0;0;0;0;0;0;0;0;2;0;0;0;0
"29/10/2025";"12:22:00";"26";"Com vítima";"119,900";"BR-392/RS";"Crescente";"Saída de pista";1;0;0;0;0;0;0;0;0;0;0;1;0;0;0
"31/10/2025";"13:49:00";"63";"Com vítima";"460,600";"BR-116/RS";"Crescente";"Atropelamento de pedestre";2;0;0;0;0;0;0;0;0;0;1;0;1;0;0
"31/10/2025";"14:24:00";"68";"Com vítima";"61,600";"BR-392/RS";"Decrescente";"Saída de pista";0;0;0;1;0;0;0;0;0;0;0;0;1;0;0
"01/11/2025";"00:16:00";"1";"Sem vítima";"471,400";"BR-116/RS";"Crescente";"Saída de pista";0;0;0;0;0;1;0;0;0;0;1;0;0;0;0
"01/11/2025";"17:22:00";"68";"Com vítima";"485,900";"BR-116/RS";"Decrescente";"Colisão traseira";2;0;0;0;0;0;0;0;0;0;5;1;0;1;0
"02/11/2025";"09:00:00";"18";"Com vítima";"81,000";"BR-392/RS";"Decrescente";"Queda de moto";1;0;0;0;0;0;0;0;0;0;0;1;0;0;0
"08/11/2025";"06:53:00";"14";"Sem vítima";"25,038";"BR-392/RS";"Crescente";"Saída de pista";1;0;0;0;0;0;0;0;0;0;3;0;0;0;0
"13/11/2025";"07:49:00";"19";"Com vítima";"15,400";"BR-392/RS";"Decrescente";"Colisão traseira";2;0;0;0;0;1;0;0;0;0;2;0;0;2;0
"13/11/2025";"13:11:00";"60";"Com vítima";"8,500";"BR-392/RS";"Decrescente";"Colisão transversal";0;0;0;1;0;1;0;0;0;0;2;1;0;0;0
"14/11/2025";"07:49:00";"4";"Com vítima";"9,900";"BR-392/RS";"Decrescente";"Colisão traseira";0;0;1;1;0;0;0;0;0;0;1;0;0;0;1
"14/11/2025";"14:49:00";"31";"Com vítima";"10,500";"BR-392/RS";"Decrescente";"Colisão traseira";0;0;0;0;0;3;0;0;0;0;1;0;1;0;1
"14/11/2025";"17:18:00";"36";"Com vítima";"427,000";"BR-116/RS";"Decrescente";"Colisão transversal";2;0;0;0;0;0;0;0;0;0;5;1;0;0;0
"15/11/2025";"10:29:00";"34";"Com vítima";"114,000";"BR-392/RS";"Decrescente";"Saída de pista";1;0;0;0;0;0;0;0;0;0;0;1;0;0;0
"15/11/2025";"15:14:00";"65";"Com vítima";"119,100";"BR-392/RS";"Decrescente";"Saída de pista";0;0;0;0;0;1;0;0;0;0;0;1;1;0;0
"15/11/2025";"16:48:00";"74";"Com vítima";"113,100";"BR-392/RS";"Crescente";"Tombamento";0;0;0;1;0;0;0;0;0;0;0;2;0;0;0
"16/11/2025";"11:25:00";"26";"Com vítima";"67,015";"BR-392/RS";"Crescente";"Queda de moto";0;0;0;1;0;0;0;0;0;0;1;1;0;0;0
"16/11/2025";"16:05:00";"51";"Com vítima";"79,150";"BR-392/RS";"Decrescente";"Saída de pista";1;0;0;0;0;0;0;0;0;0;0;1;0;0;0
"17/11/2025";"07:41:00";"9";"Com vítima";"519,250";"BR-116/RS";"Crescente";"Colisão transversal";0;1;0;1;0;0;0;0;0;0;1;0;0;0;0
"17/11/2025";"07:56:00";"11";"Sem vítima";"637,900";"BR-116/RS";"Decrescente";"Saída de pista";1;0;0;0;0;0;0;0;0;0;1;0;0;0;0
"17/11/2025";"14:23:00";"44";"Com vítima";"621,350";"BR-116/RS";"Crescente";"Saída de pista";1;0;0;0;0;0;0;0;0;0;1;0;1;0;0
"17/11/2025";"15:04:00";"49";"Com vítima";"505,150";"BR-116/RS";"Decrescente";"Saída de pista";0;0;0;0;0;1;0;0;0;0;0;0;1;0;0
"17/11/2025";"16:06:00";"54";"Com vítima";"528,400";"BR-116/RS";"Crescente";"Colisão transversal";1;0;0;1;0;0;0;0;0;0;1;0;1;0;0
"17/11/2025";"16:27:00";"55";"Com vítima";"21,150";"BR-392/RS";"Decrescente";"Saída de pista";1;0;0;0;0;0;0;0;0;0;0;1;0;0;0
"19/11/2025";"22:41:00";"70";"Com vítima";"447,200";"BR-116/RS";"Decrescente";"Queda de moto";0;0;0;1;0;0;0;0;0;0;0;0;2;0;0
"22/11/2025";"03:47:00";"1";"Com vítima";"491,800";"BR-116/RS";"Crescente";"Saída de pista";0;0;1;0;0;0;0;0;0;0;0;0;1;0;0
"23/11/2025";"04:00:00";"5";"Com vítima";"462,400";"BR-116/RS";"Crescente";"Saída de pista";1;0;0;0;0;0;0;0;0;0;0;1;0;0;0
"23/11/2025";"09:50:00";"14";"Sem vítima";"53,000";"BR-392/RS";"Decrescente";"Saída de pista";1;0;0;0;0;0;0;0;0;0;1;0;0;0;0
"23/11/2025";"20:18:00";"50";"Sem vítima";"36,000";"BR-392/RS";"Crescente";"Queda de moto";0;0;0;1;0;0;0;0;0;0;2;0;0;0;0
"23/11/2025";"21:19:00";"52";"Com vítima";"529,000";"BR-116/RS";"Decrescente";"Queda de moto";0;0;0;1;0;0;0;0;0;0;0;0;1;0;0
"24/11/2025";"05:53:00";"6";"Com vítima";"473,100";"BR-116/RS";"Decrescente";"Queda de moto";0;0;0;1;0;0;0;0;0;0;0;0;0;1;1
"24/11/2025";"19:59:00";"53";"Com vítima";"431,000";"BR-116/RS";"Crescente";"Saída de pista";0;0;1;0;0;0;0;0;0;0;1;0;1;0;0
"27/11/2025";"17:25:00";"49";"Com vítima";"508,750";"BR-116/RS";"Decrescente";"Saída de pista";0;0;1;0;0;0;0;0;0;0;1;1;0;0;0
"28/11/2025";"17:52:00";"68";"Com vítima";"66,850";"BR-392/RS";"Crescente";"Colisão transversal";0;0;0;1;1;0;0;0;0;0;1;1;0;0;0
"30/11/2025";"07:21:00";"22";"Com vítima";"521,600";"BR-116/RS";"Crescente";"Saída de pista";1;0;0;0;0;0;0;0;0;0;0;0;1;0;0
"30/11/2025";"16:54:00";"53";"Com vítima";"80,750";"BR-392/RS";"Crescente";"Colisão lateral em sentido contrário";1;0;0;0;0;1;0;0;0;0;1;3;1;0;0
"30/11/2025";"19:17:00";"68";"Com vítima";"521,100";"BR-116/RS";"Decrescente";"Capotamento";1;0;0;0;0;0;0;0;0;0;1;2;0;0;0
"30/11/2025";"21:46:00";"75";"Com vítima";"417,820";"BR-116/RS";"Decrescente";"Atropelamento de animal";0;0;0;1;0;0;0;0;0;0;0;1;0;0;0
"02/12/2025";"00:01:00";"1";"Com vítima";"657,500";"BR-116/RS";"Decrescente";"Colisão transversal";0;0;0;1;0;1;0;0;0;0;1;0;1;0;0
"02/12/2025";"00:02:00";"2";"Com vítima";"26,800";"BR-392/RS";"Decrescente";"Saída de pista";1;0;0;0;0;0;0;0;0;0;0;0;1;0;0
"03/12/2025";"09:07:00";"17";"Com vítima";"533,440";"BR-116/RS";"Crescente";"Acidentes de outra natureza";1;0;0;0;0;0;0;0;0;0;0;0;1;0;0
"04/12/2025";"04:10:00";"7";"Sem vítima";"546,000";"BR-116/RS";"Crescente";"Atropelamento de animal";1;0;0;0;0;0;0;0;0;0;5;0;0;0;0
"04/12/2025";"05:39:00";"10";"Com vítima";"529,700";"BR-116/RS";"Crescente";"Queda de moto";0;0;0;1;0;0;0;0;0;0;0;0;1;0;0
"05/12/2025";"17:43:00";"47";"Com vítima";"90,200";"BR-392/RS";"Crescente";"Saída de pista";1;0;0;0;0;0;0;0;0;0;0;0;4;0;0
"05/12/2025";"21:01:00";"57";"Com vítima";"86,200";"BR-392/RS";"Decrescente";"Saída de pista";0;0;0;1;0;0;0;0;0;0;0;1;0;0;0
"06/12/2025";"17:04:00";"62";"Com vítima";"523,350";"BR-116/RS";"Decrescente";"Saída de pista";0;0;0;1;0;0;0;0;0;0;0;0;1;0;0
"07/12/2025";"11:31:00";"34";"Com vítima";"541,000";"BR-116/RS";"Crescente";"Queda de moto";0;0;0;1;0;0;0;0;0;0;0;0;1;0;0
"07/12/2025";"13:55:00";"37";"Com vítima";"523,550";"BR-116/RS";"Decrescente";"Queda de moto";0;0;0;1;0;0;0;0;0;0;0;0;1;0;0
"08/12/2025";"03:42:00";"7";"Com vítima";"65,000";"BR-392/RS";"Decrescente";"Saída de pista";0;0;1;0;0;0;0;0;0;0;1;1;0;0;0
"08/12/2025";"06:42:00";"16";"Com vítima";"72,100";"BR-392/RS";"Crescente";"Queda de moto";0;0;0;1;0;0;0;0;0;0;0;0;0;1;0
"08/12/2025";"10:32:00";"34";"Com vítima";"32,000";"BR-392/RS";"Decrescente";"Colisão traseira";0;0;0;2;0;0;0;0;0;0;1;0;0;0;1
"08/12/2025";"14:03:00";"44";"Com vítima";"67,000";"BR-392/RS";"Crescente";"Colisão lateral no mesmo sentido";1;1;0;0;0;0;0;0;0;0;1;0;0;0;0
"10/12/2025";"06:00:00";"7";"Com vítima";"525,800";"BR-116/RS";"Decrescente";"Choque";1;0;0;0;0;0;0;0;0;0;0;0;0;1;0
"10/12/2025";"07:36:00";"13";"Com vítima";"532,420";"BR-116/RS";"Crescente";"Queda de moto";0;0;0;1;0;0;0;0;0;0;0;0;1;0;0
"11/12/2025";"21:52:00";"84";"Com vítima";"116,900";"BR-392/RS";"Crescente";"Atropelamento de pedestre";1;0;0;0;0;0;0;0;0;0;2;0;0;0;1
"12/12/2025";"04:53:00";"7";"Com vítima";"408,300";"BR-116/RS";"Decrescente";"Atropelamento de pedestre";0;0;0;0;0;1;0;0;0;0;1;0;0;0;1
"12/12/2025";"22:16:00";"93";"Com vítima";"76,000";"BR-392/RS";"Crescente";"Colisão transversal";2;0;0;0;0;0;0;0;0;0;0;0;0;2;0
"13/12/2025";"03:44:00";"3";"Com vítima";"658,000";"BR-116/RS";"Crescente";"Colisão transversal";2;0;0;0;0;0;0;0;0;0;2;1;0;0;0
"13/12/2025";"12:18:00";"40";"Com vítima";"588,550";"BR-116/RS";"Decrescente";"Colisão traseira";1;0;1;0;0;0;0;0;0;0;4;0;1;0;0
"13/12/2025";"21:37:00";"77";"Com vítima";"80,450";"BR-392/RS";"Crescente";"Saída de pista";0;0;0;0;0;1;0;0;0;0;0;1;0;1;0
"13/12/2025";"22:43:00";"83";"Com vítima";"117,300";"BR-392/RS";"Crescente";"Saída de pista";1;0;0;0;0;0;0;0;0;0;0;1;0;0;0
"14/12/2025";"00:08:00";"1";"Com vítima";"79,800";"BR-392/RS";"Crescente";"Saída de pista";0;0;0;0;1;0;0;0;0;0;0;0;1;0;0
"14/12/2025";"21:37:00";"74";"Com vítima";"526,000";"BR-116/RS";"Decrescente";"Colisão transversal";2;0;0;0;0;0;0;0;0;0;6;1;0;0;0
"14/12/2025";"21:53:00";"79";"Com vítima";"430,000";"BR-116/RS";"Crescente";"Queda de moto";0;0;0;1;0;0;0;0;0;0;0;1;0;0;0
"14/12/2025";"23:26:00";"86";"Com vítima";"61,000";"BR-392/RS";"Decrescente";"Saída de pista";1;0;0;0;0;0;0;0;0;0;0;2;0;0;0
"15/12/2025";"23:36:00";"116";"Com vítima";"99,400";"BR-392/RS";"Decrescente";"Saída de pista";0;0;0;0;0;1;0;0;0;0;0;0;1;0;0
"16/12/2025";"07:29:00";"10";"Com vítima";"120,750";"BR-392/RS";"Crescente";"Colisão traseira";1;0;0;0;0;0;0;0;0;0;1;0;2;0;0
"16/12/2025";"09:47:00";"17";"Com vítima";"80,900";"BR-392/RS";"Decrescente";"Tombamento";0;0;0;0;0;1;0;0;0;0;0;0;1;0;0
"16/12/2025";"23:32:00";"60";"Com vítima";"519,000";"BR-116/RS";"Decrescente";"Queda de moto";0;0;0;1;0;0;0;0;0;0;0;0;1;0;0
"16/12/2025";"23:57:00";"63";"Com vítima";"19,900";"BR-392/RS";"Crescente";"Colisão traseira";2;0;0;0;0;0;0;0;0;0;4;0;1;0;0
"17/12/2025";"08:35:00";"16";"Com vítima";"530,000";"BR-116/RS";"Decrescente";"Colisão transversal";1;0;0;0;0;1;0;0;0;0;1;1;1;0;0
"17/12/2025";"22:01:00";"79";"Com vítima";"35,100";"BR-392/RS";"Decrescente";"Atropelamento de pedestre";0;0;0;0;0;1;0;0;0;0;1;0;1;0;0
"18/12/2025";"06:09:00";"12";"Com vítima";"41,150";"BR-392/RS";"Decrescente";"Saída de pista";1;0;0;0;0;0;0;0;0;0;0;0;1;0;0
"18/12/2025";"21:03:00";"96";"Com vítima";"77,900";"BR-392/RS";"Crescente";"Choque";0;0;0;1;0;0;0;0;0;0;0;0;1;0;0
"20/12/2025";"04:04:00";"6";"Sem vítima";"624,000";"BR-116/RS";"Decrescente";"Atropelamento de animal";0;0;1;0;0;0;0;0;0;0;1;0;0;0;0
"21/12/2025";"19:13:00";"70";"Com vítima";"4,600";"BR-392/RS";"Decrescente";"Queda de moto";0;0;0;1;0;0;0;0;0;0;0;0;1;0;0
"21/12/2025";"19:24:00";"71";"Com vítima";"122,150";"BR-392/RS";"Crescente";"Tombamento";0;0;0;0;0;1;0;0;0;0;0;0;1;0;0
"22/12/2025";"17:38:00";"82";"Com vítima";"442,850";"BR-116/RS";"Decrescente";"Saída de pista";0;0;1;0;0;0;0;0;0;0;0;0;1;0;0
"23/12/2025";"17:14:00";"59";"Sem vítima";"563,500";"BR-116/RS";"Decrescente";"Colisão transversal";2;0;0;0;0;0;0;0;0;0;5;0;0;0;0
"24/12/2025";"15:42:00";"41";"Com vítima";"26,900";"BR-392/RS";"Crescente";"Saída de pista";1;0;0;0;0;0;0;0;0;0;1;1;2;0;0
"24/12/2025";"17:19:00";"49";"Sem vítima";"628,470";"BR-116/RS";"Decrescente";"Saída de pista";1;0;0;0;0;0;0;0;0;0;1;0;0;0;0
"25/12/2025";"04:00:00";"9";"Com vítima";"126,200";"BR-392/RS";"Decrescente";"Saída de pista";1;0;0;0;0;0;0;0;0;0;1;0;1;0;0
"25/12/2025";"11:37:00";"27";"Com vítima";"520,700";"BR-116/RS";"Crescente";"Choque";1;0;0;0;0;0;0;0;0;0;0;0;1;0;0
"27/12/2025";"05:58:00";"6";"Sem vítima";"131,000";"BR-392/RS";"Crescente";"Saída de pista";1;0;0;0;0;0;0;0;0;0;1;0;0;0;0
"27/12/2025";"12:59:00";"31";"Com vítima";"18,000";"BR-392/RS";"Decrescente";"Colisão transversal";0;0;0;2;0;0;0;0;0;0;1;0;1;0;0
"29/12/2025";"07:20:00";"14";"Com vítima";"9,000";"BR-392/RS";"Decrescente";"Colisão traseira";2;0;0;0;0;0;0;0;0;0;2;0;1;0;0
"31/12/2025";"16:05:00";"43";"Com vítima";"457,750";"BR-116/RS";"Crescente";"Queda de moto";0;0;0;1;0;0;0;0;0;0;0;0;0;1;0
"02/01/2026";"06:54:00";"11";"Com vítima";"563,500";"BR-116/RS";"Crescente";"Colisão transversal";1;0;0;1;0;0;0;0;0;0;2;0;0;1;0
"02/01/2026";"11:24:00";"36";"Com vítima";"491,000";"BR-116/RS";"Decrescente";"Colisão frontal";0;0;0;0;1;2;0;0;0;0;4;7;2;2;11
"04/01/2026";"16:50:00";"57";"Com vítima";"25,000";"BR-392/RS";"Crescente";"Atropelamento de animal";0;0;0;1;0;0;0;0;0;0;0;0;1;0;0
"04/01/2026";"17:20:00";"62";"Com vítima";"429,000";"BR-116/RS";"Decrescente";"Queda de moto";0;0;0;1;0;0;0;0;0;0;0;2;0;0;0
"04/01/2026";"20:00:00";"77";"Com vítima";"109,000";"BR-392/RS";"Decrescente";"Saída de pista";1;0;0;0;0;0;0;0;0;0;0;1;0;0;0
"10/01/2026";"04:32:00";"5";"Com vítima";"518,500";"BR-116/RS";"Crescente";"Atropelamento de animal";1;0;0;0;0;0;0;0;0;0;0;1;0;0;0
"10/01/2026";"06:59:00";"6";"Sem vítima";"471,800";"BR-116/RS";"Crescente";"Saída de pista";0;0;1;0;0;0;0;0;0;0;1;0;0;0;0
"11/01/2026";"20:53:00";"65";"Sem vítima";"67,000";"BR-392/RS";"Crescente";"Colisão traseira";2;0;0;0;0;0;0;0;0;0;4;0;0;0;0
"15/01/2026";"08:21:00";"26";"Com vítima";"478,300";"BR-116/RS";"Crescente";"Saída de pista";1;0;0;0;0;1;0;0;0;0;1;1;0;0;0
"15/01/2026";"22:08:00";"119";"Com vítima";"530,000";"BR-116/RS";"Crescente";"Colisão transversal";1;0;0;0;0;1;0;0;0;0;1;1;0;0;0
"18/01/2026";"13:57:00";"45";"Sem vítima";"19,600";"BR-392/RS";"Crescente";"Choque";1;0;0;0;0;0;0;0;0;0;1;0;0;0;0
"21/01/2026";"18:21:00";"51";"Com vítima";"517,000";"BR-116/RS";"Crescente";"Colisão transversal";1;0;0;1;0;0;0;0;0;0;1;1;0;0;0
"22/01/2026";"06:21:00";"7";"Com vítima";"189,000";"BR-392/RS";"Decrescente";"Colisão transversal";1;0;0;0;0;1;0;0;0;0;1;0;0;1;0
"22/01/2026";"10:14:00";"23";"Com vítima";"613,000";"BR-116/RS";"Crescente";"Queda de moto";0;0;0;1;0;0;0;0;0;0;0;1;0;0;0
"23/01/2026";"07:27:00";"8";"Com vítima";"8,000";"BR-392/RS";"Crescente";"Colisão traseira";1;0;0;1;0;0;0;0;0;0;1;0;1;0;0
"23/01/2026";"10:53:00";"28";"Com vítima";"55,860";"BR-392/RS";"Crescente";"Queda de moto";0;0;0;1;0;0;0;0;0;0;0;0;2;0;0
"23/01/2026";"10:59:00";"29";"Com vítima";"430,800";"BR-116/RS";"Decrescente";"Colisão traseira";2;0;0;0;0;0;0;0;0;0;5;1;0;0;0
"23/01/2026";"17:10:00";"66";"Com vítima";"20,500";"BR-392/RS";"Decrescente";"Saída de pista";1;0;0;0;0;0;0;0;0;0;2;0;1;0;0
"24/01/2026";"11:50:00";"37";"Com vítima";"56,850";"BR-392/RS";"Decrescente";"Queda de moto";0;0;0;1;0;0;0;0;0;0;0;0;1;0;0
"25/01/2026";"06:23:00";"19";"Com vítima";"16,000";"BR-392/RS";"Crescente";"Acidentes de outra natureza";0;0;0;1;0;0;0;0;0;0;1;1;0;0;0
"25/01/2026";"22:42:00";"101";"Sem vítima";"117,700";"BR-392/RS";"Crescente";"Choque";1;0;0;0;0;0;0;0;0;0;1;0;0;0;0
"27/01/2026";"05:33:00";"8";"Com vítima";"519,000";"BR-116/RS";"Crescente";"Queda de moto";0;0;0;1;0;0;0;0;0;0;0;1;0;0;0
"28/01/2026";"16:36:00";"44";"Sem vítima";"6,450";"BR-392/RS";"Crescente";"Colisão traseira";3;0;0;0;0;1;0;0;0;0;5;0;0;0;0
"01/02/2026";"21:31:00";"81";"Com vítima";"37,000";"BR-392/RS";"Crescente";"Queda de moto";0;0;0;1;0;0;0;0;0;0;0;0;1;0;0
"02/02/2026";"00:23:00";"2";"Com vítima";"505,600";"BR-116/RS";"Crescente";"Atropelamento de animal";1;0;0;0;0;0;0;0;0;0;3;0;2;0;0
"02/02/2026";"16:59:00";"39";"Com vítima";"521,100";"BR-116/RS";"Decrescente";"Choque";1;0;0;0;0;0;0;0;0;0;0;2;1;0;0
"03/02/2026";"02:51:00";"2";"Com vítima";"73,700";"BR-392/RS";"Crescente";"Engavetamento";3;0;0;0;0;0;0;0;0;0;4;2;0;0;0
"06/02/2026";"09:14:00";"19";"Com vítima";"521,000";"BR-116/RS";"Decrescente";"Colisão transversal";0;0;1;1;0;0;0;0;0;0;1;0;1;0;0
"06/02/2026";"17:24:00";"62";"Sem vítima";"530,000";"BR-116/RS";"Crescente";"Colisão transversal";2;0;0;0;0;0;0;0;0;0;3;0;0;0;0
"07/02/2026";"02:55:00";"5";"Sem vítima";"644,500";"BR-116/RS";"Crescente";"Saída de pista";1;0;0;0;0;0;0;0;0;0;1;0;0;0;0
"07/02/2026";"10:36:00";"29";"Com vítima";"517,000";"BR-116/RS";"Crescente";"Colisão transversal";1;0;0;1;0;0;0;0;0;0;1;0;1;0;0
"09/02/2026";"12:53:00";"32";"Com vítima";"519,500";"BR-116/RS";"Decrescente";"Colisão lateral no mesmo sentido";0;0;0;1;1;0;0;0;0;0;1;0;1;0;0
"11/02/2026";"17:33:00";"70";"Com vítima";"13,550";"BR-392/RS";"Crescente";"Colisão lateral no mesmo sentido";1;0;0;1;0;0;0;0;0;0;1;0;1;0;0
"12/02/2026";"04:11:00";"8";"Com vítima";"503,000";"BR-116/RS";"Crescente";"Tombamento";0;0;1;0;0;0;0;0;0;0;0;1;0;0;0
"12/02/2026";"23:42:00";"87";"Com vítima";"558,700";"BR-116/RS";"Decrescente";"Atropelamento de animal";0;0;0;0;0;1;0;0;0;0;1;2;2;0;0
"13/02/2026";"07:24:00";"7";"Com vítima";"527,500";"BR-116/RS";"Decrescente";"Colisão lateral no mesmo sentido";0;0;0;2;0;0;0;0;0;0;1;0;1;0;0
"15/02/2026";"05:24:00";"10";"Com vítima";"487,700";"BR-116/RS";"Decrescente";"Colisão frontal";2;0;0;0;0;0;0;0;0;0;2;0;1;2;0
"16/02/2026";"16:56:00";"59";"Com vítima";"20,600";"BR-392/RS";"Decrescente";"Tombamento";0;0;0;1;0;0;0;0;0;0;0;1;0;0;0
"18/02/2026";"18:28:00";"67";"Com vítima";"8,539";"BR-392/RS";"Decrescente";"Queda de moto";0;0;0;1;0;0;0;0;0;0;0;1;0;0;0
"19/02/2026";"14:44:00";"39";"Com vítima";"519,370";"BR-116/RS";"Crescente";"Tombamento";0;0;0;1;0;0;0;0;0;0;0;0;1;0;0
"20/02/2026";"11:01:00";"30";"Com vítima";"455,600";"BR-116/RS";"Decrescente";"Colisão lateral no mesmo sentido";1;0;0;0;0;0;0;0;1;0;2;1;0;0;0
"20/02/2026";"21:08:00";"72";"Com vítima";"42,250";"BR-392/RS";"Decrescente";"Atropelamento de ciclista";1;1;0;0;0;0;0;0;0;0;2;0;0;0;0
"21/02/2026";"09:11:00";"10";"Com vítima";"504,850";"BR-116/RS";"Crescente";"Queda de bicicleta";0;1;0;0;0;0;0;0;0;0;0;0;0;0;0
"22/02/2026";"05:21:00";"7";"Com vítima";"116,300";"BR-392/RS";"Decrescente";"Colisão transversal";2;0;0;0;0;0;0;0;0;0;1;0;0;1;0
"22/02/2026";"09:35:00";"20";"Com vítima";"96,500";"BR-392/RS";"Crescente";"Queda de moto";0;0;0;1;0;0;0;0;0;0;0;0;1;0;0
"22/02/2026";"12:24:00";"39";"Com vítima";"507,100";"BR-116/RS";"Crescente";"Saída de pista";1;0;0;0;0;0;0;0;0;0;0;0;1;3;1
"22/02/2026";"21:26:00";"85";"Com vítima";"112,800";"BR-392/RS";"Decrescente";"Atropelamento de pedestre";1;0;0;0;0;0;0;0;0;0;2;0;0;0;2
"23/02/2026";"18:30:00";"66";"Com vítima";"529,600";"BR-116/RS";"Decrescente";"Colisão transversal";1;0;0;1;0;0;0;0;0;0;2;0;1;0;0
"25/02/2026";"12:15:00";"17";"Com vítima";"40,550";"BR-392/RS";"Decrescente";"Choque";0;0;0;1;0;0;0;0;0;0;0;1;0;0;0
"26/02/2026";"05:02:00";"4";"Com vítima";"118,100";"BR-392/RS";"Crescente";"Queda de moto";0;0;0;1;0;0;0;0;0;0;0;0;1;0;0
"26/02/2026";"13:47:00";"33";"Com vítima";"456,500";"BR-116/RS";"Decrescente";"Saída de pista";0;0;1;0;0;0;0;0;0;0;0;1;0;0;0
"27/02/2026";"22:48:00";"60";"Com vítima";"521,200";"BR-116/RS";"Crescente";"Colisão traseira";1;0;0;1;0;0;0;0;0;0;1;0;0;1;0
"28/02/2026";"19:37:00";"57";"Sem vítima";"519,200";"BR-116/RS";"Decrescente";"Colisão transversal";1;0;0;1;0;0;0;0;0;0;6;0;0;0;0